Stock_A,Stock_B,Correlation,Industry_A,Industry_B,Same_Industry
LRCX,MU,0.8147132390016313,Semiconductor Equipment & Materials,Semiconductors,False
KLAC,MU,0.7398184901924376,Semiconductor Equipment & Materials,Semiconductors,False
ADP,CTAS,0.7336857111644324,Software - Application,Specialty Business Services,False
CDNS,SNPS,0.7246046397545387,Software - Application,Software - Infrastructure,False
ADI,KLAC,0.7228701474199087,Semiconductors,Semiconductor Equipment & Materials,False
ADI,LRCX,0.7153828849992003,Semiconductors,Semiconductor Equipment & Materials,False
KLAC,QCOM,0.7150823847824422,Semiconductor Equipment & Materials,Semiconductors,False
AMAT,MU,0.7064235190543487,Semiconductor Equipment & Materials,Semiconductors,False
LRCX,NXPI,0.7035895000072235,Semiconductor Equipment & Materials,Semiconductors,False
KLAC,NXPI,0.6961953677722053,Semiconductor Equipment & Materials,Semiconductors,False
LRCX,QCOM,0.6933450739782572,Semiconductor Equipment & Materials,Semiconductors,False
BKR,FANG,0.6924860701939268,Oil & Gas Equipment & Services,Oil & Gas E&P,False
ASML,MU,0.6905392815590976,Semiconductor Equipment & Materials,Semiconductors,False
CTAS,PAYX,0.6840465510847321,Specialty Business Services,Software - Application,False
AVGO,KLAC,0.6799798789152731,Semiconductors,Semiconductor Equipment & Materials,False
ARM,LRCX,0.6772900430798949,Semiconductors,Semiconductor Equipment & Materials,False
ARM,KLAC,0.6752001236200117,Semiconductors,Semiconductor Equipment & Materials,False
ADI,AMAT,0.6750006438170391,Semiconductors,Semiconductor Equipment & Materials,False
LRCX,NVDA,0.672903192523056,Semiconductor Equipment & Materials,Semiconductors,False
ADP,VRSK,0.6711894917326408,Software - Application,Consulting Services,False
KLAC,NVDA,0.6690513801726644,Semiconductor Equipment & Materials,Semiconductors,False
AMZN,META,0.6649758691287713,Internet Retail,Internet Content & Information,False
AVGO,LRCX,0.6643142107329336,Semiconductors,Semiconductor Equipment & Materials,False
ADP,LIN,0.6573000468103118,Software - Application,Specialty Chemicals,False
META,MSFT,0.6555073708219281,Internet Content & Information,Software - Infrastructure,False
AMAT,NXPI,0.6532559975033446,Semiconductor Equipment & Materials,Semiconductors,False
AMAT,QCOM,0.6517642992059737,Semiconductor Equipment & Materials,Semiconductors,False
LRCX,MCHP,0.6487397270154079,Semiconductor Equipment & Materials,Semiconductors,False
KLAC,MCHP,0.6435825461855315,Semiconductor Equipment & Materials,Semiconductors,False
AMAT,ARM,0.6407624554519329,Semiconductor Equipment & Materials,Semiconductors,False
MSFT,NVDA,0.640753613079031,Software - Infrastructure,Semiconductors,False
LRCX,MRVL,0.6405855691568988,Semiconductor Equipment & Materials,Semiconductors,False
ADI,CDW,0.6354250983466,Semiconductors,Information Technology Services,False
KHC,PEP,0.6346708221095163,Packaged Foods,Beverages - Non-Alcoholic,False
AMD,LRCX,0.6335608283174311,Semiconductors,Semiconductor Equipment & Materials,False
ASML,NXPI,0.6331816424278274,Semiconductor Equipment & Materials,Semiconductors,False
CDW,NXPI,0.6305231027627644,Information Technology Services,Semiconductors,False
ASML,AVGO,0.6293142778385227,Semiconductor Equipment & Materials,Semiconductors,False
KLAC,MRVL,0.628142929184996,Semiconductor Equipment & Materials,Semiconductors,False
AMD,KLAC,0.6272272329878777,Semiconductors,Semiconductor Equipment & Materials,False
ASML,NVDA,0.6258273001447774,Semiconductor Equipment & Materials,Semiconductors,False
CDW,GFS,0.6258089892186487,Information Technology Services,Semiconductors,False
CDW,QCOM,0.6253355296437054,Information Technology Services,Semiconductors,False
AMAT,NVDA,0.6248341237400193,Semiconductor Equipment & Materials,Semiconductors,False
KHC,MDLZ,0.623954445167028,Packaged Foods,Confectioners,False
AMAT,AVGO,0.623583491972827,Semiconductor Equipment & Materials,Semiconductors,False
ADI,ASML,0.6228695320252687,Semiconductors,Semiconductor Equipment & Materials,False
ASML,QCOM,0.62097653921487,Semiconductor Equipment & Materials,Semiconductors,False
LRCX,ON,0.619850696984748,Semiconductor Equipment & Materials,Semiconductors,False
MDLZ,PEP,0.6196696618938036,Confectioners,Beverages - Non-Alcoholic,False
CTAS,LIN,0.6182530057122652,Specialty Business Services,Specialty Chemicals,False
MAR,PCAR,0.6172819914478993,Lodging,Farm & Heavy Construction Machinery,False
AMAT,MRVL,0.613981490705404,Semiconductor Equipment & Materials,Semiconductors,False
AAPL,NXPI,0.608210229933437,Consumer Electronics,Semiconductors,False
GFS,LRCX,0.6070966716992873,Semiconductors,Semiconductor Equipment & Materials,False
LIN,PAYX,0.6070673412173214,Specialty Chemicals,Software - Application,False
CRWD,NVDA,0.6062428686777921,Software - Infrastructure,Semiconductors,False
CDW,MCHP,0.6058424853303852,Information Technology Services,Semiconductors,False
CDNS,NVDA,0.6056699426616171,Software - Application,Semiconductors,False
ODFL,PCAR,0.605104985356867,Trucking,Farm & Heavy Construction Machinery,False
MAR,SBUX,0.6049000807280525,Lodging,Restaurants,False
ADI,GEHC,0.603784051426702,Semiconductors,Medical Devices,False
MAR,NXPI,0.6037750190544066,Lodging,Semiconductors,False
KLAC,ON,0.6035675930206233,Semiconductor Equipment & Materials,Semiconductors,False
LIN,ROP,0.6034101126881058,Specialty Chemicals,Software - Application,False
CTSH,MAR,0.6022973082819788,Information Technology Services,Lodging,False
AVGO,CEG,0.5981295840713248,Semiconductors,Utilities - Independent Power Producers,False
CEG,NVDA,0.5971693978917779,Utilities - Independent Power Producers,Semiconductors,False
ARM,ASML,0.5962965464398069,Semiconductors,Semiconductor Equipment & Materials,False
AAPL,ADI,0.5959575232395723,Consumer Electronics,Semiconductors,False
CSCO,KLAC,0.5955904215776953,Communication Equipment,Semiconductor Equipment & Materials,False
GFS,KLAC,0.5948965251217354,Semiconductors,Semiconductor Equipment & Materials,False
LRCX,TXN,0.5935204932028708,Semiconductor Equipment & Materials,Semiconductors,False
BKNG,MAR,0.5923760171950658,Travel Services,Lodging,False
ADI,MAR,0.5920209107201935,Semiconductors,Lodging,False
CDNS,CRWD,0.591683960576404,Software - Application,Software - Infrastructure,False
AMAT,MCHP,0.5910089685842639,Semiconductor Equipment & Materials,Semiconductors,False
ABNB,MAR,0.5900362388829573,Travel Services,Lodging,False
ADI,ISRG,0.5886763656560158,Semiconductors,Medical Instruments & Supplies,False
AMZN,MSFT,0.5856194373504354,Internet Retail,Software - Infrastructure,False
CSCO,LRCX,0.5852573747235933,Communication Equipment,Semiconductor Equipment & Materials,False
ASML,MRVL,0.5843366889967465,Semiconductor Equipment & Materials,Semiconductors,False
NXPI,ODFL,0.5841974001148379,Semiconductors,Trucking,False
AMAT,GFS,0.5839980045321319,Semiconductor Equipment & Materials,Semiconductors,False
CTAS,ROP,0.5839832302490013,Specialty Business Services,Software - Application,False
ADI,CSCO,0.5836210889479609,Semiconductors,Communication Equipment,False
PAYX,VRSK,0.582400239325422,Software - Application,Consulting Services,False
NXPI,PCAR,0.5819460180493201,Semiconductors,Farm & Heavy Construction Machinery,False
AMAT,ON,0.5817890909440113,Semiconductor Equipment & Materials,Semiconductors,False
AMAT,AMD,0.5813990723644349,Semiconductor Equipment & Materials,Semiconductors,False
AMZN,MRVL,0.5799292179966924,Internet Retail,Semiconductors,False
ADSK,FTNT,0.5795913892990731,Software - Application,Software - Infrastructure,False
NXPI,PYPL,0.5791128932301133,Semiconductors,Credit Services,False
HON,LIN,0.5787375118922322,Conglomerates,Specialty Chemicals,False
CTAS,VRSK,0.5772547998860613,Specialty Business Services,Consulting Services,False
NVDA,PLTR,0.5754069216417002,Semiconductors,Software - Infrastructure,False
GEHC,QCOM,0.5753448879344814,Medical Devices,Semiconductors,False
CTSH,PCAR,0.5752503406071665,Information Technology Services,Farm & Heavy Construction Machinery,False
CDW,PCAR,0.5749077410171082,Information Technology Services,Farm & Heavy Construction Machinery,False
ABNB,NXPI,0.5748741743212412,Travel Services,Semiconductors,False
GEHC,NXPI,0.574763872489157,Medical Devices,Semiconductors,False
CSX,ODFL,0.5743339355926109,Railroads,Trucking,False
CDNS,KLAC,0.5740835951771321,Software - Application,Semiconductor Equipment & Materials,False
AAPL,MCHP,0.5738841453646841,Consumer Electronics,Semiconductors,False
MAR,ODFL,0.5733956039978475,Lodging,Trucking,False
CTSH,ODFL,0.5732302773415617,Information Technology Services,Trucking,False
CDW,KLAC,0.5730239684431953,Information Technology Services,Semiconductor Equipment & Materials,False
KLAC,TXN,0.572169542921595,Semiconductor Equipment & Materials,Semiconductors,False
AAPL,AMZN,0.5717796301073619,Consumer Electronics,Internet Retail,False
AMZN,NVDA,0.5715220084546022,Internet Retail,Semiconductors,False
ABNB,ADI,0.5712527933042206,Travel Services,Semiconductors,False
LRCX,TSLA,0.5695580505459309,Semiconductor Equipment & Materials,Auto Manufacturers,False
AAPL,QCOM,0.5695077752550045,Consumer Electronics,Semiconductors,False
DASH,META,0.5690581352070184,Internet Retail,Internet Content & Information,False
ASML,MCHP,0.5685862807089209,Semiconductor Equipment & Materials,Semiconductors,False
AMD,ASML,0.5678529499546331,Semiconductors,Semiconductor Equipment & Materials,False
AMZN,TEAM,0.5660191670258313,Internet Retail,Software - Application,False
ARM,CDNS,0.5656813566134143,Semiconductors,Software - Application,False
ADI,BKNG,0.5647583627549818,Semiconductors,Travel Services,False
ASML,ON,0.5643206353524417,Semiconductor Equipment & Materials,Semiconductors,False
ADI,AMZN,0.5640293337690996,Semiconductors,Internet Retail,False
AMAT,CSCO,0.563862815044948,Semiconductor Equipment & Materials,Communication Equipment,False
CEG,MRVL,0.5628521078816182,Utilities - Independent Power Producers,Semiconductors,False
AMZN,MAR,0.5609408040621762,Internet Retail,Lodging,False
FTNT,TEAM,0.5597680750068418,Software - Infrastructure,Software - Application,False
CRWD,KLAC,0.5589172092955007,Software - Infrastructure,Semiconductor Equipment & Materials,False
GEHC,MCHP,0.5585475596337198,Medical Devices,Semiconductors,False
GEHC,PCAR,0.55794498386952,Medical Devices,Farm & Heavy Construction Machinery,False
ASML,GFS,0.5571015177171634,Semiconductor Equipment & Materials,Semiconductors,False
CTSH,GEHC,0.5565503619942885,Information Technology Services,Medical Devices,False
ABNB,FTNT,0.5563964231419746,Travel Services,Software - Infrastructure,False
AMZN,LRCX,0.5558886113495141,Internet Retail,Semiconductor Equipment & Materials,False
GEHC,LRCX,0.555652808084323,Medical Devices,Semiconductor Equipment & Materials,False
AAPL,GFS,0.5555965908416075,Consumer Electronics,Semiconductors,False
MCHP,ODFL,0.5555909183690948,Semiconductors,Trucking,False
CDNS,LRCX,0.5546770966769249,Software - Application,Semiconductor Equipment & Materials,False
GOOGL,LRCX,0.554627620087276,Internet Content & Information,Semiconductor Equipment & Materials,False
ADSK,PANW,0.5545576325702126,Software - Application,Software - Infrastructure,False
ABNB,MCHP,0.5540429157177431,Travel Services,Semiconductors,False
CDW,LRCX,0.5538551504751719,Information Technology Services,Semiconductor Equipment & Materials,False
FAST,LIN,0.5534947518884277,Industrial Distribution,Specialty Chemicals,False
CSCO,NVDA,0.5533935394392597,Communication Equipment,Semiconductors,False
CDW,TXN,0.5530155043949903,Information Technology Services,Semiconductors,False
GOOGL,KLAC,0.5524233829757017,Internet Content & Information,Semiconductor Equipment & Materials,False
CDNS,ZS,0.5519639684188864,Software - Application,Software - Infrastructure,False
KLAC,TSLA,0.551854017115736,Semiconductor Equipment & Materials,Auto Manufacturers,False
ADI,TSLA,0.5514100032518823,Semiconductors,Auto Manufacturers,False
AMZN,KLAC,0.5513387687390341,Internet Retail,Semiconductor Equipment & Materials,False
ISRG,NXPI,0.5508327223545194,Medical Instruments & Supplies,Semiconductors,False
CRWD,DDOG,0.5507650801675305,Software - Infrastructure,Software - Application,False
BKNG,NXPI,0.5497863158423398,Travel Services,Semiconductors,False
ADI,CTSH,0.5496644071369637,Semiconductors,Information Technology Services,False
ABNB,CTSH,0.5489266683970656,Travel Services,Information Technology Services,False
CEG,MU,0.5473199222559282,Utilities - Independent Power Producers,Semiconductors,False
GOOGL,TSLA,0.5471043876390491,Internet Content & Information,Auto Manufacturers,False
GEHC,ODFL,0.546821834395693,Medical Devices,Trucking,False
MAR,MCHP,0.545968967130107,Lodging,Semiconductors,False
CSCO,MU,0.5452956235500729,Communication Equipment,Semiconductors,False
CTSH,NXPI,0.5448905145569755,Information Technology Services,Semiconductors,False
AMZN,MU,0.5447890517881305,Internet Retail,Semiconductors,False
GFS,PCAR,0.5447675640923175,Semiconductors,Farm & Heavy Construction Machinery,False
ARM,TSLA,0.544704706764431,Semiconductors,Auto Manufacturers,False
AMZN,QCOM,0.5446951630945835,Internet Retail,Semiconductors,False
AMZN,NXPI,0.5444061455251412,Internet Retail,Semiconductors,False
ABNB,GFS,0.543746294712457,Travel Services,Semiconductors,False
AMZN,GOOGL,0.5433107476968584,Internet Retail,Internet Content & Information,False
ISRG,QCOM,0.5431288704054202,Medical Instruments & Supplies,Semiconductors,False
CSCO,QCOM,0.5429929564115494,Communication Equipment,Semiconductors,False
AXON,PLTR,0.5429213552406565,Aerospace & Defense,Software - Infrastructure,False
AAPL,ON,0.5427771067263072,Consumer Electronics,Semiconductors,False
AMZN,ARM,0.5423477403319786,Internet Retail,Semiconductors,False
FAST,PCAR,0.5420957732271606,Industrial Distribution,Farm & Heavy Construction Machinery,False
GEHC,MAR,0.540490129277434,Medical Devices,Lodging,False
AMAT,TXN,0.5403393420418491,Semiconductor Equipment & Materials,Semiconductors,False
QCOM,TSLA,0.5403082019047624,Semiconductors,Auto Manufacturers,False
AAPL,BKNG,0.5396479567730978,Consumer Electronics,Travel Services,False
MCHP,PCAR,0.5395497135889891,Semiconductors,Farm & Heavy Construction Machinery,False
ABNB,META,0.5389224687029134,Travel Services,Internet Content & Information,False
CTSH,ROP,0.5388667653139921,Information Technology Services,Software - Application,False
CRWD,LRCX,0.5387373202508865,Software - Infrastructure,Semiconductor Equipment & Materials,False
PLTR,TSLA,0.5384321670148121,Software - Infrastructure,Auto Manufacturers,False
CDNS,MRVL,0.5380516018154626,Software - Application,Semiconductors,False
ADI,PYPL,0.5380105374520843,Semiconductors,Credit Services,False
MAR,TXN,0.5379633237900023,Lodging,Semiconductors,False
CRWD,MU,0.5378628819150496,Software - Infrastructure,Semiconductors,False
ABNB,ADBE,0.5377541749910046,Travel Services,Software - Application,False
META,NVDA,0.5371239887003094,Internet Content & Information,Semiconductors,False
ABNB,CDW,0.5369331117602247,Travel Services,Information Technology Services,False
ADI,PCAR,0.5369078072357092,Semiconductors,Farm & Heavy Construction Machinery,False
CPRT,ROST,0.5366304155393598,Specialty Business Services,Apparel Retail,False
AMAT,CDW,0.5362598561790024,Semiconductor Equipment & Materials,Information Technology Services,False
NVDA,TSLA,0.5361038956584859,Semiconductors,Auto Manufacturers,False
MAR,PYPL,0.5351013302413762,Lodging,Credit Services,False
ADSK,CRWD,0.5350255559412769,Software - Application,Software - Infrastructure,False
AMZN,TSLA,0.5349117084671204,Internet Retail,Auto Manufacturers,False
GFS,ODFL,0.5346996085372103,Semiconductors,Trucking,False
DASH,PLTR,0.5346893889208904,Internet Retail,Software - Infrastructure,False
WDAY,ZS,0.5343806739767237,Software - Application,Software - Infrastructure,False
AAPL,MAR,0.5340472107480465,Consumer Electronics,Lodging,False
MDB,TEAM,0.5339866617493165,Software - Infrastructure,Software - Application,False
ISRG,LRCX,0.5338516358067896,Medical Instruments & Supplies,Semiconductor Equipment & Materials,False
CDNS,QCOM,0.5335879550766589,Software - Application,Semiconductors,False
ADI,HON,0.533490156836165,Semiconductors,Conglomerates,False
MSTR,TSLA,0.5333910216715982,Software - Application,Auto Manufacturers,False
CSX,SBUX,0.5332271604325185,Railroads,Restaurants,False
CEG,KLAC,0.5329484072179592,Utilities - Independent Power Producers,Semiconductor Equipment & Materials,False
ODFL,TXN,0.5327604512011109,Trucking,Semiconductors,False
AMZN,MCHP,0.5324880608260918,Internet Retail,Semiconductors,False
CSCO,NXPI,0.5323065781502363,Communication Equipment,Semiconductors,False
MCHP,TSLA,0.5322721576792747,Semiconductors,Auto Manufacturers,False
AAPL,GEHC,0.5321989944258567,Consumer Electronics,Medical Devices,False
ASML,CDNS,0.532117358979172,Semiconductor Equipment & Materials,Software - Application,False
CDW,GEHC,0.5320416456353612,Information Technology Services,Medical Devices,False
ARM,PANW,0.5316384139769234,Semiconductors,Software - Infrastructure,False
PANW,TEAM,0.5315563289075994,Software - Infrastructure,Software - Application,False
ADI,META,0.5314526611318895,Semiconductors,Internet Content & Information,False
GFS,PYPL,0.5313043444126662,Semiconductors,Credit Services,False
ADP,MAR,0.5311748122343045,Software - Application,Lodging,False
AAPL,CSCO,0.530679110056846,Consumer Electronics,Communication Equipment,False
CDW,ON,0.5304128554568458,Information Technology Services,Semiconductors,False
DDOG,PANW,0.5299533431218155,Software - Application,Software - Infrastructure,False
CDW,MU,0.5291684668336221,Information Technology Services,Semiconductors,False
ARM,CDW,0.5290549614461928,Semiconductors,Information Technology Services,False
ABNB,TEAM,0.5287591859399486,Travel Services,Software - Application,False
ABNB,PYPL,0.528477790688274,Travel Services,Credit Services,False
GEHC,KLAC,0.5277788864807501,Medical Devices,Semiconductor Equipment & Materials,False
CEG,LRCX,0.527525448607155,Utilities - Independent Power Producers,Semiconductor Equipment & Materials,False
NXPI,TSLA,0.5274010449364135,Semiconductors,Auto Manufacturers,False
CDNS,MU,0.5272558705787677,Software - Application,Semiconductors,False
CRWD,TEAM,0.527033575256116,Software - Infrastructure,Software - Application,False
AMZN,CRWD,0.5257627430768957,Internet Retail,Software - Infrastructure,False
AAPL,TSLA,0.5253356839252052,Consumer Electronics,Auto Manufacturers,False
ARM,CSCO,0.5249836350032017,Semiconductors,Communication Equipment,False
ADBE,PYPL,0.5245813329536646,Software - Application,Credit Services,False
ADP,HON,0.524565646198725,Software - Application,Conglomerates,False
LIN,MAR,0.5244814835878492,Specialty Chemicals,Lodging,False
ARM,CRWD,0.5235635489845407,Semiconductors,Software - Infrastructure,False
ABNB,AMZN,0.5235275815291319,Travel Services,Internet Retail,False
AVGO,CDNS,0.5234631202149659,Semiconductors,Software - Application,False
AAPL,TXN,0.5234527103407437,Consumer Electronics,Semiconductors,False
CTSH,MCHP,0.5230868520582487,Information Technology Services,Semiconductors,False
AMAT,AMZN,0.5230441194532508,Semiconductor Equipment & Materials,Internet Retail,False
META,TSLA,0.5229406672337548,Internet Content & Information,Auto Manufacturers,False
AVGO,CRWD,0.5227433486051283,Semiconductors,Software - Infrastructure,False
CSX,PCAR,0.5222884985493774,Railroads,Farm & Heavy Construction Machinery,False
AMAT,CDNS,0.5222769391715087,Semiconductor Equipment & Materials,Software - Application,False
KLAC,META,0.5221810463215593,Semiconductor Equipment & Materials,Internet Content & Information,False
ISRG,KLAC,0.5216794599191833,Medical Instruments & Supplies,Semiconductor Equipment & Materials,False
CTSH,GFS,0.5214312288094795,Information Technology Services,Semiconductors,False
AMZN,PYPL,0.5213081567856749,Internet Retail,Credit Services,False
GEHC,TXN,0.5212574205420458,Medical Devices,Semiconductors,False
DDOG,ZS,0.5210835558686853,Software - Application,Software - Infrastructure,False
CDW,MAR,0.5210178356654985,Information Technology Services,Lodging,False
PANW,WDAY,0.5204446474031883,Software - Infrastructure,Software - Application,False
CSX,MAR,0.5198059823226567,Railroads,Lodging,False
ADSK,CTSH,0.5197022704835185,Software - Application,Information Technology Services,False
ISRG,MAR,0.5195417636514952,Medical Instruments & Supplies,Lodging,False
CSCO,MRVL,0.5185875258096223,Communication Equipment,Semiconductors,False
MAR,ROST,0.518153848225032,Lodging,Apparel Retail,False
AMD,MSFT,0.5178788927769766,Semiconductors,Software - Infrastructure,False
CSCO,MCHP,0.5177386907063718,Communication Equipment,Semiconductors,False
FANG,MCHP,0.5173033261231962,Oil & Gas E&P,Semiconductors,False
ON,PCAR,0.5172622995620989,Semiconductors,Farm & Heavy Construction Machinery,False
BIIB,REGN,0.5169246196503116,Drug Manufacturers - General,Biotechnology,False
AMD,PLTR,0.5169120513470469,Semiconductors,Software - Infrastructure,False
ADP,FAST,0.5168466957969361,Software - Application,Industrial Distribution,False
PCAR,QCOM,0.5168158718134914,Farm & Heavy Construction Machinery,Semiconductors,False
CDW,TEAM,0.5167713455863653,Information Technology Services,Software - Application,False
ON,TSLA,0.5161997232156286,Semiconductors,Auto Manufacturers,False
APP,PLTR,0.5161160316224943,Advertising Agencies,Software - Infrastructure,False
META,NXPI,0.5158611459836852,Internet Content & Information,Semiconductors,False
ODFL,ON,0.5158044427844417,Trucking,Semiconductors,False
AAPL,SBUX,0.5156233054960034,Consumer Electronics,Restaurants,False
ASML,CDW,0.5155665601191857,Semiconductor Equipment & Materials,Information Technology Services,False
MCHP,PYPL,0.5152446540626724,Semiconductors,Credit Services,False
AMZN,ZS,0.5151958634018194,Internet Retail,Software - Infrastructure,False
AMZN,CDNS,0.5151951445975115,Internet Retail,Software - Application,False
PYPL,QCOM,0.5145624835770117,Credit Services,Semiconductors,False
ARM,GOOGL,0.5145072576787123,Semiconductors,Internet Content & Information,False
GFS,MAR,0.5143522120873689,Semiconductors,Lodging,False
AMD,AMZN,0.5139157317924364,Semiconductors,Internet Retail,False
AMZN,ASML,0.5129676666899098,Internet Retail,Semiconductor Equipment & Materials,False
KLAC,PLTR,0.5129300076444373,Semiconductor Equipment & Materials,Software - Infrastructure,False
ASML,CRWD,0.5127182449929981,Semiconductor Equipment & Materials,Software - Infrastructure,False
ADI,ODFL,0.5125948268287691,Semiconductors,Trucking,False
ISRG,TSLA,0.5121439740100396,Medical Instruments & Supplies,Auto Manufacturers,False
CTSH,QCOM,0.5120780793137343,Information Technology Services,Semiconductors,False
AAPL,ABNB,0.5118768720870203,Consumer Electronics,Travel Services,False
CDW,PYPL,0.511609837314219,Information Technology Services,Credit Services,False
CRWD,ISRG,0.5114548117789941,Software - Infrastructure,Medical Instruments & Supplies,False
GEHC,HON,0.511454181350324,Medical Devices,Conglomerates,False
AMD,TSLA,0.5105020249460929,Semiconductors,Auto Manufacturers,False
LRCX,MAR,0.5104684637362714,Semiconductor Equipment & Materials,Lodging,False
ASML,CSCO,0.5103518362249015,Semiconductor Equipment & Materials,Communication Equipment,False
MRVL,TSLA,0.5101157176055464,Semiconductors,Auto Manufacturers,False
CDNS,CSCO,0.5096890821863104,Software - Application,Communication Equipment,False
ADI,ADSK,0.5094366897785415,Semiconductors,Software - Application,False
CRWD,META,0.5089164076667473,Software - Infrastructure,Internet Content & Information,False
CDW,CSCO,0.5088405298511939,Information Technology Services,Communication Equipment,False
ADSK,MAR,0.5085036361076712,Software - Application,Lodging,False
ODFL,QCOM,0.5083590743726004,Trucking,Semiconductors,False
BKR,QCOM,0.508266470633024,Oil & Gas Equipment & Services,Semiconductors,False
HON,PAYX,0.5081725058384141,Conglomerates,Software - Application,False
ABNB,TXN,0.5075136152213688,Travel Services,Semiconductors,False
ADSK,BKNG,0.5073667587034284,Software - Application,Travel Services,False
ABNB,ADSK,0.5072894669241353,Travel Services,Software - Application,False
AMZN,CDW,0.5070281370404073,Internet Retail,Information Technology Services,False
ADBE,BKNG,0.5068654182718116,Software - Application,Travel Services,False
ADI,SBUX,0.5063504834651317,Semiconductors,Restaurants,False
ADSK,CDW,0.506131053596625,Software - Application,Information Technology Services,False
CRWD,MRVL,0.506065961345541,Software - Infrastructure,Semiconductors,False
APP,NVDA,0.5059446860585396,Advertising Agencies,Semiconductors,False
ASML,GOOGL,0.5057988174151795,Semiconductor Equipment & Materials,Internet Content & Information,False
LRCX,META,0.5056895853711277,Semiconductor Equipment & Materials,Internet Content & Information,False
AVGO,GOOGL,0.5055158590147663,Semiconductors,Internet Content & Information,False
CDW,ODFL,0.5053924955324488,Information Technology Services,Trucking,False
MAR,QCOM,0.5053877934973912,Lodging,Semiconductors,False
AAPL,LRCX,0.5053252987700475,Consumer Electronics,Semiconductor Equipment & Materials,False
AMD,CSCO,0.5051572437906731,Semiconductors,Communication Equipment,False
ADSK,PYPL,0.5050715792885959,Software - Application,Credit Services,False
ADSK,NXPI,0.5049034715021761,Software - Application,Semiconductors,False
CDW,HON,0.5039694035636122,Information Technology Services,Conglomerates,False
AVGO,META,0.5038977043869455,Semiconductors,Internet Content & Information,False
PCAR,SBUX,0.5037369612460033,Farm & Heavy Construction Machinery,Restaurants,False
TEAM,ZS,0.5033009243413524,Software - Application,Software - Infrastructure,False
ARM,MSFT,0.5031911314646027,Semiconductors,Software - Infrastructure,False
ISRG,MCHP,0.5030166747139071,Medical Instruments & Supplies,Semiconductors,False
META,MRVL,0.5025091153610346,Internet Content & Information,Semiconductors,False
ISRG,META,0.5021585228029889,Medical Instruments & Supplies,Internet Content & Information,False
ADSK,ZS,0.5020854670976381,Software - Application,Software - Infrastructure,False
CTAS,FAST,0.5018807680682402,Specialty Business Services,Industrial Distribution,False
AMZN,ON,0.5010799973623828,Internet Retail,Semiconductors,False
ASML,CEG,0.5010735037297462,Semiconductor Equipment & Materials,Utilities - Independent Power Producers,False
AAPL,PYPL,0.5006089830703621,Consumer Electronics,Credit Services,False
CRWD,TSLA,0.500573213509989,Software - Infrastructure,Auto Manufacturers,False
PANW,QCOM,0.5001404134441485,Software - Infrastructure,Semiconductors,False
LIN,VRSK,0.5001058765902604,Specialty Chemicals,Consulting Services,False
AAPL,GOOGL,0.4998161355454761,Consumer Electronics,Internet Content & Information,False
AVGO,CSCO,0.4997498686756036,Semiconductors,Communication Equipment,False
ADBE,MAR,0.4983589560871417,Software - Application,Lodging,False
CDNS,MSFT,0.4979183933289825,Software - Application,Software - Infrastructure,False
AMAT,CRWD,0.49746689402246275,Semiconductor Equipment & Materials,Software - Infrastructure,False
MCHP,SBUX,0.49696938338749425,Semiconductors,Restaurants,False
AAPL,CTSH,0.4967572453853245,Consumer Electronics,Information Technology Services,False
AMZN,PLTR,0.4965770948359677,Internet Retail,Software - Infrastructure,False
MAR,ON,0.49631254450844825,Lodging,Semiconductors,False
CSCO,CTAS,0.4962571638096988,Communication Equipment,Specialty Business Services,False
ISRG,ZS,0.4962303004690093,Medical Instruments & Supplies,Software - Infrastructure,False
CRWD,DASH,0.49615605506511523,Software - Infrastructure,Internet Retail,False
ADP,ORLY,0.495663503112871,Software - Application,Auto Parts,False
APP,META,0.4955000344295928,Advertising Agencies,Internet Content & Information,False
FANG,NXPI,0.49534273686722746,Oil & Gas E&P,Semiconductors,False
ARM,CEG,0.4952797520569223,Semiconductors,Utilities - Independent Power Producers,False
ABNB,ISRG,0.4951719772952125,Travel Services,Medical Instruments & Supplies,False
NXPI,SBUX,0.49500797085796594,Semiconductors,Restaurants,False
GEHC,ON,0.49487713525919524,Medical Devices,Semiconductors,False
FTNT,META,0.49482035742212677,Software - Infrastructure,Internet Content & Information,False
MAR,PAYX,0.4947355148638532,Lodging,Software - Application,False
ABNB,CSX,0.49468855519786653,Travel Services,Railroads,False
CTAS,GEHC,0.49466517566959184,Specialty Business Services,Medical Devices,False
AVGO,PLTR,0.49448926424987966,Semiconductors,Software - Infrastructure,False
BKNG,PYPL,0.49431271208976446,Travel Services,Credit Services,False
CTSH,LIN,0.4941151245125935,Information Technology Services,Specialty Chemicals,False
AMAT,TSLA,0.49332975405403234,Semiconductor Equipment & Materials,Auto Manufacturers,False
CDW,FANG,0.49330571262048134,Information Technology Services,Oil & Gas E&P,False
META,PYPL,0.49313278489386186,Internet Content & Information,Credit Services,False
ASML,MSTR,0.49301795513292657,Semiconductor Equipment & Materials,Software - Application,False
AAPL,META,0.49282363628130327,Consumer Electronics,Internet Content & Information,False
AMZN,AVGO,0.49247084193540147,Internet Retail,Semiconductors,False
GEHC,LIN,0.4924059008934628,Medical Devices,Specialty Chemicals,False
AMAT,GOOGL,0.4919474936220765,Semiconductor Equipment & Materials,Internet Content & Information,False
LRCX,PLTR,0.49175144145021826,Semiconductor Equipment & Materials,Software - Infrastructure,False
NVDA,ZS,0.49170118264178575,Semiconductors,Software - Infrastructure,False
META,PLTR,0.49118505370976034,Internet Content & Information,Software - Infrastructure,False
AVGO,MSFT,0.49114873257565383,Semiconductors,Software - Infrastructure,False
CTSH,TXN,0.49109918897127536,Information Technology Services,Semiconductors,False
HON,MCHP,0.4908158004252814,Conglomerates,Semiconductors,False
LRCX,PANW,0.490232269974953,Semiconductor Equipment & Materials,Software - Infrastructure,False
ADSK,ISRG,0.4900757520319056,Software - Application,Medical Instruments & Supplies,False
CSCO,TXN,0.490012830923394,Communication Equipment,Semiconductors,False
PCAR,TXN,0.4895243560186157,Farm & Heavy Construction Machinery,Semiconductors,False
BKNG,QCOM,0.4892473158609851,Travel Services,Semiconductors,False
MAR,META,0.48914465054732964,Lodging,Internet Content & Information,False
ISRG,NVDA,0.4890307153370806,Medical Instruments & Supplies,Semiconductors,False
ISRG,MRVL,0.48875337228361626,Medical Instruments & Supplies,Semiconductors,False
BKNG,MCHP,0.48873661455215756,Travel Services,Semiconductors,False
AAPL,KLAC,0.4885173272856392,Consumer Electronics,Semiconductor Equipment & Materials,False
AMD,GOOGL,0.48829270611256426,Semiconductors,Internet Content & Information,False
FANG,QCOM,0.4882405649068711,Oil & Gas E&P,Semiconductors,False
ASML,TSLA,0.4879598042066607,Semiconductor Equipment & Materials,Auto Manufacturers,False
AMD,MSTR,0.4878778164169413,Semiconductors,Software - Application,False
ADI,FANG,0.48761921115873125,Semiconductors,Oil & Gas E&P,False
MCHP,META,0.48719182806551364,Semiconductors,Internet Content & Information,False
CTAS,CTSH,0.4867594256313099,Specialty Business Services,Information Technology Services,False
CTAS,HON,0.4866188214765142,Specialty Business Services,Conglomerates,False
META,ZS,0.4866133248545024,Internet Content & Information,Software - Infrastructure,False
AAPL,MSFT,0.486206578928337,Consumer Electronics,Software - Infrastructure,False
ABNB,QCOM,0.4862029721531052,Travel Services,Semiconductors,False
HON,QCOM,0.4858703525700759,Conglomerates,Semiconductors,False
AMAT,CEG,0.48575240511755857,Semiconductor Equipment & Materials,Utilities - Independent Power Producers,False
ADSK,QCOM,0.48524829845447653,Software - Application,Semiconductors,False
CTAS,MAR,0.484887206831118,Specialty Business Services,Lodging,False
BKR,MU,0.4844204711961553,Oil & Gas Equipment & Services,Semiconductors,False
GOOGL,NVDA,0.48430176909089206,Internet Content & Information,Semiconductors,False
ASML,TXN,0.48426618705729524,Semiconductor Equipment & Materials,Semiconductors,False
NVDA,PANW,0.48365581040749994,Semiconductors,Software - Infrastructure,False
GEHC,ISRG,0.48331145641353185,Medical Devices,Medical Instruments & Supplies,False
AAPL,ASML,0.48307043310871484,Consumer Electronics,Semiconductor Equipment & Materials,False
CSX,MCHP,0.4829303828304172,Railroads,Semiconductors,False
BKNG,CSCO,0.4827150289050624,Travel Services,Communication Equipment,False
AXON,DASH,0.4826060497699153,Aerospace & Defense,Internet Retail,False
CDNS,PLTR,0.48253545611400855,Software - Application,Software - Infrastructure,False
CPRT,WDAY,0.4825079612441921,Specialty Business Services,Software - Application,False
CDNS,PANW,0.48227437631953884,Software - Application,Software - Infrastructure,False
BKNG,META,0.48181528019893866,Travel Services,Internet Content & Information,False
NXPI,WBD,0.48177400771376677,Semiconductors,Entertainment,False
GOOGL,MU,0.48146310400307046,Internet Content & Information,Semiconductors,False
CSX,LIN,0.48130253927728833,Railroads,Specialty Chemicals,False
CSX,TXN,0.48122686721378904,Railroads,Semiconductors,False
CTSH,PYPL,0.48119342768879114,Information Technology Services,Credit Services,False
CSX,CTSH,0.48088908902607225,Railroads,Information Technology Services,False
CDW,ISRG,0.4808400065776248,Information Technology Services,Medical Instruments & Supplies,False
FTNT,ISRG,0.48079966799486556,Software - Infrastructure,Medical Instruments & Supplies,False
CSCO,MSFT,0.4807187760439335,Communication Equipment,Software - Infrastructure,False
GEHC,GFS,0.4805793530426642,Medical Devices,Semiconductors,False
CDW,SBUX,0.4805179404601969,Information Technology Services,Restaurants,False
BKR,CDW,0.4803544960898239,Oil & Gas Equipment & Services,Information Technology Services,False
MU,TSLA,0.47997192529050225,Semiconductors,Auto Manufacturers,False
ABNB,ODFL,0.4797118868474189,Travel Services,Trucking,False
MCHP,WBD,0.4795325233626498,Semiconductors,Entertainment,False
PCAR,PYPL,0.47952799828761417,Farm & Heavy Construction Machinery,Credit Services,False
APP,CRWD,0.47934301243493843,Advertising Agencies,Software - Infrastructure,False
CSX,HON,0.47924048968940314,Railroads,Conglomerates,False
HON,MAR,0.47910494540901627,Conglomerates,Lodging,False
KLAC,PANW,0.4790987492503791,Semiconductor Equipment & Materials,Software - Infrastructure,False
CRWD,INTU,0.4789549170560526,Software - Infrastructure,Software - Application,False
GOOGL,MRVL,0.47887476882964164,Internet Content & Information,Semiconductors,False
ADI,WBD,0.4784409469408888,Semiconductors,Entertainment,False
ADP,CPRT,0.4784195607857244,Software - Application,Specialty Business Services,False
QCOM,SBUX,0.4783894788146369,Semiconductors,Restaurants,False
ASML,META,0.4775022048180139,Semiconductor Equipment & Materials,Internet Content & Information,False
AMAT,GEHC,0.4774932521113772,Semiconductor Equipment & Materials,Medical Devices,False
CSX,GEHC,0.4774902209843902,Railroads,Medical Devices,False
BKNG,TXN,0.4771013770793696,Travel Services,Semiconductors,False
INTU,PANW,0.47700884458299414,Software - Application,Software - Infrastructure,False
ADBE,CTSH,0.47687530566547864,Software - Application,Information Technology Services,False
ABNB,ON,0.476819176875152,Travel Services,Semiconductors,False
INTU,ZS,0.4767921859588707,Software - Application,Software - Infrastructure,False
BKR,KLAC,0.4765506483004341,Oil & Gas Equipment & Services,Semiconductor Equipment & Materials,False
GFS,PANW,0.47646485689778084,Semiconductors,Software - Infrastructure,False
ADP,GEHC,0.4761920239902634,Software - Application,Medical Devices,False
AAPL,HON,0.4759032630042626,Consumer Electronics,Conglomerates,False
GEHC,SBUX,0.4758891495101915,Medical Devices,Restaurants,False
CDNS,NXPI,0.4758576776616866,Software - Application,Semiconductors,False
GEHC,ROP,0.47567380945872556,Medical Devices,Software - Application,False
CSX,GFS,0.47560508281666936,Railroads,Semiconductors,False
ADP,CSGP,0.4754779581156588,Software - Application,Real Estate Services,False
ISRG,MU,0.4754229700013309,Medical Instruments & Supplies,Semiconductors,False
APP,MRVL,0.47538104240767515,Advertising Agencies,Semiconductors,False
MDLZ,VRSK,0.4753465292282484,Confectioners,Consulting Services,False
ABNB,PANW,0.4750559473873765,Travel Services,Software - Infrastructure,False
CDNS,CEG,0.47466344982452574,Software - Application,Utilities - Independent Power Producers,False
AMZN,ISRG,0.4746519164931923,Internet Retail,Medical Instruments & Supplies,False
AMZN,GFS,0.4746211912908557,Internet Retail,Semiconductors,False
MSTR,NXPI,0.47448868640533987,Software - Application,Semiconductors,False
ADI,CSX,0.47440898583565505,Semiconductors,Railroads,False
AVGO,CDW,0.47429588348234586,Semiconductors,Information Technology Services,False
ABNB,SBUX,0.47427042693086807,Travel Services,Restaurants,False
AAPL,LIN,0.4741881728319309,Consumer Electronics,Specialty Chemicals,False
MRVL,MSFT,0.4741220450664376,Semiconductors,Software - Infrastructure,False
ODFL,PYPL,0.47401871783935434,Trucking,Credit Services,False
LRCX,PYPL,0.4738977884597152,Semiconductor Equipment & Materials,Credit Services,False
ISRG,PANW,0.4737505593453886,Medical Instruments & Supplies,Software - Infrastructure,False
CSX,NXPI,0.47322708774286937,Railroads,Semiconductors,False
ADBE,PCAR,0.4728036530623554,Software - Application,Farm & Heavy Construction Machinery,False
BKR,MRVL,0.4728001916075171,Oil & Gas Equipment & Services,Semiconductors,False
ARM,PLTR,0.47259168669791585,Semiconductors,Software - Infrastructure,False
AAPL,PCAR,0.4719767221845954,Consumer Electronics,Farm & Heavy Construction Machinery,False
CDW,CSX,0.4718651788574103,Information Technology Services,Railroads,False
MAR,ROP,0.47178405928449424,Lodging,Software - Application,False
KLAC,MSTR,0.471633121467345,Semiconductor Equipment & Materials,Software - Application,False
PANW,PYPL,0.4714186390061842,Software - Infrastructure,Credit Services,False
HON,PYPL,0.47079521409529784,Conglomerates,Credit Services,False
FAST,PAYX,0.47079156627960145,Industrial Distribution,Software - Application,False
CEG,META,0.4705605477571876,Utilities - Independent Power Producers,Internet Content & Information,False
ABNB,CSCO,0.47047584077224147,Travel Services,Communication Equipment,False
CDNS,ISRG,0.47011576538761335,Software - Application,Medical Instruments & Supplies,False
ADBE,GFS,0.4701139935772768,Software - Application,Semiconductors,False
ADI,MSFT,0.47009663885924274,Semiconductors,Software - Infrastructure,False
ARM,ZS,0.46991607541809605,Semiconductors,Software - Infrastructure,False
AMD,CDNS,0.46990943180010253,Semiconductors,Software - Application,False
CTSH,HON,0.46920506551122,Information Technology Services,Conglomerates,False
ADBE,NXPI,0.46883551825827496,Software - Application,Semiconductors,False
ISRG,TXN,0.4687219185336051,Medical Instruments & Supplies,Semiconductors,False
PYPL,TXN,0.46870790902167614,Credit Services,Semiconductors,False
CSGP,PAYX,0.4683597404153188,Real Estate Services,Software - Application,False
MSFT,TSLA,0.4683576927663217,Software - Infrastructure,Auto Manufacturers,False
BKNG,TEAM,0.46829905258890314,Travel Services,Software - Application,False
CDNS,MCHP,0.46824022846151986,Software - Application,Semiconductors,False
AAPL,CSX,0.4682307739315835,Consumer Electronics,Railroads,False
AMZN,GEHC,0.4680748614379003,Internet Retail,Medical Devices,False
NXPI,PANW,0.4679981435294201,Semiconductors,Software - Infrastructure,False
AMZN,PANW,0.4679066656466437,Internet Retail,Software - Infrastructure,False
APP,AVGO,0.4678726234879293,Advertising Agencies,Semiconductors,False
MU,PLTR,0.4677313456602604,Semiconductors,Software - Infrastructure,False
ADSK,MCHP,0.46769070207311714,Software - Application,Semiconductors,False
CDNS,GFS,0.46764943317346647,Software - Application,Semiconductors,False
AMZN,CTSH,0.46762316079252697,Internet Retail,Information Technology Services,False
CSCO,CTSH,0.4675771906033022,Communication Equipment,Information Technology Services,False
AMAT,ISRG,0.467497863325629,Semiconductor Equipment & Materials,Medical Instruments & Supplies,False
HON,SBUX,0.46720413432890967,Conglomerates,Restaurants,False
CRWD,QCOM,0.4671758597259517,Software - Infrastructure,Semiconductors,False
AMZN,MSTR,0.46717572687654463,Internet Retail,Software - Application,False
MRVL,PLTR,0.46703230593987516,Semiconductors,Software - Infrastructure,False
AVGO,ZS,0.46700210853307006,Semiconductors,Software - Infrastructure,False
MAR,TEAM,0.46655501597848087,Lodging,Software - Application,False
CTSH,WDAY,0.46655077586319615,Information Technology Services,Software - Application,False
CDNS,GOOGL,0.466499181234158,Software - Application,Internet Content & Information,False
ISRG,TEAM,0.46641928622982537,Medical Instruments & Supplies,Software - Application,False
DASH,MSFT,0.46598740957010293,Internet Retail,Software - Infrastructure,False
APP,TSLA,0.46594029118045105,Advertising Agencies,Auto Manufacturers,False
ARM,FTNT,0.46577909174715065,Semiconductors,Software - Infrastructure,False
CSCO,GFS,0.46576936834960153,Communication Equipment,Semiconductors,False
AMAT,MAR,0.4657528704071066,Semiconductor Equipment & Materials,Lodging,False
ABNB,CRWD,0.4657410783203905,Travel Services,Software - Infrastructure,False
MCHP,PANW,0.46557840704862863,Semiconductors,Software - Infrastructure,False
ROST,WDAY,0.4654525254353302,Apparel Retail,Software - Application,False
TSLA,TXN,0.4652320936857418,Auto Manufacturers,Semiconductors,False
AMD,META,0.46479988722407256,Semiconductors,Internet Content & Information,False
KLAC,MAR,0.4645596354829733,Semiconductor Equipment & Materials,Lodging,False
ADSK,CSCO,0.4642227866685491,Software - Application,Communication Equipment,False
CDNS,FTNT,0.46408524021818354,Software - Application,Software - Infrastructure,False
CEG,CRWD,0.4640021713563624,Utilities - Independent Power Producers,Software - Infrastructure,False
NXPI,TEAM,0.46385000984373304,Semiconductors,Software - Application,False
GFS,HON,0.46371328326505823,Semiconductors,Conglomerates,False
MCHP,MSTR,0.46354854543736007,Semiconductors,Software - Application,False
AAPL,ODFL,0.4632524890339271,Consumer Electronics,Trucking,False
BKR,HON,0.46321304801339946,Oil & Gas Equipment & Services,Conglomerates,False
ABNB,PCAR,0.4631235331304695,Travel Services,Farm & Heavy Construction Machinery,False
FAST,HON,0.4630606334559836,Industrial Distribution,Conglomerates,False
CSCO,SBUX,0.46279109122554907,Communication Equipment,Restaurants,False
CSCO,PANW,0.46232896199817247,Communication Equipment,Software - Infrastructure,False
LRCX,MSFT,0.4621771839518782,Semiconductor Equipment & Materials,Software - Infrastructure,False
PANW,TTWO,0.46216464181272515,Software - Infrastructure,Electronic Gaming & Multimedia,False
ADSK,AMZN,0.4621143552054483,Software - Application,Internet Retail,False
LRCX,ZS,0.4618777927803065,Semiconductor Equipment & Materials,Software - Infrastructure,False
LRCX,WBD,0.46180703372730847,Semiconductor Equipment & Materials,Entertainment,False
DDOG,MDB,0.46180515315674986,Software - Application,Software - Infrastructure,False
AAPL,ADSK,0.46172207151584693,Consumer Electronics,Software - Application,False
BIIB,PCAR,0.46171726716125466,Drug Manufacturers - General,Farm & Heavy Construction Machinery,False
CDW,WDAY,0.4613966440627824,Information Technology Services,Software - Application,False
AMZN,TXN,0.46094845587007705,Internet Retail,Semiconductors,False
ARM,ISRG,0.4607458574223329,Semiconductors,Medical Instruments & Supplies,False
HON,NXPI,0.4605895443821816,Conglomerates,Semiconductors,False
KHC,PAYX,0.46041005397307905,Packaged Foods,Software - Application,False
AAPL,ROST,0.46036576345559593,Consumer Electronics,Apparel Retail,False
MCHP,TEAM,0.460210551135395,Semiconductors,Software - Application,False
CTSH,PAYX,0.46018560938377906,Information Technology Services,Software - Application,False
GEHC,META,0.45992152801585706,Medical Devices,Internet Content & Information,False
CPRT,ROP,0.4598042884376741,Specialty Business Services,Software - Application,False
GEHC,PYPL,0.4592968226479512,Medical Devices,Credit Services,False
MSTR,NVDA,0.4592079883661144,Software - Application,Semiconductors,False
CRWD,MSTR,0.459143038841341,Software - Infrastructure,Software - Application,False
CSCO,MAR,0.4590630262570859,Communication Equipment,Lodging,False
KLAC,MSFT,0.4588690533493441,Semiconductor Equipment & Materials,Software - Infrastructure,False
META,MU,0.4586190974728359,Internet Content & Information,Semiconductors,False
ADI,BKR,0.45861880328558563,Semiconductors,Oil & Gas Equipment & Services,False
AAPL,ADBE,0.45856885577895473,Consumer Electronics,Software - Application,False
KLAC,ZS,0.4584527616937955,Semiconductor Equipment & Materials,Software - Infrastructure,False
INTU,QCOM,0.45836483180664367,Software - Application,Semiconductors,False
GOOGL,QCOM,0.4583299185591428,Internet Content & Information,Semiconductors,False
MAR,WBD,0.4582611127172193,Lodging,Entertainment,False
HON,PCAR,0.4581438560498134,Conglomerates,Farm & Heavy Construction Machinery,False
ASML,PANW,0.45807187784285985,Semiconductor Equipment & Materials,Software - Infrastructure,False
CCEP,LIN,0.45806479497776154,Beverages - Non-Alcoholic,Specialty Chemicals,False
BKNG,CTSH,0.4580255987970751,Travel Services,Information Technology Services,False
GEHC,MU,0.4579284278615199,Medical Devices,Semiconductors,False
LULU,MAR,0.4578510003646725,Apparel Retail,Lodging,False
AAPL,AMD,0.457688790102455,Consumer Electronics,Semiconductors,False
ADBE,PANW,0.45763044954737875,Software - Application,Software - Infrastructure,False
CSCO,GEHC,0.45747432241596553,Communication Equipment,Medical Devices,False
MU,ZS,0.4572255775457309,Semiconductors,Software - Infrastructure,False
AMZN,CSCO,0.4572045635256382,Internet Retail,Communication Equipment,False
ADI,PANW,0.45711197446829127,Semiconductors,Software - Infrastructure,False
BKNG,LRCX,0.457109229885997,Travel Services,Semiconductor Equipment & Materials,False
AMZN,ODFL,0.45690318953054276,Internet Retail,Trucking,False
AAPL,WBD,0.4568851897611128,Consumer Electronics,Entertainment,False
SBUX,TXN,0.4567149932326356,Restaurants,Semiconductors,False
ADI,DASH,0.45659315191189037,Semiconductors,Internet Retail,False
CTSH,SBUX,0.4560915540782427,Information Technology Services,Restaurants,False
META,MSTR,0.4558929567816767,Internet Content & Information,Software - Application,False
ODFL,ROST,0.4558908729031402,Trucking,Apparel Retail,False
CTSH,TEAM,0.45576256565140594,Information Technology Services,Software - Application,False
ADP,XEL,0.4557002532621146,Software - Application,Utilities - Regulated Electric,False
BKNG,LIN,0.45563551551310655,Travel Services,Specialty Chemicals,False
PCAR,ROST,0.45542729812500726,Farm & Heavy Construction Machinery,Apparel Retail,False
AMZN,FTNT,0.4554065529526237,Internet Retail,Software - Infrastructure,False
AAPL,CDW,0.45529142726317695,Consumer Electronics,Information Technology Services,False
DASH,NXPI,0.4551514159194361,Internet Retail,Semiconductors,False
CRWD,GOOGL,0.454936875774532,Software - Infrastructure,Internet Content & Information,False
ADSK,CTAS,0.45492173167236843,Software - Application,Specialty Business Services,False
BKR,LRCX,0.45483457525782006,Oil & Gas Equipment & Services,Semiconductor Equipment & Materials,False
CTSH,ON,0.45469875483569094,Information Technology Services,Semiconductors,False
AMD,DASH,0.45466065498480074,Semiconductors,Internet Retail,False
ADI,LIN,0.454533522214021,Semiconductors,Specialty Chemicals,False
FANG,HON,0.45412741272241985,Oil & Gas E&P,Conglomerates,False
MSTR,PLTR,0.45396158960916116,Software - Application,Software - Infrastructure,False
ARM,GEHC,0.4535905077229768,Semiconductors,Medical Devices,False
MSFT,MSTR,0.45358565986012667,Software - Infrastructure,Software - Application,False
ADI,CDNS,0.45330041899843676,Semiconductors,Software - Application,False
BKNG,GFS,0.45304888495032797,Travel Services,Semiconductors,False
CTSH,FAST,0.4529564651105269,Information Technology Services,Industrial Distribution,False
ADP,CCEP,0.4528337661459136,Software - Application,Beverages - Non-Alcoholic,False
AAPL,PANW,0.4525501870633752,Consumer Electronics,Software - Infrastructure,False
CDNS,META,0.4523241306223807,Software - Application,Internet Content & Information,False
FAST,ROP,0.4521074738714903,Industrial Distribution,Software - Application,False
BKR,CSCO,0.45205053341450785,Oil & Gas Equipment & Services,Communication Equipment,False
FTNT,NXPI,0.45203408399251466,Software - Infrastructure,Semiconductors,False
BKNG,ISRG,0.4518965317367273,Travel Services,Medical Instruments & Supplies,False
AAPL,AMAT,0.4517125178824585,Consumer Electronics,Semiconductor Equipment & Materials,False
BKNG,INTU,0.45153506104406743,Travel Services,Software - Application,False
INTC,LRCX,0.4515220101294312,Semiconductors,Semiconductor Equipment & Materials,False
ADP,TMUS,0.4514554918315405,Software - Application,Telecom Services,False
AAPL,FANG,0.4514463127653823,Consumer Electronics,Oil & Gas E&P,False
AAPL,WDAY,0.4514245274087557,Consumer Electronics,Software - Application,False
ADI,ROP,0.45124810536695054,Semiconductors,Software - Application,False
ROP,VRSK,0.4511217594006226,Software - Application,Consulting Services,False
CRWD,CSCO,0.45110865941976463,Software - Infrastructure,Communication Equipment,False
ABNB,FANG,0.45106758426746163,Travel Services,Oil & Gas E&P,False
LRCX,MSTR,0.45085521800055006,Semiconductor Equipment & Materials,Software - Application,False
ADBE,FTNT,0.45084858096896574,Software - Application,Software - Infrastructure,False
TSLA,WBD,0.45080797698251657,Auto Manufacturers,Entertainment,False
ASML,ISRG,0.4506992142128165,Semiconductor Equipment & Materials,Medical Instruments & Supplies,False
ON,SBUX,0.4506824945403716,Semiconductors,Restaurants,False
BKR,NXPI,0.4504821734550606,Oil & Gas Equipment & Services,Semiconductors,False
AMZN,BKNG,0.4504244725269861,Internet Retail,Travel Services,False
ADI,CTAS,0.4501047702161803,Semiconductors,Specialty Business Services,False
ABNB,ZS,0.45000090737923465,Travel Services,Software - Infrastructure,False
QCOM,WBD,0.44982627508734313,Semiconductors,Entertainment,False
ADSK,GEHC,0.4497726114883186,Software - Application,Medical Devices,False
COST,LIN,0.449714379559073,Discount Stores,Specialty Chemicals,False
MCHP,TTD,0.449533681576805,Semiconductors,Advertising Agencies,False
AMAT,INTC,0.4494168028950488,Semiconductor Equipment & Materials,Semiconductors,False
FTNT,WDAY,0.44915904766071024,Software - Infrastructure,Software - Application,False
MU,PANW,0.44907559243131856,Semiconductors,Software - Infrastructure,False
DASH,KLAC,0.44897983579677175,Internet Retail,Semiconductor Equipment & Materials,False
ADSK,GFS,0.4489789228124029,Software - Application,Semiconductors,False
MCHP,ZS,0.44876866827569123,Semiconductors,Software - Infrastructure,False
ON,PYPL,0.44875631114939823,Semiconductors,Credit Services,False
AAPL,ARM,0.44859267786393997,Consumer Electronics,Semiconductors,False
ORLY,VRSK,0.4485428719054847,Auto Parts,Consulting Services,False
ORLY,XEL,0.4483106600299267,Auto Parts,Utilities - Regulated Electric,False
CSCO,HON,0.4482698050369708,Communication Equipment,Conglomerates,False
META,TEAM,0.44820554949498154,Internet Content & Information,Software - Application,False
CRWD,NXPI,0.4481849358150281,Software - Infrastructure,Semiconductors,False
AMAT,META,0.4480597950366807,Semiconductor Equipment & Materials,Internet Content & Information,False
AMZN,MDB,0.44799632611872164,Internet Retail,Software - Infrastructure,False
ABNB,WDAY,0.44753614497222266,Travel Services,Software - Application,False
ABNB,MSFT,0.44750859321280445,Travel Services,Software - Infrastructure,False
CSGP,CTAS,0.4473667029745234,Real Estate Services,Specialty Business Services,False
ADI,CRWD,0.4473447619378898,Semiconductors,Software - Infrastructure,False
QCOM,ZS,0.4471570715304844,Semiconductors,Software - Infrastructure,False
LIN,TXN,0.447009443720059,Specialty Chemicals,Semiconductors,False
LRCX,SBUX,0.44679764338489786,Semiconductor Equipment & Materials,Restaurants,False
AMAT,PCAR,0.44679204161064767,Semiconductor Equipment & Materials,Farm & Heavy Construction Machinery,False
ADP,BKNG,0.44662470638865137,Software - Application,Travel Services,False
GFS,TSLA,0.4463524898681379,Semiconductors,Auto Manufacturers,False
KDP,KHC,0.4462140509476094,Beverages - Non-Alcoholic,Packaged Foods,False
ABNB,PLTR,0.44612987831281314,Travel Services,Software - Infrastructure,False
MSTR,QCOM,0.44609930961913635,Software - Application,Semiconductors,False
LIN,PYPL,0.44608332648106397,Specialty Chemicals,Credit Services,False
EXC,MDLZ,0.4459247135155048,Utilities - Regulated Electric,Confectioners,False
KLAC,PYPL,0.44571846148283795,Semiconductor Equipment & Materials,Credit Services,False
BKNG,KLAC,0.4451252279670807,Travel Services,Semiconductor Equipment & Materials,False
ADP,CSCO,0.44501682918090063,Software - Application,Communication Equipment,False
CDW,MRVL,0.444234811067442,Information Technology Services,Semiconductors,False
ADBE,CDW,0.44412788998398006,Software - Application,Information Technology Services,False
DASH,MRVL,0.44410687022210094,Internet Retail,Semiconductors,False
ROP,TXN,0.4439478315486174,Software - Application,Semiconductors,False
INTU,ISRG,0.4439367422512069,Software - Application,Medical Instruments & Supplies,False
FTNT,NVDA,0.4438925984813645,Software - Infrastructure,Semiconductors,False
CTAS,XEL,0.44373535249107615,Specialty Business Services,Utilities - Regulated Electric,False
BIIB,GEHC,0.4437313711931442,Drug Manufacturers - General,Medical Devices,False
AMGN,PEP,0.44364116365943046,Drug Manufacturers - General,Beverages - Non-Alcoholic,False
ASML,GEHC,0.44355077691206174,Semiconductor Equipment & Materials,Medical Devices,False
CMCSA,LIN,0.44344880831968253,Telecom Services,Specialty Chemicals,False
CEG,MSFT,0.44341020715574025,Utilities - Independent Power Producers,Software - Infrastructure,False
HON,TXN,0.4432110301492615,Conglomerates,Semiconductors,False
ADI,FTNT,0.4431228882445989,Semiconductors,Software - Infrastructure,False
CSCO,ZS,0.4430276946491875,Communication Equipment,Software - Infrastructure,False
BKNG,WDAY,0.442999150887385,Travel Services,Software - Application,False
ABNB,MRVL,0.44295559000842577,Travel Services,Semiconductors,False
ADBE,ODFL,0.4427307640288456,Software - Application,Trucking,False
AVGO,PANW,0.44245653837099636,Semiconductors,Software - Infrastructure,False
DASH,PANW,0.4424397304311365,Internet Retail,Software - Infrastructure,False
KLAC,SBUX,0.4423054574310796,Semiconductor Equipment & Materials,Restaurants,False
ABNB,DASH,0.44214914160002494,Travel Services,Internet Retail,False
CDW,META,0.44210441223818076,Information Technology Services,Internet Content & Information,False
AXON,CRWD,0.44203027409008244,Aerospace & Defense,Software - Infrastructure,False
ADI,GOOGL,0.4419826516901481,Semiconductors,Internet Content & Information,False
ADP,COST,0.44182448118011647,Software - Application,Discount Stores,False
ARM,META,0.4417458611688126,Semiconductors,Internet Content & Information,False
VRSK,XEL,0.44170900523225903,Consulting Services,Utilities - Regulated Electric,False
KDP,MDLZ,0.4413454634753657,Beverages - Non-Alcoholic,Confectioners,False
AAPL,FAST,0.441245078259667,Consumer Electronics,Industrial Distribution,False
ADBE,GEHC,0.4411515676257006,Software - Application,Medical Devices,False
ASML,MSFT,0.44096681208814087,Semiconductor Equipment & Materials,Software - Infrastructure,False
PYPL,WDAY,0.44086527339198667,Credit Services,Software - Application,False
CEG,PLTR,0.4407859722176061,Utilities - Independent Power Producers,Software - Infrastructure,False
AMZN,DDOG,0.4407359001397187,Internet Retail,Software - Application,False
META,QCOM,0.4405898119476377,Internet Content & Information,Semiconductors,False
QCOM,ROST,0.44040408787780266,Semiconductors,Apparel Retail,False
CDNS,GEHC,0.4402429175608252,Software - Application,Medical Devices,False
LIN,QCOM,0.44016447430396244,Specialty Chemicals,Semiconductors,False
ADSK,ARM,0.4401415715797993,Software - Application,Semiconductors,False
ADP,PYPL,0.44004830040707393,Software - Application,Credit Services,False
AAPL,NVDA,0.43987357027782614,Consumer Electronics,Semiconductors,False
BKNG,CDW,0.4398532849742176,Travel Services,Information Technology Services,False
CMCSA,HON,0.4398529874751444,Telecom Services,Conglomerates,False
LRCX,PCAR,0.4398271407650841,Semiconductor Equipment & Materials,Farm & Heavy Construction Machinery,False
ADP,CTSH,0.4398067469713955,Software - Application,Information Technology Services,False
MSFT,MU,0.4396886002277301,Software - Infrastructure,Semiconductors,False
BKNG,MRVL,0.43947067235479814,Travel Services,Semiconductors,False
CDNS,TSLA,0.4393477038357508,Software - Application,Auto Manufacturers,False
ADSK,DASH,0.439271071124246,Software - Application,Internet Retail,False
MSTR,MU,0.4392110806517034,Software - Application,Semiconductors,False
ARM,BKR,0.4390181845478123,Semiconductors,Oil & Gas Equipment & Services,False
FTNT,INTU,0.4389120272347542,Software - Infrastructure,Software - Application,False
ADI,INTU,0.4387184380005912,Semiconductors,Software - Application,False
AMAT,PLTR,0.43865828639176363,Semiconductor Equipment & Materials,Software - Infrastructure,False
CSCO,ISRG,0.4384084819356857,Communication Equipment,Medical Instruments & Supplies,False
ABNB,INTU,0.4383947628450459,Travel Services,Software - Application,False
GEHC,TSLA,0.43824553768632674,Medical Devices,Auto Manufacturers,False
AMAT,PYPL,0.43819247950007384,Semiconductor Equipment & Materials,Credit Services,False
BKR,GEHC,0.4381609984305147,Oil & Gas Equipment & Services,Medical Devices,False
ADBE,QCOM,0.43812890643660557,Software - Application,Semiconductors,False
KLAC,PCAR,0.4380691681800297,Semiconductor Equipment & Materials,Farm & Heavy Construction Machinery,False
INTU,NXPI,0.4380519773653436,Software - Application,Semiconductors,False
EXC,ORLY,0.43799575399645,Utilities - Regulated Electric,Auto Parts,False
BKNG,DASH,0.4378483814091415,Travel Services,Internet Retail,False
FAST,PYPL,0.4374326704817196,Industrial Distribution,Credit Services,False
LIN,NXPI,0.4374257998586116,Specialty Chemicals,Semiconductors,False
META,ON,0.43738355196925227,Internet Content & Information,Semiconductors,False
ADP,KHC,0.4373444265016995,Software - Application,Packaged Foods,False
APP,LRCX,0.43725848291830766,Advertising Agencies,Semiconductor Equipment & Materials,False
MCHP,MSFT,0.43716541340779524,Semiconductors,Software - Infrastructure,False
ADI,CSGP,0.4370810456767607,Semiconductors,Real Estate Services,False
BKNG,FTNT,0.43695260594035,Travel Services,Software - Infrastructure,False
AMAT,PANW,0.4369223881379136,Semiconductor Equipment & Materials,Software - Infrastructure,False
CEG,CSCO,0.4368057668970815,Utilities - Independent Power Producers,Communication Equipment,False
FTNT,GFS,0.4367658178798341,Software - Infrastructure,Semiconductors,False
GFS,WDAY,0.43674476038327464,Semiconductors,Software - Application,False
MAR,PANW,0.43671360079282096,Lodging,Software - Infrastructure,False
COST,CTAS,0.43669978679671007,Discount Stores,Specialty Business Services,False
ADSK,MSFT,0.43658349011847447,Software - Application,Software - Infrastructure,False
COST,ROP,0.43648203563569177,Discount Stores,Software - Application,False
CDW,FTNT,0.4361578054061761,Information Technology Services,Software - Infrastructure,False
AMAT,MSTR,0.43604099743033026,Semiconductor Equipment & Materials,Software - Application,False
APP,DASH,0.4360039699657127,Advertising Agencies,Internet Retail,False
META,PANW,0.4358675121085879,Internet Content & Information,Software - Infrastructure,False
CSCO,PYPL,0.4356134599195659,Communication Equipment,Credit Services,False
CSCO,META,0.4356056859518846,Communication Equipment,Internet Content & Information,False
NXPI,ZS,0.4355114781365561,Semiconductors,Software - Infrastructure,False
MAR,TSLA,0.4354490075051038,Lodging,Auto Manufacturers,False
AMZN,BKR,0.43535824539594264,Internet Retail,Oil & Gas Equipment & Services,False
FANG,GFS,0.4352582971658759,Oil & Gas E&P,Semiconductors,False
ADBE,ADI,0.435210497836197,Software - Application,Semiconductors,False
ABNB,KLAC,0.43516272554091573,Travel Services,Semiconductor Equipment & Materials,False
AAPL,ROP,0.4350558549280501,Consumer Electronics,Software - Application,False
ISRG,MSFT,0.4349202297423634,Medical Instruments & Supplies,Software - Infrastructure,False
AMD,PYPL,0.434898593610243,Semiconductors,Credit Services,False
GFS,SBUX,0.434626561550167,Semiconductors,Restaurants,False
CSCO,CSX,0.4345577361513561,Communication Equipment,Railroads,False
FAST,ODFL,0.43438369086079726,Industrial Distribution,Trucking,False
FTNT,QCOM,0.4343453593312093,Software - Infrastructure,Semiconductors,False
AVGO,TSLA,0.43408135944988263,Semiconductors,Auto Manufacturers,False
LULU,NXPI,0.43402625715053256,Apparel Retail,Semiconductors,False
BKR,MCHP,0.43401968137984426,Oil & Gas Equipment & Services,Semiconductors,False
FTNT,LRCX,0.43400186860414164,Software - Infrastructure,Semiconductor Equipment & Materials,False
HON,ISRG,0.43381925089718515,Conglomerates,Medical Instruments & Supplies,False
ASML,PLTR,0.43378986202256387,Semiconductor Equipment & Materials,Software - Infrastructure,False
DASH,MSTR,0.4337758150133712,Internet Retail,Software - Application,False
NXPI,WDAY,0.4336419246171356,Semiconductors,Software - Application,False
CPRT,LIN,0.4334174097931862,Specialty Business Services,Specialty Chemicals,False
FANG,MRVL,0.43335290497640505,Oil & Gas E&P,Semiconductors,False
AXON,INTU,0.4332578392233481,Aerospace & Defense,Software - Application,False
AMAT,BKR,0.43298526685630984,Semiconductor Equipment & Materials,Oil & Gas Equipment & Services,False
CTSH,LRCX,0.43285870634703666,Information Technology Services,Semiconductor Equipment & Materials,False
CSCO,ROP,0.4327588026151093,Communication Equipment,Software - Application,False
AAPL,ZS,0.4325713935456591,Consumer Electronics,Software - Infrastructure,False
BKNG,MSFT,0.43251690100247386,Travel Services,Software - Infrastructure,False
KLAC,WBD,0.4322638766219845,Semiconductor Equipment & Materials,Entertainment,False
CSCO,ON,0.43224144730883146,Communication Equipment,Semiconductors,False
QCOM,TEAM,0.4321217081551659,Semiconductors,Software - Application,False
INTC,KLAC,0.43192366685745565,Semiconductors,Semiconductor Equipment & Materials,False
DASH,NVDA,0.43177872028700537,Internet Retail,Semiconductors,False
ORLY,PAYX,0.43154259527090283,Auto Parts,Software - Application,False
FANG,TXN,0.43151861479106746,Oil & Gas E&P,Semiconductors,False
GFS,WBD,0.4314000432674833,Semiconductors,Entertainment,False
CDW,PANW,0.43125432413224457,Information Technology Services,Software - Infrastructure,False
CCEP,MDLZ,0.4312052813509589,Beverages - Non-Alcoholic,Confectioners,False
ASML,INTC,0.43111210757713436,Semiconductor Equipment & Materials,Semiconductors,False
FTNT,KLAC,0.43110495858606185,Software - Infrastructure,Semiconductor Equipment & Materials,False
FTNT,MCHP,0.4309238004173478,Software - Infrastructure,Semiconductors,False
ADI,TEAM,0.4308392667530923,Semiconductors,Software - Application,False
APP,CEG,0.4308093939108406,Advertising Agencies,Utilities - Independent Power Producers,False
ADSK,KLAC,0.4307290369713702,Software - Application,Semiconductor Equipment & Materials,False
APP,MU,0.43050185648502914,Advertising Agencies,Semiconductors,False
FANG,SBUX,0.4302464874334773,Oil & Gas E&P,Restaurants,False
MDB,MRVL,0.43024612870490225,Software - Infrastructure,Semiconductors,False
MSTR,PYPL,0.4302374838560167,Software - Application,Credit Services,False
CTAS,INTU,0.43018979706977767,Specialty Business Services,Software - Application,False
ADBE,MCHP,0.43007948274018637,Software - Application,Semiconductors,False
ABNB,LRCX,0.4297815392172558,Travel Services,Semiconductor Equipment & Materials,False
ADI,ZS,0.42975551068884776,Semiconductors,Software - Infrastructure,False
LIN,SBUX,0.4297424359308642,Specialty Chemicals,Restaurants,False
MAR,MRVL,0.42972766520860256,Lodging,Semiconductors,False
MSFT,NFLX,0.42945831392256834,Software - Infrastructure,Entertainment,False
BKR,NVDA,0.4294482278930781,Oil & Gas Equipment & Services,Semiconductors,False
ADP,MNST,0.4290061615054135,Software - Application,Beverages - Non-Alcoholic,False
PANW,TSLA,0.4289817048324793,Software - Infrastructure,Auto Manufacturers,False
ADBE,AMZN,0.4287036389259413,Software - Application,Internet Retail,False
CTSH,ISRG,0.42847802973036575,Information Technology Services,Medical Instruments & Supplies,False
MSFT,NXPI,0.42843597821494617,Software - Infrastructure,Semiconductors,False
PYPL,TSLA,0.4283989913167945,Credit Services,Auto Manufacturers,False
CSX,QCOM,0.42839467949863014,Railroads,Semiconductors,False
ADBE,LIN,0.4282807875569703,Software - Application,Specialty Chemicals,False
FAST,MAR,0.4281013480970351,Industrial Distribution,Lodging,False
CRWD,WDAY,0.42798947961162176,Software - Infrastructure,Software - Application,False
CDNS,CDW,0.4278892842731386,Software - Application,Information Technology Services,False
CRWD,MCHP,0.42783218083750235,Software - Infrastructure,Semiconductors,False
CSCO,DASH,0.4278007454947478,Communication Equipment,Internet Retail,False
CSX,CTAS,0.42779834967390373,Railroads,Specialty Business Services,False
AMGN,KHC,0.4277833621636429,Drug Manufacturers - General,Packaged Foods,False
FAST,GEHC,0.4275299985531684,Industrial Distribution,Medical Devices,False
BKNG,NVDA,0.4275172588963061,Travel Services,Semiconductors,False
FANG,GEHC,0.427512134411578,Oil & Gas E&P,Medical Devices,False
AMZN,APP,0.4274404927684829,Internet Retail,Advertising Agencies,False
AAPL,CRWD,0.42722375873093454,Consumer Electronics,Software - Infrastructure,False
AXON,CDNS,0.4271002042962824,Aerospace & Defense,Software - Application,False
AVGO,BKR,0.42698509264292894,Semiconductors,Oil & Gas Equipment & Services,False
PCAR,WBD,0.4268899991764081,Farm & Heavy Construction Machinery,Entertainment,False
AAPL,TEAM,0.4268476089232985,Consumer Electronics,Software - Application,False
ARM,NFLX,0.42666813767518874,Semiconductors,Entertainment,False
AAPL,CTAS,0.42649928438791956,Consumer Electronics,Specialty Business Services,False
CTSH,ROST,0.4264781506742439,Information Technology Services,Apparel Retail,False
ADI,ROST,0.4262496372204214,Semiconductors,Apparel Retail,False
LIN,PCAR,0.4260115928447554,Specialty Chemicals,Farm & Heavy Construction Machinery,False
DASH,LRCX,0.4260086851894411,Internet Retail,Semiconductor Equipment & Materials,False
LULU,ODFL,0.42582455041481243,Apparel Retail,Trucking,False
ABNB,NVDA,0.42576732254957617,Travel Services,Semiconductors,False
PLTR,QCOM,0.425766782160236,Software - Infrastructure,Semiconductors,False
ADBE,FAST,0.42574451045661993,Software - Application,Industrial Distribution,False
GFS,ZS,0.42573395027961985,Semiconductors,Software - Infrastructure,False
NXPI,ROST,0.4257316177910989,Semiconductors,Apparel Retail,False
CDW,NVDA,0.42558910910147346,Information Technology Services,Semiconductors,False
CSCO,LIN,0.42558545142873716,Communication Equipment,Specialty Chemicals,False
CDNS,MAR,0.42553765397265075,Software - Application,Lodging,False
AMZN,SNPS,0.4254595011143972,Internet Retail,Software - Infrastructure,False
ABNB,CSGP,0.4252586774600208,Travel Services,Real Estate Services,False
ISRG,ON,0.42505195936165524,Medical Instruments & Supplies,Semiconductors,False
CSGP,MAR,0.42479169325215405,Real Estate Services,Lodging,False
META,SBUX,0.42477566201546846,Internet Content & Information,Restaurants,False
FTNT,MAR,0.42472727615297884,Software - Infrastructure,Lodging,False
AMD,CDW,0.4245681061606609,Semiconductors,Information Technology Services,False
BIIB,HON,0.4245375486640313,Drug Manufacturers - General,Conglomerates,False
GOOGL,MSFT,0.4244698562956885,Internet Content & Information,Software - Infrastructure,False
BKNG,PANW,0.42442609888341754,Travel Services,Software - Infrastructure,False
ODFL,ROP,0.42438509494380894,Trucking,Software - Application,False
CRWD,GFS,0.4242940866441604,Software - Infrastructure,Semiconductors,False
GFS,ROST,0.4242323560657362,Semiconductors,Apparel Retail,False
BKNG,ROP,0.4240240816156171,Travel Services,Software - Application,False
HON,ROP,0.42401034538628946,Conglomerates,Software - Application,False
DASH,MCHP,0.42400362471184044,Internet Retail,Semiconductors,False
CPRT,MAR,0.42390469696052246,Specialty Business Services,Lodging,False
INTU,MCHP,0.42386037340151284,Software - Application,Semiconductors,False
ASML,SBUX,0.4238015144999646,Semiconductor Equipment & Materials,Restaurants,False
MCHP,WDAY,0.42379224533086085,Semiconductors,Software - Application,False
CMCSA,ODFL,0.4234158779975398,Telecom Services,Trucking,False
ADSK,TXN,0.4228433954670537,Software - Application,Semiconductors,False
BKR,GFS,0.4227652307588726,Oil & Gas Equipment & Services,Semiconductors,False
APP,MSFT,0.422638218507119,Advertising Agencies,Software - Infrastructure,False
AMZN,INTU,0.42246442056682837,Internet Retail,Software - Application,False
FANG,PCAR,0.4224165983794154,Oil & Gas E&P,Farm & Heavy Construction Machinery,False
LIN,ODFL,0.42236755360667916,Specialty Chemicals,Trucking,False
CSX,FAST,0.42230491179073587,Railroads,Industrial Distribution,False
AAPL,ISRG,0.4221404692998291,Consumer Electronics,Medical Instruments & Supplies,False
ASML,SNPS,0.42207011096785163,Semiconductor Equipment & Materials,Software - Infrastructure,False
LIN,MNST,0.42203874163901667,Specialty Chemicals,Beverages - Non-Alcoholic,False
FTNT,PYPL,0.421726685043159,Software - Infrastructure,Credit Services,False
PYPL,TTD,0.4216542746672194,Credit Services,Advertising Agencies,False
ASML,PYPL,0.4215586552199065,Semiconductor Equipment & Materials,Credit Services,False
BIIB,PEP,0.42149724066707256,Drug Manufacturers - General,Beverages - Non-Alcoholic,False
BKR,ISRG,0.4213854190613575,Oil & Gas Equipment & Services,Medical Instruments & Supplies,False
ON,WBD,0.4212355350962113,Semiconductors,Entertainment,False
CTSH,PANW,0.42122328908466533,Information Technology Services,Software - Infrastructure,False
GFS,TEAM,0.42090465631610213,Semiconductors,Software - Application,False
KHC,VRSK,0.4208790229711859,Packaged Foods,Consulting Services,False
GFS,ISRG,0.42026284444870277,Semiconductors,Medical Instruments & Supplies,False
AAPL,ADP,0.4202048537208073,Consumer Electronics,Software - Application,False
AVGO,ISRG,0.41991819240467904,Semiconductors,Medical Instruments & Supplies,False
AMD,CEG,0.4199014824244753,Semiconductors,Utilities - Independent Power Producers,False
CEG,ZS,0.41984711525727425,Utilities - Independent Power Producers,Software - Infrastructure,False
NFLX,PLTR,0.41982361989078726,Entertainment,Software - Infrastructure,False
EXC,PEP,0.4195731761547202,Utilities - Regulated Electric,Beverages - Non-Alcoholic,False
CEG,TSLA,0.4193981661071794,Utilities - Independent Power Producers,Auto Manufacturers,False
AMD,CRWD,0.4193311907030387,Semiconductors,Software - Infrastructure,False
ISRG,PYPL,0.41928316307432834,Medical Instruments & Supplies,Credit Services,False
GFS,GOOGL,0.4192507710880628,Semiconductors,Internet Content & Information,False
ABNB,MDB,0.4191653113092811,Travel Services,Software - Infrastructure,False
CTSH,KLAC,0.4190934414527644,Information Technology Services,Semiconductor Equipment & Materials,False
CSGP,LIN,0.4189538849797969,Real Estate Services,Specialty Chemicals,False
AMAT,MSFT,0.4189284860484203,Semiconductor Equipment & Materials,Software - Infrastructure,False
BKNG,HON,0.41888713687238216,Travel Services,Conglomerates,False
ADBE,CSX,0.41882459479847844,Software - Application,Railroads,False
AMAT,SNPS,0.41878500790381906,Semiconductor Equipment & Materials,Software - Infrastructure,False
ASML,BKNG,0.418757423388136,Semiconductor Equipment & Materials,Travel Services,False
ADBE,CTAS,0.41867191620585953,Software - Application,Specialty Business Services,False
ADI,ADP,0.4186049916268926,Semiconductors,Software - Application,False
ASML,MAR,0.41850148166572015,Semiconductor Equipment & Materials,Lodging,False
PYPL,TEAM,0.4184892583987003,Credit Services,Software - Application,False
BKR,MAR,0.4184714094207174,Oil & Gas Equipment & Services,Lodging,False
ARM,MSTR,0.418206637474673,Semiconductors,Software - Application,False
CMCSA,NXPI,0.41792750982701404,Telecom Services,Semiconductors,False
MAR,WDAY,0.41789248989740496,Lodging,Software - Application,False
ABNB,GEHC,0.4178750357280433,Travel Services,Medical Devices,False
PAYX,PCAR,0.41787411873411284,Software - Application,Farm & Heavy Construction Machinery,False
CSX,ROP,0.4176834734137729,Railroads,Software - Application,False
FANG,ON,0.4175702203087888,Oil & Gas E&P,Semiconductors,False
AMZN,FANG,0.4175616349472037,Internet Retail,Oil & Gas E&P,False
GOOGL,PLTR,0.4175472856034282,Internet Content & Information,Software - Infrastructure,False
CCEP,XEL,0.41750143175067994,Beverages - Non-Alcoholic,Utilities - Regulated Electric,False
ARM,PYPL,0.4173810337818511,Semiconductors,Credit Services,False
CTAS,ORLY,0.4173489163159637,Specialty Business Services,Auto Parts,False
DASH,FTNT,0.41732812988818135,Internet Retail,Software - Infrastructure,False
ADSK,CPRT,0.4171713880685519,Software - Application,Specialty Business Services,False
AMZN,WDAY,0.4170791053115617,Internet Retail,Software - Application,False
BKR,CDNS,0.4170432882941382,Oil & Gas Equipment & Services,Software - Application,False
INTU,KLAC,0.4169233881126506,Software - Application,Semiconductor Equipment & Materials,False
ORLY,TMUS,0.41690383241584955,Auto Parts,Telecom Services,False
ADP,CSX,0.41684354165338117,Software - Application,Railroads,False
DASH,TSLA,0.4167522281608796,Internet Retail,Auto Manufacturers,False
MAR,MSFT,0.41638018017371825,Lodging,Software - Infrastructure,False
CSX,PYPL,0.4161509300603703,Railroads,Credit Services,False
CDW,CEG,0.4160910608064079,Information Technology Services,Utilities - Independent Power Producers,False
BKR,PCAR,0.4160666606525735,Oil & Gas Equipment & Services,Farm & Heavy Construction Machinery,False
ADSK,MDB,0.4160648600871914,Software - Application,Software - Infrastructure,False
BIIB,KHC,0.4159835370421192,Drug Manufacturers - General,Packaged Foods,False
GFS,META,0.4158006010795671,Semiconductors,Internet Content & Information,False
CRWD,NFLX,0.4157609056829447,Software - Infrastructure,Entertainment,False
META,TXN,0.41574072559144953,Internet Content & Information,Semiconductors,False
LRCX,SNPS,0.41548492018945543,Semiconductor Equipment & Materials,Software - Infrastructure,False
FANG,MU,0.4152971445400114,Oil & Gas E&P,Semiconductors,False
GEHC,PANW,0.4149535208714623,Medical Devices,Software - Infrastructure,False
CSX,PAYX,0.41489062022201445,Railroads,Software - Application,False
CTSH,WBD,0.4146649052250628,Information Technology Services,Entertainment,False
GEHC,WBD,0.414476437994649,Medical Devices,Entertainment,False
ADSK,META,0.41444252662619935,Software - Application,Internet Content & Information,False
ADSK,LIN,0.41440677893545347,Software - Application,Specialty Chemicals,False
CTAS,TXN,0.4143569362123695,Specialty Business Services,Semiconductors,False
AMGN,REGN,0.4140728860772813,Drug Manufacturers - General,Biotechnology,False
LIN,MCHP,0.4139365281547898,Specialty Chemicals,Semiconductors,False
TXN,WBD,0.41376742696174335,Semiconductors,Entertainment,False
PYPL,WBD,0.413672282003093,Credit Services,Entertainment,False
AXON,NVDA,0.413521673653053,Aerospace & Defense,Semiconductors,False
ABNB,MU,0.4133271517962887,Travel Services,Semiconductors,False
AMAT,SBUX,0.4133085967531921,Semiconductor Equipment & Materials,Restaurants,False
LULU,PCAR,0.41324975955887516,Apparel Retail,Farm & Heavy Construction Machinery,False
DASH,ZS,0.41307105874566924,Internet Retail,Software - Infrastructure,False
CDNS,ON,0.41287743846449504,Software - Application,Semiconductors,False
ABNB,TSLA,0.4126470471910677,Travel Services,Auto Manufacturers,False
CDW,TSLA,0.41246262059966154,Information Technology Services,Auto Manufacturers,False
CMCSA,GEHC,0.4124084202822514,Telecom Services,Medical Devices,False
MCHP,ROP,0.41236787165432465,Semiconductors,Software - Application,False
GEHC,PAYX,0.41223386914210297,Medical Devices,Software - Application,False
BKR,LIN,0.41223172079753917,Oil & Gas Equipment & Services,Specialty Chemicals,False
AVGO,FTNT,0.4122233699976413,Semiconductors,Software - Infrastructure,False
APP,ISRG,0.4122166446926884,Advertising Agencies,Medical Instruments & Supplies,False
CTSH,META,0.4122011961763017,Information Technology Services,Internet Content & Information,False
PAYX,XEL,0.4121812892025691,Software - Application,Utilities - Regulated Electric,False
AMZN,CSGP,0.4121692503477123,Internet Retail,Real Estate Services,False
MELI,PLTR,0.41216167515942254,Internet Retail,Software - Infrastructure,False
FTNT,WBD,0.41207685690757656,Software - Infrastructure,Entertainment,False
MU,SBUX,0.41205174331813993,Semiconductors,Restaurants,False
BKNG,NFLX,0.4119313238677,Travel Services,Entertainment,False
CCEP,VRSK,0.41190622336683397,Beverages - Non-Alcoholic,Consulting Services,False
DDOG,MSFT,0.41178563324141676,Software - Application,Software - Infrastructure,False
ADSK,HON,0.41173694182488896,Software - Application,Conglomerates,False
TSLA,ZS,0.41154239795212677,Auto Manufacturers,Software - Infrastructure,False
ADI,WDAY,0.4115386108906813,Semiconductors,Software - Application,False
BKNG,CSX,0.4113833512687706,Travel Services,Railroads,False
PAYX,PEP,0.4113761011375213,Software - Application,Beverages - Non-Alcoholic,False
APP,PANW,0.41128973044272515,Advertising Agencies,Software - Infrastructure,False
AAPL,MU,0.41127461854128194,Consumer Electronics,Semiconductors,False
ABNB,WBD,0.41116735540795435,Travel Services,Entertainment,False
DDOG,MRVL,0.41087872255899455,Software - Application,Semiconductors,False
CCEP,ORLY,0.4108111566135509,Beverages - Non-Alcoholic,Auto Parts,False
AMGN,LIN,0.4102394759257601,Drug Manufacturers - General,Specialty Chemicals,False
BKNG,GEHC,0.41018038293350956,Travel Services,Medical Devices,False
ARM,DDOG,0.4099374863632827,Semiconductors,Software - Application,False
ADBE,TXN,0.40955059029672874,Software - Application,Semiconductors,False
BKR,SBUX,0.4095278741270111,Oil & Gas Equipment & Services,Restaurants,False
CSCO,PLTR,0.40946428481602093,Communication Equipment,Software - Infrastructure,False
CRWD,MAR,0.4092309115528062,Software - Infrastructure,Lodging,False
CSGP,PYPL,0.40912042118444597,Real Estate Services,Credit Services,False
GFS,LULU,0.40908611028443426,Semiconductors,Apparel Retail,False
DXCM,QCOM,0.4090489712149885,Medical Devices,Semiconductors,False
APP,ASML,0.4089490853011269,Advertising Agencies,Semiconductor Equipment & Materials,False
BKNG,CDNS,0.40892128814871964,Travel Services,Software - Application,False
ODFL,SBUX,0.4088670176645071,Trucking,Restaurants,False
CSX,ON,0.4087768512055271,Railroads,Semiconductors,False
FANG,MAR,0.4087738909386007,Oil & Gas E&P,Lodging,False
DASH,MU,0.40859668037688796,Internet Retail,Semiconductors,False
KLAC,SNPS,0.4085864867015705,Semiconductor Equipment & Materials,Software - Infrastructure,False
CSGP,PCAR,0.4085048159065111,Real Estate Services,Farm & Heavy Construction Machinery,False
CTAS,SBUX,0.4084534153506672,Specialty Business Services,Restaurants,False
ABNB,HON,0.4080674019125422,Travel Services,Conglomerates,False
CTAS,ODFL,0.40795645640893036,Specialty Business Services,Trucking,False
FAST,KHC,0.40763408703296594,Industrial Distribution,Packaged Foods,False
AXON,ZS,0.4076226448952734,Aerospace & Defense,Software - Infrastructure,False
CDW,ROP,0.4075305604994526,Information Technology Services,Software - Application,False
BKR,TSLA,0.4074576820475427,Oil & Gas Equipment & Services,Auto Manufacturers,False
BKNG,ROST,0.40734479770145005,Travel Services,Apparel Retail,False
ARM,TEAM,0.4071309422077185,Semiconductors,Software - Application,False
APP,KLAC,0.4071187463271399,Advertising Agencies,Semiconductor Equipment & Materials,False
MSFT,PYPL,0.40690800006485367,Software - Infrastructure,Credit Services,False
ADP,ISRG,0.406604125874001,Software - Application,Medical Instruments & Supplies,False
AVGO,MSTR,0.40642046806738485,Semiconductors,Software - Application,False
AMGN,HON,0.4063974820205307,Drug Manufacturers - General,Conglomerates,False
AMAT,CTSH,0.40638632194626045,Semiconductor Equipment & Materials,Information Technology Services,False
TMUS,XEL,0.40613892150936537,Telecom Services,Utilities - Regulated Electric,False
ADBE,ON,0.4059610648213321,Software - Application,Semiconductors,False
LIN,TMUS,0.4057332382783001,Specialty Chemicals,Telecom Services,False
AMZN,CEG,0.40564071442250266,Internet Retail,Utilities - Independent Power Producers,False
FANG,ISRG,0.4056306246394786,Oil & Gas E&P,Medical Instruments & Supplies,False
PYPL,ROP,0.40557328803966436,Credit Services,Software - Application,False
ASML,DASH,0.40550398283641287,Semiconductor Equipment & Materials,Internet Retail,False
ADSK,SBUX,0.40521450359024674,Software - Application,Restaurants,False
AAPL,CDNS,0.4050860521998039,Consumer Electronics,Software - Application,False
MDLZ,MNST,0.404981414933421,Confectioners,Beverages - Non-Alcoholic,False
ASML,ZS,0.40478600726471564,Semiconductor Equipment & Materials,Software - Infrastructure,False
ADSK,ASML,0.4047279319603414,Software - Application,Semiconductor Equipment & Materials,False
BKNG,CTAS,0.4047199822204806,Travel Services,Specialty Business Services,False
ISRG,LIN,0.4046634494977415,Medical Instruments & Supplies,Specialty Chemicals,False
ADBE,ISRG,0.4041474993479475,Software - Application,Medical Instruments & Supplies,False
ISRG,SBUX,0.40404010401391005,Medical Instruments & Supplies,Restaurants,False
ARM,MAR,0.4039649194722968,Semiconductors,Lodging,False
KHC,LIN,0.4038621254004158,Packaged Foods,Specialty Chemicals,False
NFLX,PANW,0.4038560072297278,Entertainment,Software - Infrastructure,False
MSTR,ZS,0.40380663379675097,Software - Application,Software - Infrastructure,False
LULU,QCOM,0.4034236365699831,Apparel Retail,Semiconductors,False
ADBE,ZS,0.4033919109265721,Software - Application,Software - Infrastructure,False
DASH,MAR,0.4032029143388117,Internet Retail,Lodging,False
AAPL,BKR,0.4031774602773473,Consumer Electronics,Oil & Gas Equipment & Services,False
ADSK,CSX,0.4031213831414517,Software - Application,Railroads,False
DASH,NFLX,0.40292358889614727,Internet Retail,Entertainment,False
CPRT,FAST,0.4027767902322368,Specialty Business Services,Industrial Distribution,False
MDLZ,XEL,0.4027380833849914,Confectioners,Utilities - Regulated Electric,False
MRVL,PYPL,0.4025822412406349,Semiconductors,Credit Services,False
MSFT,WDAY,0.4023662182866024,Software - Infrastructure,Software - Application,False
ABNB,CDNS,0.40233293993417935,Travel Services,Software - Application,False
HON,ODFL,0.4023091910342292,Conglomerates,Trucking,False
BKNG,SBUX,0.40215393060581733,Travel Services,Restaurants,False
ADBE,CSGP,0.40201291462458505,Software - Application,Real Estate Services,False
CSGP,NXPI,0.40193418753851645,Real Estate Services,Semiconductors,False
AMAT,ZS,0.40191806369490707,Semiconductor Equipment & Materials,Software - Infrastructure,False
CTAS,PYPL,0.40190350816201825,Specialty Business Services,Credit Services,False
CSX,LRCX,0.40185722805702867,Railroads,Semiconductor Equipment & Materials,False
APP,ARM,0.4016854400135554,Advertising Agencies,Semiconductors,False
ABNB,BKR,0.40157610119750903,Travel Services,Oil & Gas Equipment & Services,False
ODFL,PAYX,0.4013618365592303,Trucking,Software - Application,False
CCEP,TMUS,0.40130147048193177,Beverages - Non-Alcoholic,Telecom Services,False
CDW,CSGP,0.4011046234688804,Information Technology Services,Real Estate Services,False
MELI,WDAY,0.40109908918682186,Internet Retail,Software - Application,False
CSCO,INTU,0.4009160600312837,Communication Equipment,Software - Application,False
CEG,PANW,0.40089981397947666,Utilities - Independent Power Producers,Software - Infrastructure,False
GOOGL,ZS,0.40081426162412986,Internet Content & Information,Software - Infrastructure,False
CSGP,ROP,0.40076112268197944,Real Estate Services,Software - Application,False
ABNB,ADP,0.4006460285580458,Travel Services,Software - Application,False
ADSK,CSGP,0.4005955368727962,Software - Application,Real Estate Services,False
CDW,CTAS,0.4005120002683822,Information Technology Services,Specialty Business Services,False
BKNG,PCAR,0.40047763550307275,Travel Services,Farm & Heavy Construction Machinery,False
ABNB,APP,0.4004018136292913,Travel Services,Advertising Agencies,False
AMZN,SBUX,0.40026452220251163,Internet Retail,Restaurants,False
PLTR,TEAM,0.40023444521733864,Software - Infrastructure,Software - Application,False
INTU,LIN,0.40019860010685326,Software - Application,Specialty Chemicals,False
ADI,MSTR,0.4001824601412123,Semiconductors,Software - Application,False
MAR,MU,0.40003825381655583,Lodging,Semiconductors,False
ADSK,NFLX,0.3998430409412308,Software - Application,Entertainment,False
ASML,BKR,0.3996509530833597,Semiconductor Equipment & Materials,Oil & Gas Equipment & Services,False
HON,ROST,0.3995847965045788,Conglomerates,Apparel Retail,False
ADSK,LRCX,0.3995635823893359,Software - Application,Semiconductor Equipment & Materials,False
CTAS,TMUS,0.3995249188285161,Specialty Business Services,Telecom Services,False
DDOG,TTD,0.39941588060740413,Software - Application,Advertising Agencies,False
GOOGL,NXPI,0.39939612477477127,Internet Content & Information,Semiconductors,False
GFS,MSFT,0.39937685603820783,Semiconductors,Software - Infrastructure,False
CDNS,DASH,0.3993235166789609,Software - Application,Internet Retail,False
AAPL,CMCSA,0.39924211506984636,Consumer Electronics,Telecom Services,False
NXPI,SNPS,0.39912980089485955,Semiconductors,Software - Infrastructure,False
ADSK,ON,0.39904272384624306,Software - Application,Semiconductors,False
QCOM,WDAY,0.39874692425491304,Semiconductors,Software - Application,False
ARM,ROST,0.398543818588428,Semiconductors,Apparel Retail,False
INTU,LRCX,0.39852627595578194,Software - Application,Semiconductor Equipment & Materials,False
ODFL,PANW,0.39817035406706897,Trucking,Software - Infrastructure,False
ISRG,SNPS,0.3981158194268479,Medical Instruments & Supplies,Software - Infrastructure,False
META,ODFL,0.3980975420389647,Internet Content & Information,Trucking,False
AMGN,MDLZ,0.39770511867123765,Drug Manufacturers - General,Confectioners,False
ASML,FTNT,0.3976955491455134,Semiconductor Equipment & Materials,Software - Infrastructure,False
ADI,DXCM,0.39767242875832665,Semiconductors,Medical Devices,False
FANG,KLAC,0.39749305278896097,Oil & Gas E&P,Semiconductor Equipment & Materials,False
CTSH,FTNT,0.3973932745990049,Information Technology Services,Software - Infrastructure,False
CRWD,INTC,0.39737785071018666,Software - Infrastructure,Semiconductors,False
BKNG,TSLA,0.39697784067916353,Travel Services,Auto Manufacturers,False
BKNG,WBD,0.3966824727444158,Travel Services,Entertainment,False
AMAT,BKNG,0.39666081019533245,Semiconductor Equipment & Materials,Travel Services,False
ADBE,META,0.39665986599405295,Software - Application,Internet Content & Information,False
AAPL,MRVL,0.39662839532780264,Consumer Electronics,Semiconductors,False
CEG,DASH,0.396532449294291,Utilities - Independent Power Producers,Internet Retail,False
DASH,GFS,0.39650502313805003,Internet Retail,Semiconductors,False
MU,PYPL,0.3964376886494988,Semiconductors,Credit Services,False
CDW,INTU,0.39621435857694465,Information Technology Services,Software - Application,False
LIN,ORLY,0.39617219764041267,Specialty Chemicals,Auto Parts,False
ADP,SBUX,0.39616660941881443,Software - Application,Restaurants,False
CMCSA,CTAS,0.3960232555323849,Telecom Services,Specialty Business Services,False
ISRG,WDAY,0.39595639885130046,Medical Instruments & Supplies,Software - Application,False
CDW,LULU,0.3959249454274503,Information Technology Services,Apparel Retail,False
BKR,PYPL,0.39584896630198335,Oil & Gas Equipment & Services,Credit Services,False
ADSK,ROST,0.3957286175339672,Software - Application,Apparel Retail,False
MSTR,ON,0.3954878770440653,Software - Application,Semiconductors,False
INTU,MAR,0.39516295531222745,Software - Application,Lodging,False
NVDA,SNPS,0.3948792483126356,Semiconductors,Software - Infrastructure,False
FANG,WBD,0.39484299718198673,Oil & Gas E&P,Entertainment,False
GFS,MSTR,0.39483366163148165,Semiconductors,Software - Application,False
ADSK,AVGO,0.39436013382064183,Software - Application,Semiconductors,False
QCOM,SNPS,0.39427862402134095,Semiconductors,Software - Infrastructure,False
CTAS,KHC,0.3940839737638365,Specialty Business Services,Packaged Foods,False
PANW,WBD,0.39342443227237966,Software - Infrastructure,Entertainment,False
CSCO,FTNT,0.39311871048374203,Communication Equipment,Software - Infrastructure,False
AXON,PANW,0.3929660820103331,Aerospace & Defense,Software - Infrastructure,False
APP,NFLX,0.3928997370857284,Advertising Agencies,Entertainment,False
AMZN,PCAR,0.3927669612654116,Internet Retail,Farm & Heavy Construction Machinery,False
AMZN,CSX,0.3927657929560027,Internet Retail,Railroads,False
ADI,LULU,0.392732054036777,Semiconductors,Apparel Retail,False
ADSK,MELI,0.39251326995806735,Software - Application,Internet Retail,False
ASML,PCAR,0.39233473001732644,Semiconductor Equipment & Materials,Farm & Heavy Construction Machinery,False
EXC,VRSK,0.3919287342458174,Utilities - Regulated Electric,Consulting Services,False
AMZN,ROST,0.3917330346742654,Internet Retail,Apparel Retail,False
BKR,CSGP,0.3916876774237829,Oil & Gas Equipment & Services,Real Estate Services,False
CPRT,ODFL,0.3915470312389658,Specialty Business Services,Trucking,False
MRVL,TEAM,0.3914392769356499,Semiconductors,Software - Application,False
BKR,CRWD,0.39140174235654096,Oil & Gas Equipment & Services,Software - Infrastructure,False
DXCM,LRCX,0.3913878816372598,Medical Devices,Semiconductor Equipment & Materials,False
AMZN,LULU,0.39138015541083104,Internet Retail,Apparel Retail,False
ADSK,TSLA,0.391370391966785,Software - Application,Auto Manufacturers,False
BKNG,PLTR,0.3912602854528944,Travel Services,Software - Infrastructure,False
DXCM,ON,0.3909410771466499,Medical Devices,Semiconductors,False
INTU,NVDA,0.3908843784068229,Software - Application,Semiconductors,False
ORLY,ROP,0.3908514889237419,Auto Parts,Software - Application,False
AVGO,DASH,0.39063594187937556,Semiconductors,Internet Retail,False
GFS,INTU,0.3906311358133595,Semiconductors,Software - Application,False
BKNG,DXCM,0.39056899588195787,Travel Services,Medical Devices,False
CSCO,PCAR,0.3904535154152681,Communication Equipment,Farm & Heavy Construction Machinery,False
AMZN,NFLX,0.39029584206949675,Internet Retail,Entertainment,False
ADSK,PLTR,0.3900290076600973,Software - Application,Software - Infrastructure,False
COST,ISRG,0.38996948305751467,Discount Stores,Medical Instruments & Supplies,False
AMZN,HON,0.38995677072712304,Internet Retail,Conglomerates,False
CSGP,GFS,0.38992136867176763,Real Estate Services,Semiconductors,False
CTSH,FANG,0.38991647472009233,Information Technology Services,Oil & Gas E&P,False
AXON,TEAM,0.3896542895407064,Aerospace & Defense,Software - Application,False
CPRT,PAYX,0.3896152226874858,Specialty Business Services,Software - Application,False
AMD,PANW,0.38958477292882876,Semiconductors,Software - Infrastructure,False
CSGP,HON,0.38945480690338097,Real Estate Services,Conglomerates,False
AMD,GEHC,0.3894344593072703,Semiconductors,Medical Devices,False
AMAT,DASH,0.3893846154991095,Semiconductor Equipment & Materials,Internet Retail,False
ON,PANW,0.38927039497364235,Semiconductors,Software - Infrastructure,False
CEG,GOOGL,0.38926843032088504,Utilities - Independent Power Producers,Internet Content & Information,False
AVGO,DDOG,0.3892076759312026,Semiconductors,Software - Application,False
AVGO,AXON,0.38918387410237226,Semiconductors,Aerospace & Defense,False
GEHC,INTU,0.38912240461011066,Medical Devices,Software - Application,False
ADSK,NVDA,0.38862400405290387,Software - Application,Semiconductors,False
HON,LRCX,0.38858002485414483,Conglomerates,Semiconductor Equipment & Materials,False
DXCM,MCHP,0.38851353079986517,Medical Devices,Semiconductors,False
AEP,ORLY,0.38844767308296957,Utilities - Regulated Electric,Auto Parts,False
CSX,KLAC,0.3882624678714127,Railroads,Semiconductor Equipment & Materials,False
ABNB,AMD,0.38819875081834343,Travel Services,Semiconductors,False
CTAS,ISRG,0.3881836188050218,Specialty Business Services,Medical Instruments & Supplies,False
PEP,XEL,0.38802335785474834,Beverages - Non-Alcoholic,Utilities - Regulated Electric,False
INTU,TXN,0.38781816755727533,Software - Application,Semiconductors,False
MU,WBD,0.38780907273799403,Semiconductors,Entertainment,False
CTAS,EXC,0.3877675372645635,Specialty Business Services,Utilities - Regulated Electric,False
MRVL,SBUX,0.38775129019380056,Semiconductors,Restaurants,False
ARM,INTU,0.3877046984982307,Semiconductors,Software - Application,False
CSCO,GOOGL,0.3875971432136359,Communication Equipment,Internet Content & Information,False
DASH,QCOM,0.38750766370924805,Internet Retail,Semiconductors,False
GEHC,SNPS,0.3873565547992315,Medical Devices,Software - Infrastructure,False
CDNS,CTSH,0.3872510347923326,Software - Application,Information Technology Services,False
PYPL,ROST,0.3872223948342959,Credit Services,Apparel Retail,False
DASH,INTU,0.387177056590912,Internet Retail,Software - Application,False
ADSK,ODFL,0.3869932405163644,Software - Application,Trucking,False
INTU,META,0.38695473465581876,Software - Application,Internet Content & Information,False
NXPI,ROP,0.3869331618329459,Semiconductors,Software - Application,False
BKNG,ON,0.3868266062278342,Travel Services,Semiconductors,False
ARM,DXCM,0.3868215238264896,Semiconductors,Medical Devices,False
DASH,ON,0.3867082030091698,Internet Retail,Semiconductors,False
CSGP,SBUX,0.38643944396173274,Real Estate Services,Restaurants,False
MELI,TEAM,0.3863750669694408,Internet Retail,Software - Application,False
NFLX,NVDA,0.38637271577435106,Entertainment,Semiconductors,False
BKNG,ODFL,0.3862068436945102,Travel Services,Trucking,False
CMCSA,PAYX,0.386183496095106,Telecom Services,Software - Application,False
MDLZ,PAYX,0.3860884225042218,Confectioners,Software - Application,False
CSCO,FAST,0.3858721295131723,Communication Equipment,Industrial Distribution,False
MDB,NXPI,0.38584652885287307,Software - Infrastructure,Semiconductors,False
ADI,APP,0.3857977158486767,Semiconductors,Advertising Agencies,False
GOOGL,MCHP,0.3856498891517529,Internet Content & Information,Semiconductors,False
ADP,ROST,0.38540957394065173,Software - Application,Apparel Retail,False
BKR,META,0.3854057573361104,Oil & Gas Equipment & Services,Internet Content & Information,False
HON,ON,0.3853538300083939,Conglomerates,Semiconductors,False
AMAT,FTNT,0.38534858560146185,Semiconductor Equipment & Materials,Software - Infrastructure,False
MDB,WDAY,0.3853310855601794,Software - Infrastructure,Software - Application,False
CRWD,ON,0.38532085382302006,Software - Infrastructure,Semiconductors,False
LULU,MCHP,0.38530465544293274,Apparel Retail,Semiconductors,False
CSGP,MCHP,0.3852546832470623,Real Estate Services,Semiconductors,False
ADP,CMCSA,0.3851880082565675,Software - Application,Telecom Services,False
AAPL,SNPS,0.3849674627874077,Consumer Electronics,Software - Infrastructure,False
INTU,PYPL,0.3849232555088434,Software - Application,Credit Services,False
MRVL,MSTR,0.38480415100254917,Semiconductors,Software - Application,False
AAPL,DDOG,0.3846085757997352,Consumer Electronics,Software - Application,False
ADI,CMCSA,0.38453029100900166,Semiconductors,Telecom Services,False
ADSK,DXCM,0.3844500667183087,Software - Application,Medical Devices,False
CSGP,QCOM,0.38439876564259456,Real Estate Services,Semiconductors,False
CCEP,CTAS,0.38435062534097153,Beverages - Non-Alcoholic,Specialty Business Services,False
MCHP,ROST,0.38432769397071725,Semiconductors,Apparel Retail,False
CCEP,EXC,0.38432382560345396,Beverages - Non-Alcoholic,Utilities - Regulated Electric,False
MU,PCAR,0.3841803467072506,Semiconductors,Farm & Heavy Construction Machinery,False
CMCSA,CTSH,0.3841495510508401,Telecom Services,Information Technology Services,False
META,NFLX,0.38402098077485314,Internet Content & Information,Entertainment,False
AAPL,INTU,0.38367764676524585,Consumer Electronics,Software - Application,False
PANW,TXN,0.3835317333532063,Software - Infrastructure,Semiconductors,False
MELI,PANW,0.383407881911112,Internet Retail,Software - Infrastructure,False
ADBE,CPRT,0.3833114429960862,Software - Application,Specialty Business Services,False
MELI,QCOM,0.3832781637796443,Internet Retail,Semiconductors,False
ADSK,BKR,0.38309841337837147,Software - Application,Oil & Gas Equipment & Services,False
TEAM,TTD,0.38268667653190913,Software - Application,Advertising Agencies,False
ADI,FAST,0.3826596461469218,Semiconductors,Industrial Distribution,False
MRVL,NFLX,0.38250474457693673,Semiconductors,Entertainment,False
GEHC,ZS,0.38248093487892154,Medical Devices,Software - Infrastructure,False
HON,KLAC,0.3822350068231581,Conglomerates,Semiconductor Equipment & Materials,False
EXC,PAYX,0.3822008048064375,Utilities - Regulated Electric,Software - Application,False
BKNG,GOOGL,0.38211873813758157,Travel Services,Internet Content & Information,False
ADBE,HON,0.38206733351291167,Software - Application,Conglomerates,False
BKR,CTSH,0.38205671310903366,Oil & Gas Equipment & Services,Information Technology Services,False
DDOG,MU,0.3819997453205742,Software - Application,Semiconductors,False
CDNS,TXN,0.3818744514907959,Software - Application,Semiconductors,False
ADBE,CRWD,0.38181357825584505,Software - Application,Software - Infrastructure,False
FANG,LIN,0.3816888971531219,Oil & Gas E&P,Specialty Chemicals,False
ADI,NFLX,0.38146168539865344,Semiconductors,Entertainment,False
ADSK,AMAT,0.38140863048209184,Software - Application,Semiconductor Equipment & Materials,False
ARM,WDAY,0.3812487176204113,Semiconductors,Software - Application,False
BKNG,ZS,0.38123953091962026,Travel Services,Software - Infrastructure,False
APP,GOOGL,0.3810340026311769,Advertising Agencies,Internet Content & Information,False
BKNG,CRWD,0.3809943597856169,Travel Services,Software - Infrastructure,False
ABNB,ARM,0.38059672155389507,Travel Services,Semiconductors,False
CSGP,GEHC,0.3803276764310326,Real Estate Services,Medical Devices,False
AAPL,COST,0.3800916511327009,Consumer Electronics,Discount Stores,False
AXON,WDAY,0.3799849475045635,Aerospace & Defense,Software - Application,False
ADP,PEP,0.379852602220892,Software - Application,Beverages - Non-Alcoholic,False
DASH,PYPL,0.37981646892633975,Internet Retail,Credit Services,False
ADI,PLTR,0.37981184162883114,Semiconductors,Software - Infrastructure,False
ADP,PCAR,0.37979750014666463,Software - Application,Farm & Heavy Construction Machinery,False
ADBE,SBUX,0.3797830390475733,Software - Application,Restaurants,False
MSFT,TEAM,0.37974870593896193,Software - Infrastructure,Software - Application,False
AVGO,MDB,0.3796992732984137,Semiconductors,Software - Infrastructure,False
DASH,TEAM,0.3796954346365233,Internet Retail,Software - Application,False
IDXX,MAR,0.3795439533972617,Diagnostics & Research,Lodging,False
CSCO,WDAY,0.37954002521810465,Communication Equipment,Software - Application,False
MAR,ZS,0.3793407273849696,Lodging,Software - Infrastructure,False
MELI,NFLX,0.3789511463867613,Internet Retail,Entertainment,False
MRVL,PANW,0.3789199167603449,Semiconductors,Software - Infrastructure,False
ARM,DASH,0.37891453564862876,Semiconductors,Internet Retail,False
TEAM,TXN,0.3788521663050087,Software - Application,Semiconductors,False
FTNT,MU,0.3788193273089227,Software - Infrastructure,Semiconductors,False
CTSH,INTU,0.3787820090926517,Information Technology Services,Software - Application,False
LULU,ON,0.3784888656283736,Apparel Retail,Semiconductors,False
MU,PDD,0.3780802610392864,Semiconductors,Internet Retail,False
QCOM,ROP,0.3779474723357616,Semiconductors,Software - Application,False
CTAS,MCHP,0.3779211639888343,Specialty Business Services,Semiconductors,False
CMCSA,PYPL,0.3778660479536881,Telecom Services,Credit Services,False
DDOG,NVDA,0.37781510464295276,Software - Application,Semiconductors,False
BKNG,MSTR,0.3777479563233068,Travel Services,Software - Application,False
ARM,BKNG,0.37773679725999476,Semiconductors,Travel Services,False
APP,CDNS,0.377700841931319,Advertising Agencies,Software - Application,False
CDW,MSFT,0.37756665259622035,Information Technology Services,Software - Infrastructure,False
CHTR,PYPL,0.37751289888928974,Telecom Services,Credit Services,False
CDW,PAYX,0.3775079081110279,Information Technology Services,Software - Application,False
ABNB,CTAS,0.37743782752000377,Travel Services,Specialty Business Services,False
CPRT,CSCO,0.3774184186350651,Specialty Business Services,Communication Equipment,False
AMAT,ROST,0.3773655611054581,Semiconductor Equipment & Materials,Apparel Retail,False
CSX,FANG,0.3773418938017148,Railroads,Oil & Gas E&P,False
GFS,LIN,0.3772451520419782,Semiconductors,Specialty Chemicals,False
CPRT,HON,0.37720364794216693,Specialty Business Services,Conglomerates,False
CDNS,LIN,0.3771575233151096,Software - Application,Specialty Chemicals,False
CEG,ISRG,0.37714971204013253,Utilities - Independent Power Producers,Medical Instruments & Supplies,False
NXPI,TTD,0.3771217604980648,Semiconductors,Advertising Agencies,False
LRCX,ROST,0.37701075737469913,Semiconductor Equipment & Materials,Apparel Retail,False
MNST,PAYX,0.37690737934112717,Beverages - Non-Alcoholic,Software - Application,False
CSCO,ROST,0.3768989250165653,Communication Equipment,Apparel Retail,False
DDOG,ISRG,0.37655235125290704,Software - Application,Medical Instruments & Supplies,False
DXCM,NXPI,0.3765317112310958,Medical Devices,Semiconductors,False
LRCX,ODFL,0.37639803106945613,Semiconductor Equipment & Materials,Trucking,False
FAST,NXPI,0.3762281744460525,Industrial Distribution,Semiconductors,False
CEG,FTNT,0.3762236423891105,Utilities - Independent Power Producers,Software - Infrastructure,False
ROST,TXN,0.3761493082294179,Apparel Retail,Semiconductors,False
TMUS,VRSK,0.37613064829448495,Telecom Services,Consulting Services,False
CPRT,CTSH,0.37606564120807856,Specialty Business Services,Information Technology Services,False
PYPL,SBUX,0.37589324860371576,Credit Services,Restaurants,False
AMAT,FANG,0.37585295603223234,Semiconductor Equipment & Materials,Oil & Gas E&P,False
KLAC,ODFL,0.3758494693720782,Semiconductor Equipment & Materials,Trucking,False
PAYX,TMUS,0.37572901939709796,Software - Application,Telecom Services,False
MSFT,ON,0.3757086837719639,Software - Infrastructure,Semiconductors,False
CPRT,QCOM,0.3756671170854895,Specialty Business Services,Semiconductors,False
MRVL,SNPS,0.3756059481242372,Semiconductors,Software - Infrastructure,False
MDB,NVDA,0.375531669310454,Software - Infrastructure,Semiconductors,False
APP,CSCO,0.37552298544455687,Advertising Agencies,Communication Equipment,False
AAPL,MSTR,0.3753549738768676,Consumer Electronics,Software - Application,False
COST,ORLY,0.37530603979559607,Discount Stores,Auto Parts,False
ISRG,ROST,0.37509984120685874,Medical Instruments & Supplies,Apparel Retail,False
ADP,NXPI,0.37505802629270474,Software - Application,Semiconductors,False
PCAR,ROP,0.37502875204476843,Farm & Heavy Construction Machinery,Software - Application,False
KHC,MNST,0.37501496680647123,Packaged Foods,Beverages - Non-Alcoholic,False
FAST,GFS,0.3750000151996736,Industrial Distribution,Semiconductors,False
ARM,CTSH,0.37497956778926456,Semiconductors,Information Technology Services,False
CSGP,FAST,0.37486482309806024,Real Estate Services,Industrial Distribution,False
ADBE,CMCSA,0.374859872985859,Software - Application,Telecom Services,False
KLAC,ROST,0.3748263698675784,Semiconductor Equipment & Materials,Apparel Retail,False
LULU,PYPL,0.374804573427061,Apparel Retail,Credit Services,False
CDNS,MDB,0.37461144682480635,Software - Application,Software - Infrastructure,False
ISRG,PLTR,0.3745993026734935,Medical Instruments & Supplies,Software - Infrastructure,False
CDNS,HON,0.3745002770802055,Software - Application,Conglomerates,False
DXCM,ISRG,0.3744375208786254,Medical Devices,Medical Instruments & Supplies,False
ARM,FANG,0.3744042485787453,Semiconductors,Oil & Gas E&P,False
MSTR,TXN,0.3743337229280966,Software - Application,Semiconductors,False
DDOG,LRCX,0.3743175493043025,Software - Application,Semiconductor Equipment & Materials,False
AMZN,ROP,0.374267355454246,Internet Retail,Software - Application,False
ASML,INTU,0.37411122202556535,Semiconductor Equipment & Materials,Software - Application,False
FTNT,TSLA,0.3738699693806729,Software - Infrastructure,Auto Manufacturers,False
CSX,INTU,0.37381944950881046,Railroads,Software - Application,False
ABNB,PAYX,0.3737517506084615,Travel Services,Software - Application,False
CMCSA,PCAR,0.37373995480468303,Telecom Services,Farm & Heavy Construction Machinery,False
CTAS,NXPI,0.3736559584618536,Specialty Business Services,Semiconductors,False
FTNT,TTWO,0.37352201981601707,Software - Infrastructure,Electronic Gaming & Multimedia,False
DASH,TXN,0.37351548537104384,Internet Retail,Semiconductors,False
CCEP,KHC,0.37341383627505437,Beverages - Non-Alcoholic,Packaged Foods,False
BIIB,CTSH,0.3732762887581849,Drug Manufacturers - General,Information Technology Services,False
PEP,VRSK,0.37327586807120966,Beverages - Non-Alcoholic,Consulting Services,False
DDOG,KLAC,0.3731268306989008,Software - Application,Semiconductor Equipment & Materials,False
ON,TEAM,0.37252080781737323,Semiconductors,Software - Application,False
CMCSA,MAR,0.37246599127950947,Telecom Services,Lodging,False
NXPI,PLTR,0.37244630344120716,Semiconductors,Software - Infrastructure,False
BKR,PANW,0.37237512353372243,Oil & Gas Equipment & Services,Software - Infrastructure,False
CMCSA,MCHP,0.37231400654857066,Telecom Services,Semiconductors,False
ROST,TSLA,0.3720836124597446,Apparel Retail,Auto Manufacturers,False
CDNS,FANG,0.3717292010528141,Software - Application,Oil & Gas E&P,False
AMD,MAR,0.37154717867904113,Semiconductors,Lodging,False
GOOGL,MSTR,0.3714364154657209,Internet Content & Information,Software - Application,False
AMD,BKR,0.37109461646297065,Semiconductors,Oil & Gas Equipment & Services,False
MSTR,PANW,0.37105652388122684,Software - Application,Software - Infrastructure,False
CDW,CRWD,0.3709362681531235,Information Technology Services,Software - Infrastructure,False
AVGO,BKNG,0.37085555209780635,Semiconductors,Travel Services,False
PYPL,ZS,0.37038168027990337,Credit Services,Software - Infrastructure,False
ADSK,APP,0.3701507668376751,Software - Application,Advertising Agencies,False
MCHP,PLTR,0.37006240208716223,Semiconductors,Software - Infrastructure,False
MELI,META,0.37001466013547996,Internet Retail,Internet Content & Information,False
CMCSA,FAST,0.36998450606364286,Telecom Services,Industrial Distribution,False
CDW,ROST,0.3696948820573942,Information Technology Services,Apparel Retail,False
CDNS,INTC,0.3696162310103743,Software - Application,Semiconductors,False
KHC,ROP,0.3695918542796962,Packaged Foods,Software - Application,False
BKR,CSX,0.3695081869301899,Oil & Gas Equipment & Services,Railroads,False
FTNT,TXN,0.36945690108748663,Software - Infrastructure,Semiconductors,False
FTNT,MRVL,0.3694517907801251,Software - Infrastructure,Semiconductors,False
MSFT,QCOM,0.36936860937257265,Software - Infrastructure,Semiconductors,False
COST,VRSK,0.3693078006723274,Discount Stores,Consulting Services,False
PANW,ROP,0.36928530919896424,Software - Infrastructure,Software - Application,False
ROST,SBUX,0.3692623553075326,Apparel Retail,Restaurants,False
CRWD,WBD,0.3691186643306782,Software - Infrastructure,Entertainment,False
EXC,TMUS,0.3690958922602369,Utilities - Regulated Electric,Telecom Services,False
CTAS,MNST,0.36907090210753046,Specialty Business Services,Beverages - Non-Alcoholic,False
BKNG,MDB,0.3688818634227867,Travel Services,Software - Infrastructure,False
CSX,META,0.3688628090992924,Railroads,Internet Content & Information,False
INTC,PANW,0.3687301196086962,Semiconductors,Software - Infrastructure,False
CTSH,DASH,0.36864617182112797,Information Technology Services,Internet Retail,False
TEAM,TSLA,0.3686205126064589,Software - Application,Auto Manufacturers,False
BIIB,CSX,0.36855154731387374,Drug Manufacturers - General,Railroads,False
CSGP,FANG,0.36843300326186534,Real Estate Services,Oil & Gas E&P,False
CCEP,PAYX,0.3683669946295858,Beverages - Non-Alcoholic,Software - Application,False
AMAT,CSX,0.3683640664404537,Semiconductor Equipment & Materials,Railroads,False
TXN,WDAY,0.3683495055499462,Semiconductors,Software - Application,False
MU,SNPS,0.3682362091850352,Semiconductors,Software - Infrastructure,False
ASML,WBD,0.3681940837391759,Semiconductor Equipment & Materials,Entertainment,False
ABNB,CMCSA,0.3679856858441725,Travel Services,Telecom Services,False
HON,TSLA,0.36796123329440933,Conglomerates,Auto Manufacturers,False
HON,PANW,0.3679423215577409,Conglomerates,Software - Infrastructure,False
ADP,ODFL,0.3679173114930129,Software - Application,Trucking,False
CSGP,INTU,0.367667321322095,Real Estate Services,Software - Application,False
CTAS,PCAR,0.3676537242968517,Specialty Business Services,Farm & Heavy Construction Machinery,False
AMAT,HON,0.36755034911469064,Semiconductor Equipment & Materials,Conglomerates,False
CSCO,PAYX,0.36753480483550915,Communication Equipment,Software - Application,False
TEAM,WBD,0.36737544669474637,Software - Application,Entertainment,False
GOOGL,ON,0.36737056419571845,Internet Content & Information,Semiconductors,False
CTAS,QCOM,0.3673385079288934,Specialty Business Services,Semiconductors,False
CDNS,CSX,0.36726543405908335,Software - Application,Railroads,False
AMD,FANG,0.36716731294181504,Semiconductors,Oil & Gas E&P,False
ABNB,LIN,0.36715149571009265,Travel Services,Specialty Chemicals,False
IDXX,SBUX,0.36686948883971265,Diagnostics & Research,Restaurants,False
ADBE,CSCO,0.36668315466671086,Software - Application,Communication Equipment,False
CSCO,TEAM,0.3666646885037881,Communication Equipment,Software - Application,False
PAYX,PYPL,0.3665840378364287,Software - Application,Credit Services,False
AXON,MELI,0.36646434430914576,Aerospace & Defense,Internet Retail,False
AMAT,WBD,0.366330238003529,Semiconductor Equipment & Materials,Entertainment,False
AMGN,GEHC,0.3662172995521829,Drug Manufacturers - General,Medical Devices,False
CCEP,ROP,0.3661519688941766,Beverages - Non-Alcoholic,Software - Application,False
INTU,MU,0.3661270125355185,Software - Application,Semiconductors,False
APP,GEHC,0.3658440785039948,Advertising Agencies,Medical Devices,False
CSCO,TSLA,0.36575721979574677,Communication Equipment,Auto Manufacturers,False
MELI,NVDA,0.36575439415724625,Internet Retail,Semiconductors,False
GFS,TTD,0.3657360158253573,Semiconductors,Advertising Agencies,False
HON,WBD,0.3656598532730049,Conglomerates,Entertainment,False
ASML,DXCM,0.3656024934657569,Semiconductor Equipment & Materials,Medical Devices,False
CMCSA,QCOM,0.36557204417210376,Telecom Services,Semiconductors,False
GOOGL,ROST,0.3654322815574898,Internet Content & Information,Apparel Retail,False
BKR,TEAM,0.36528632034397407,Oil & Gas Equipment & Services,Software - Application,False
LIN,ROST,0.3651646400591023,Specialty Chemicals,Apparel Retail,False
ADSK,MU,0.3650561328651544,Software - Application,Semiconductors,False
ADP,EXC,0.3650548036462544,Software - Application,Utilities - Regulated Electric,False
AMD,ISRG,0.365033967045438,Semiconductors,Medical Instruments & Supplies,False
AMZN,AXON,0.36494555347727387,Internet Retail,Aerospace & Defense,False
CPRT,GEHC,0.3649278855244915,Specialty Business Services,Medical Devices,False
ARM,ODFL,0.3647236858794221,Semiconductors,Trucking,False
META,WBD,0.3644654318812755,Internet Content & Information,Entertainment,False
ABNB,ROP,0.36442916240460943,Travel Services,Software - Application,False
MNST,VRSK,0.3643189871238505,Beverages - Non-Alcoholic,Consulting Services,False
DASH,SBUX,0.36410912607613516,Internet Retail,Restaurants,False
ADP,MDLZ,0.3640314718062291,Software - Application,Confectioners,False
ADSK,PCAR,0.3640179358635727,Software - Application,Farm & Heavy Construction Machinery,False
ADI,PAYX,0.36388311043422245,Semiconductors,Software - Application,False
CRWD,PYPL,0.3638707476588725,Software - Infrastructure,Credit Services,False
PAYX,SBUX,0.3635795269187108,Software - Application,Restaurants,False
GFS,ROP,0.3635454470028323,Semiconductors,Software - Application,False
MDB,META,0.3634545856825053,Software - Infrastructure,Internet Content & Information,False
CSX,ROST,0.363450956828176,Railroads,Apparel Retail,False
AAPL,CPRT,0.3634087191442723,Consumer Electronics,Specialty Business Services,False
DDOG,MAR,0.3633783389495633,Software - Application,Lodging,False
DXCM,KLAC,0.36336208477375714,Medical Devices,Semiconductor Equipment & Materials,False
GEHC,GOOGL,0.36323047557925103,Medical Devices,Internet Content & Information,False
CPRT,PYPL,0.363186540210798,Specialty Business Services,Credit Services,False
HON,ZS,0.3631510988335566,Conglomerates,Software - Infrastructure,False
CHTR,HON,0.36314684455436436,Telecom Services,Conglomerates,False
LULU,SBUX,0.36305203890677784,Apparel Retail,Restaurants,False
DXCM,MAR,0.3630501570371658,Medical Devices,Lodging,False
FAST,MNST,0.3629768764222283,Industrial Distribution,Beverages - Non-Alcoholic,False
KHC,PCAR,0.36284854718747767,Packaged Foods,Farm & Heavy Construction Machinery,False
KHC,XEL,0.3628451939192276,Packaged Foods,Utilities - Regulated Electric,False
ISRG,MSTR,0.3627275144406116,Medical Instruments & Supplies,Software - Application,False
DASH,ISRG,0.36271932558677,Internet Retail,Medical Instruments & Supplies,False
CSCO,FANG,0.36263226840695356,Communication Equipment,Oil & Gas E&P,False
AMZN,TTD,0.36251768866433665,Internet Retail,Advertising Agencies,False
NVDA,PYPL,0.3622047996404424,Semiconductors,Credit Services,False
CRWD,MELI,0.36219767934563063,Software - Infrastructure,Internet Retail,False
DDOG,GOOGL,0.36218596937108155,Software - Application,Internet Content & Information,False
FANG,TSLA,0.36216211735958187,Oil & Gas E&P,Auto Manufacturers,False
GEHC,MRVL,0.36207273807595525,Medical Devices,Semiconductors,False
DDOG,NXPI,0.3618810591399929,Software - Application,Semiconductors,False
AAPL,AVGO,0.3616616966429667,Consumer Electronics,Semiconductors,False
CDW,LIN,0.3616513494226894,Information Technology Services,Specialty Chemicals,False
ISRG,WBD,0.36162149228125134,Medical Instruments & Supplies,Entertainment,False
AMZN,WBD,0.3616042466489945,Internet Retail,Entertainment,False
GOOGL,ISRG,0.361563097826329,Internet Content & Information,Medical Instruments & Supplies,False
DASH,MDB,0.3615236213134938,Internet Retail,Software - Infrastructure,False
CSCO,DXCM,0.3614338550314966,Communication Equipment,Medical Devices,False
GOOGL,MAR,0.3612908944450714,Internet Content & Information,Lodging,False
BIIB,MDLZ,0.36122680805698554,Drug Manufacturers - General,Confectioners,False
IDXX,ROST,0.3611658123414982,Diagnostics & Research,Apparel Retail,False
ADSK,WBD,0.36113861938066494,Software - Application,Entertainment,False
ISRG,MDB,0.3611348533730038,Medical Instruments & Supplies,Software - Infrastructure,False
ABNB,MSTR,0.360839223555707,Travel Services,Software - Application,False
MRVL,ZS,0.3607433352276094,Semiconductors,Software - Infrastructure,False
ABNB,CPRT,0.3607144991661754,Travel Services,Specialty Business Services,False
AVGO,GEHC,0.3606400256682967,Semiconductors,Medical Devices,False
CSX,MU,0.3606191800214856,Railroads,Semiconductors,False
CPRT,NXPI,0.36054323133012656,Specialty Business Services,Semiconductors,False
CHTR,CTSH,0.36053020082677656,Telecom Services,Information Technology Services,False
FTNT,GEHC,0.36040951914250047,Software - Infrastructure,Medical Devices,False
BKR,CEG,0.3604051775775886,Oil & Gas Equipment & Services,Utilities - Independent Power Producers,False
BIIB,ODFL,0.3603916808926098,Drug Manufacturers - General,Trucking,False
FANG,LRCX,0.36038501847396504,Oil & Gas E&P,Semiconductor Equipment & Materials,False
ADBE,WBD,0.3603332621683661,Software - Application,Entertainment,False
BKNG,LULU,0.36033322096477316,Travel Services,Apparel Retail,False
INTU,SNPS,0.3602788077383494,Software - Application,Software - Infrastructure,False
CDW,MSTR,0.36018063813083884,Information Technology Services,Software - Application,False
ARM,MDB,0.35978963054497815,Semiconductors,Software - Infrastructure,False
AMGN,CCEP,0.35976261435893103,Drug Manufacturers - General,Beverages - Non-Alcoholic,False
ADSK,AXON,0.3594436452811562,Software - Application,Aerospace & Defense,False
FANG,ODFL,0.3592675285337771,Oil & Gas E&P,Trucking,False
ODFL,WBD,0.3591030441827465,Trucking,Entertainment,False
CTSH,LULU,0.359078251127301,Information Technology Services,Apparel Retail,False
FTNT,NFLX,0.35904461874814675,Software - Infrastructure,Entertainment,False
ODFL,TEAM,0.35899312545873086,Trucking,Software - Application,False
LIN,PANW,0.35885510860112796,Specialty Chemicals,Software - Infrastructure,False
ABNB,ROST,0.3588195507931284,Travel Services,Apparel Retail,False
ADI,SNPS,0.35876840717481867,Semiconductors,Software - Infrastructure,False
FTNT,ROP,0.3584956950957865,Software - Infrastructure,Software - Application,False
CDW,DXCM,0.35842234306367854,Information Technology Services,Medical Devices,False
AMD,NFLX,0.35823963886330495,Semiconductors,Entertainment,False
NFLX,TEAM,0.35815795009103113,Entertainment,Software - Application,False
ADP,DASH,0.3581410330422779,Software - Application,Internet Retail,False
GEHC,REGN,0.35798955936666,Medical Devices,Biotechnology,False
BKNG,TTD,0.3579883093474394,Travel Services,Advertising Agencies,False
AAPL,PAYX,0.35795864831426677,Consumer Electronics,Software - Application,False
CDNS,ODFL,0.3579064032965905,Software - Application,Trucking,False
CTAS,PEP,0.3578462806090015,Specialty Business Services,Beverages - Non-Alcoholic,False
AZN,KHC,0.3578242544930959,Drug Manufacturers - General,Packaged Foods,False
CSX,WDAY,0.3577287224141009,Railroads,Software - Application,False
CDW,ZS,0.35764909968563147,Information Technology Services,Software - Infrastructure,False
AAPL,PLTR,0.3575137865424538,Consumer Electronics,Software - Infrastructure,False
AMAT,INTU,0.3574583002575051,Semiconductor Equipment & Materials,Software - Application,False
DXCM,PANW,0.3572967826004189,Medical Devices,Software - Infrastructure,False
CTSH,GOOGL,0.3572406900004885,Information Technology Services,Internet Content & Information,False
CRWD,CTSH,0.35723864528663735,Software - Infrastructure,Information Technology Services,False
APP,NXPI,0.35706064407827204,Advertising Agencies,Semiconductors,False
DDOG,GFS,0.35672252205210847,Software - Application,Semiconductors,False
CPRT,PCAR,0.3566764468719296,Specialty Business Services,Farm & Heavy Construction Machinery,False
CEG,QCOM,0.3566158875906085,Utilities - Independent Power Producers,Semiconductors,False
CPRT,ISRG,0.35657029384652306,Specialty Business Services,Medical Instruments & Supplies,False
ADBE,LULU,0.3565155488775961,Software - Application,Apparel Retail,False
AAPL,CSGP,0.3564947719205797,Consumer Electronics,Real Estate Services,False
AAPL,DASH,0.3564561267137937,Consumer Electronics,Internet Retail,False
CSGP,IDXX,0.35631791435327154,Real Estate Services,Diagnostics & Research,False
CSX,LULU,0.3562945254462962,Railroads,Apparel Retail,False
ADP,TXN,0.3562323596374733,Software - Application,Semiconductors,False
AMD,BKNG,0.35587147720799817,Semiconductors,Travel Services,False
CRWD,FANG,0.35585170257621446,Software - Infrastructure,Oil & Gas E&P,False
BKNG,FAST,0.35584088047386436,Travel Services,Industrial Distribution,False
CDW,FAST,0.3555892741838645,Information Technology Services,Industrial Distribution,False
BKNG,CPRT,0.35558445389720805,Travel Services,Specialty Business Services,False
LULU,TXN,0.35553045980307685,Apparel Retail,Semiconductors,False
ADI,CPRT,0.3554418623065163,Semiconductors,Specialty Business Services,False
AVGO,INTU,0.3544500849998971,Semiconductors,Software - Application,False
AMAT,ODFL,0.3544252236428825,Semiconductor Equipment & Materials,Trucking,False
CRWD,TXN,0.3544027456136569,Software - Infrastructure,Semiconductors,False
ISRG,MELI,0.35423974714475526,Medical Instruments & Supplies,Internet Retail,False
CDW,MDB,0.3539313165635955,Information Technology Services,Software - Infrastructure,False
LIN,WDAY,0.3538238009994485,Specialty Chemicals,Software - Application,False
CTAS,ROST,0.35381496068651047,Specialty Business Services,Apparel Retail,False
AAPL,LULU,0.35367765473657903,Consumer Electronics,Apparel Retail,False
CTSH,SNPS,0.3535642322081525,Information Technology Services,Software - Infrastructure,False
DASH,GOOGL,0.35353665895906405,Internet Retail,Internet Content & Information,False
LIN,PEP,0.35352869878628396,Specialty Chemicals,Beverages - Non-Alcoholic,False
META,TTD,0.35344309817706365,Internet Content & Information,Advertising Agencies,False
CTAS,WDAY,0.3534103669963166,Specialty Business Services,Software - Application,False
FANG,META,0.35328951251497026,Oil & Gas E&P,Internet Content & Information,False
BKNG,MELI,0.3532514326303015,Travel Services,Internet Retail,False
ARM,SBUX,0.35318953290339555,Semiconductors,Restaurants,False
GILD,PAYX,0.3528091422342689,Drug Manufacturers - General,Software - Application,False
ADBE,ROST,0.3527637662045426,Software - Application,Apparel Retail,False
INTC,ODFL,0.35258503106918926,Semiconductors,Trucking,False
BKR,FTNT,0.3523591994189556,Oil & Gas Equipment & Services,Software - Infrastructure,False
CDW,DASH,0.35234633258822046,Information Technology Services,Internet Retail,False
CSCO,ODFL,0.35227754665655964,Communication Equipment,Trucking,False
PAYX,TXN,0.35227674067323567,Software - Application,Semiconductors,False
AEP,AZN,0.3521792906334592,Utilities - Regulated Electric,Drug Manufacturers - General,False
KLAC,TEAM,0.35215670378080793,Semiconductor Equipment & Materials,Software - Application,False
NFLX,PYPL,0.3521414735989467,Entertainment,Credit Services,False
MAR,NVDA,0.3520185105780619,Lodging,Semiconductors,False
IDXX,LIN,0.35199832942420844,Diagnostics & Research,Specialty Chemicals,False
MSTR,NFLX,0.3519916643050585,Software - Application,Entertainment,False
MNST,TMUS,0.3519568868312458,Beverages - Non-Alcoholic,Telecom Services,False
MCHP,MDB,0.3517970817629889,Semiconductors,Software - Infrastructure,False
GEHC,ROST,0.3516347926678171,Medical Devices,Apparel Retail,False
CTSH,ZS,0.35162893122528455,Information Technology Services,Software - Infrastructure,False
BKR,ON,0.3515635420931466,Oil & Gas Equipment & Services,Semiconductors,False
COST,CSCO,0.3515240849545608,Discount Stores,Communication Equipment,False
GEHC,NVDA,0.35151429124276123,Medical Devices,Semiconductors,False
AMD,ZS,0.3514669104966098,Semiconductors,Software - Infrastructure,False
INTU,MRVL,0.3512853447442172,Software - Application,Semiconductors,False
BKR,GOOGL,0.351262273558965,Oil & Gas Equipment & Services,Internet Content & Information,False
HON,INTU,0.35088674460175145,Conglomerates,Software - Application,False
DDOG,MCHP,0.3507471501665055,Software - Application,Semiconductors,False
ASML,TEAM,0.35063851281279895,Semiconductor Equipment & Materials,Software - Application,False
SNPS,TEAM,0.35048733275543503,Software - Infrastructure,Software - Application,False
SBUX,TEAM,0.35037101084627376,Restaurants,Software - Application,False
CPRT,VRSK,0.3503520224682035,Specialty Business Services,Consulting Services,False
COST,META,0.35020537367085913,Discount Stores,Internet Content & Information,False
GFS,PAYX,0.3501682295156651,Semiconductors,Software - Application,False
PCAR,TEAM,0.35016278113403093,Farm & Heavy Construction Machinery,Software - Application,False
ABNB,AXON,0.3500705658418385,Travel Services,Aerospace & Defense,False
TTD,TTWO,0.3500041357989035,Advertising Agencies,Electronic Gaming & Multimedia,False
AMGN,VRTX,0.34999033116127515,Drug Manufacturers - General,Biotechnology,False
NVDA,WDAY,0.34975171102745817,Semiconductors,Software - Application,False
INTU,MSFT,0.3497190027057235,Software - Application,Software - Infrastructure,False
ABNB,ASML,0.34968419447210064,Travel Services,Semiconductor Equipment & Materials,False
GFS,PLTR,0.34954968298327665,Semiconductors,Software - Infrastructure,False
PDD,PLTR,0.34952949836338537,Internet Retail,Software - Infrastructure,False
BKNG,MU,0.3494668538286954,Travel Services,Semiconductors,False
MCHP,SNPS,0.3494381555554302,Semiconductors,Software - Infrastructure,False
CSGP,META,0.3491918790464922,Real Estate Services,Internet Content & Information,False
LIN,XEL,0.34909562456668,Specialty Chemicals,Utilities - Regulated Electric,False
ARM,CPRT,0.3489884647884027,Semiconductors,Specialty Business Services,False
FTNT,ODFL,0.3489782164553901,Software - Infrastructure,Trucking,False
ADP,LULU,0.34893304357037697,Software - Application,Apparel Retail,False
LRCX,TEAM,0.34882322896070167,Semiconductor Equipment & Materials,Software - Application,False
ISRG,ROP,0.3488131944170821,Medical Instruments & Supplies,Software - Application,False
HON,WDAY,0.3487523874610753,Conglomerates,Software - Application,False
CSX,ISRG,0.34863847744303356,Railroads,Medical Instruments & Supplies,False
GOOGL,PANW,0.34862642829152307,Internet Content & Information,Software - Infrastructure,False
ADBE,TTD,0.3485735445838471,Software - Application,Advertising Agencies,False
INTU,TSLA,0.3482292683793775,Software - Application,Auto Manufacturers,False
CSGP,WDAY,0.34819683739903784,Real Estate Services,Software - Application,False
FANG,NVDA,0.3481730330383528,Oil & Gas E&P,Semiconductors,False
TXN,ZS,0.3481210559506834,Semiconductors,Software - Infrastructure,False
CTSH,DXCM,0.34806628387009214,Information Technology Services,Medical Devices,False
AMD,MELI,0.34795954134903084,Semiconductors,Internet Retail,False
ADI,CEG,0.34789249621365365,Semiconductors,Utilities - Independent Power Producers,False
BKNG,PAYX,0.3478686410847148,Travel Services,Software - Application,False
ASML,MDB,0.3478335096950177,Semiconductor Equipment & Materials,Software - Infrastructure,False
MAR,TTD,0.3477264603374898,Lodging,Advertising Agencies,False
KLAC,MDB,0.34771935470170423,Semiconductor Equipment & Materials,Software - Infrastructure,False
META,WDAY,0.3476464080905571,Internet Content & Information,Software - Application,False
ARM,ROP,0.34750386843135744,Semiconductors,Software - Application,False
BKNG,COST,0.3472085603222827,Travel Services,Discount Stores,False
ABNB,GOOGL,0.347135486327674,Travel Services,Internet Content & Information,False
BKR,ZS,0.34710459145209743,Oil & Gas Equipment & Services,Software - Infrastructure,False
ABNB,AMAT,0.34657724086280794,Travel Services,Semiconductor Equipment & Materials,False
ADSK,GOOGL,0.3463930931733563,Software - Application,Internet Content & Information,False
ON,ROST,0.3462022036520339,Semiconductors,Apparel Retail,False
NVDA,TEAM,0.3459987324806309,Semiconductors,Software - Application,False
ROP,XEL,0.3457882783555342,Software - Application,Utilities - Regulated Electric,False
FTNT,HON,0.3457623923427368,Software - Infrastructure,Conglomerates,False
CRWD,GEHC,0.34576115806086216,Software - Infrastructure,Medical Devices,False
ORLY,PEP,0.3456831451062164,Auto Parts,Beverages - Non-Alcoholic,False
CDW,CMCSA,0.3455773060991104,Information Technology Services,Telecom Services,False
ADSK,FANG,0.34554643232821664,Software - Application,Oil & Gas E&P,False
ADSK,COST,0.3454869896497986,Software - Application,Discount Stores,False
ARM,WBD,0.34526490512560964,Semiconductors,Entertainment,False
LIN,MDLZ,0.3451914293326112,Specialty Chemicals,Confectioners,False
CMCSA,CSX,0.34505442830765326,Telecom Services,Railroads,False
GEHC,WDAY,0.3449589503880498,Medical Devices,Software - Application,False
FAST,ROST,0.34492015128423187,Industrial Distribution,Apparel Retail,False
CEG,MAR,0.3449160915994436,Utilities - Independent Power Producers,Lodging,False
ASML,MELI,0.34483248560559965,Semiconductor Equipment & Materials,Internet Retail,False
CTAS,KLAC,0.3447350204532337,Specialty Business Services,Semiconductor Equipment & Materials,False
BKR,WBD,0.34467395686879837,Oil & Gas Equipment & Services,Entertainment,False
GFS,SNPS,0.34457735844201604,Semiconductors,Software - Infrastructure,False
DXCM,MU,0.3442223410336258,Medical Devices,Semiconductors,False
CDNS,PYPL,0.34421249150893907,Software - Application,Credit Services,False
CHTR,PAYX,0.3441096677008776,Telecom Services,Software - Application,False
CSGP,CSX,0.34410427983975445,Real Estate Services,Railroads,False
LULU,META,0.3440227465350054,Apparel Retail,Internet Content & Information,False
ADP,BKR,0.3439850452519956,Software - Application,Oil & Gas Equipment & Services,False
AZN,LIN,0.3437554237293533,Drug Manufacturers - General,Specialty Chemicals,False
HON,META,0.3436445741668655,Conglomerates,Internet Content & Information,False
ROP,TMUS,0.3436111992901169,Software - Application,Telecom Services,False
AMD,TTD,0.34339210342784005,Semiconductors,Advertising Agencies,False
CEG,MSTR,0.34311812719123563,Utilities - Independent Power Producers,Software - Application,False
FAST,VRSK,0.3431076371054477,Industrial Distribution,Consulting Services,False
ROP,ROST,0.34302676758676737,Software - Application,Apparel Retail,False
META,PCAR,0.3427989895784147,Internet Content & Information,Farm & Heavy Construction Machinery,False
CSGP,MSFT,0.3427647350693463,Real Estate Services,Software - Infrastructure,False
COST,DASH,0.34274015390950735,Discount Stores,Internet Retail,False
APP,BKNG,0.34271689429983593,Advertising Agencies,Travel Services,False
GOOGL,TXN,0.34262497755151744,Internet Content & Information,Semiconductors,False
ON,WDAY,0.34239910748155933,Semiconductors,Software - Application,False
AXON,BKNG,0.34233476501168864,Aerospace & Defense,Travel Services,False
AVGO,NFLX,0.34231579206442525,Semiconductors,Entertainment,False
IDXX,KLAC,0.34224883121518673,Diagnostics & Research,Semiconductor Equipment & Materials,False
ADI,MELI,0.34218459456384454,Semiconductors,Internet Retail,False
MAR,PLTR,0.3421773089698614,Lodging,Software - Infrastructure,False
APP,PYPL,0.3421005152484643,Advertising Agencies,Credit Services,False
CTAS,MDLZ,0.34197208487340225,Specialty Business Services,Confectioners,False
MRVL,WBD,0.34197126006102313,Semiconductors,Entertainment,False
BKR,CTAS,0.3419118982063735,Oil & Gas Equipment & Services,Specialty Business Services,False
MNST,XEL,0.3417543205334531,Beverages - Non-Alcoholic,Utilities - Regulated Electric,False
CSCO,IDXX,0.3417269741824158,Communication Equipment,Diagnostics & Research,False
CTAS,PANW,0.34161150564050113,Specialty Business Services,Software - Infrastructure,False
COST,PAYX,0.34149951021291364,Discount Stores,Software - Application,False
CPRT,LULU,0.3414915379859003,Specialty Business Services,Apparel Retail,False
CSCO,DDOG,0.34137613586832355,Communication Equipment,Software - Application,False
MSFT,TXN,0.34136481601675506,Software - Infrastructure,Semiconductors,False
CSX,WBD,0.34127238682156036,Railroads,Entertainment,False
AZN,PEP,0.34122560680966924,Drug Manufacturers - General,Beverages - Non-Alcoholic,False
ABNB,DDOG,0.341116458633522,Travel Services,Software - Application,False
CDW,TTD,0.3411146005965131,Information Technology Services,Advertising Agencies,False
PYPL,TTWO,0.3410056931638635,Credit Services,Electronic Gaming & Multimedia,False
MAR,MDB,0.3408907526825798,Lodging,Software - Infrastructure,False
BKNG,CMCSA,0.34088615197305216,Travel Services,Telecom Services,False
COST,CTSH,0.3408607018888431,Discount Stores,Information Technology Services,False
ADI,TTD,0.3408196470681149,Semiconductors,Advertising Agencies,False
BKR,INTC,0.34076172573759544,Oil & Gas Equipment & Services,Semiconductors,False
CHTR,GEHC,0.34063118009360155,Telecom Services,Medical Devices,False
ASML,CTSH,0.34060884272293784,Semiconductor Equipment & Materials,Information Technology Services,False
EXC,KHC,0.3405948697068404,Utilities - Regulated Electric,Packaged Foods,False
ASML,DDOG,0.34059329626568885,Semiconductor Equipment & Materials,Software - Application,False
CMCSA,MSFT,0.34050719015763437,Telecom Services,Software - Infrastructure,False
AMZN,INTC,0.3404881321324729,Internet Retail,Semiconductors,False
BKNG,CHTR,0.34046540146799714,Travel Services,Telecom Services,False
ADBE,LRCX,0.340377656628438,Software - Application,Semiconductor Equipment & Materials,False
CDW,IDXX,0.34028105124254965,Information Technology Services,Diagnostics & Research,False
APP,ZS,0.34019532327528335,Advertising Agencies,Software - Infrastructure,False
MELI,MSFT,0.3400412022356034,Internet Retail,Software - Infrastructure,False
ASML,CSX,0.33996873526774773,Semiconductor Equipment & Materials,Railroads,False
TTWO,ZS,0.33993046295718876,Electronic Gaming & Multimedia,Software - Infrastructure,False
LULU,WDAY,0.339833318463564,Apparel Retail,Software - Application,False
INTU,PLTR,0.33983145467905324,Software - Application,Software - Infrastructure,False
IDXX,LRCX,0.33982804415961726,Diagnostics & Research,Semiconductor Equipment & Materials,False
AAPL,NFLX,0.3397169744787983,Consumer Electronics,Entertainment,False
AAPL,FTNT,0.33965271565496746,Consumer Electronics,Software - Infrastructure,False
DXCM,GFS,0.33962288276860236,Medical Devices,Semiconductors,False
META,ROST,0.33959675754045215,Internet Content & Information,Apparel Retail,False
HON,MSFT,0.3394613301256179,Conglomerates,Software - Infrastructure,False
ASML,ODFL,0.3393532635641481,Semiconductor Equipment & Materials,Trucking,False
ADP,CDW,0.339331903471881,Software - Application,Information Technology Services,False
NXPI,PAYX,0.3392874340963734,Semiconductors,Software - Application,False
CDW,CPRT,0.3392619356467843,Information Technology Services,Specialty Business Services,False
CSGP,TEAM,0.3391314438916066,Real Estate Services,Software - Application,False
GEHC,TEAM,0.3390670668011253,Medical Devices,Software - Application,False
BIIB,LIN,0.33896438037924553,Drug Manufacturers - General,Specialty Chemicals,False
ADP,GFS,0.3389593063774195,Software - Application,Semiconductors,False
SBUX,TSLA,0.33894209008343223,Restaurants,Auto Manufacturers,False
AVGO,PYPL,0.3389357376608967,Semiconductors,Credit Services,False
FANG,INTU,0.33891232599757115,Oil & Gas E&P,Software - Application,False
CDNS,CSGP,0.3388359896755918,Software - Application,Real Estate Services,False
PAYX,ROST,0.3386562430255448,Software - Application,Apparel Retail,False
CHTR,CTAS,0.3384968744672933,Telecom Services,Specialty Business Services,False
CSCO,NFLX,0.33839278263826,Communication Equipment,Entertainment,False
FANG,PANW,0.33821692147973387,Oil & Gas E&P,Software - Infrastructure,False
ADSK,FAST,0.33816807266208004,Software - Application,Industrial Distribution,False
LRCX,WDAY,0.33808952761332345,Semiconductor Equipment & Materials,Software - Application,False
LIN,WBD,0.33798592632570457,Specialty Chemicals,Entertainment,False
ABNB,FAST,0.3377006650915676,Travel Services,Industrial Distribution,False
INTU,WBD,0.3376915759056439,Software - Application,Entertainment,False
PAYX,QCOM,0.3376236904883866,Software - Application,Semiconductors,False
CDNS,CPRT,0.33759154530092955,Software - Application,Specialty Business Services,False
MELI,ZS,0.33751752614192776,Internet Retail,Software - Infrastructure,False
CHTR,LIN,0.3375137693833313,Telecom Services,Specialty Chemicals,False
MDB,MU,0.3375096171815955,Software - Infrastructure,Semiconductors,False
CPRT,CSGP,0.3374539720941144,Specialty Business Services,Real Estate Services,False
ADP,QCOM,0.33744317687823056,Software - Application,Semiconductors,False
META,SNPS,0.33735543310324695,Internet Content & Information,Software - Infrastructure,False
AXON,META,0.33729129482368403,Aerospace & Defense,Internet Content & Information,False
ABNB,NFLX,0.3370345360718017,Travel Services,Entertainment,False
CSGP,TXN,0.3369871352012003,Real Estate Services,Semiconductors,False
DDOG,TSLA,0.33691007446219906,Software - Application,Auto Manufacturers,False
BKNG,DDOG,0.33688892837401874,Travel Services,Software - Application,False
CDW,WBD,0.336850310366167,Information Technology Services,Entertainment,False
BKR,ODFL,0.33673901454157934,Oil & Gas Equipment & Services,Trucking,False
BKR,FAST,0.3366732647017274,Oil & Gas Equipment & Services,Industrial Distribution,False
WBD,ZS,0.33664342016852494,Entertainment,Software - Infrastructure,False
AAPL,APP,0.3366262924021367,Consumer Electronics,Advertising Agencies,False
CSGP,ISRG,0.3365504246651543,Real Estate Services,Medical Instruments & Supplies,False
AMGN,PAYX,0.3365420208489376,Drug Manufacturers - General,Software - Application,False
AMD,PCAR,0.33653564518301937,Semiconductors,Farm & Heavy Construction Machinery,False
ON,PLTR,0.3364336981328236,Semiconductors,Software - Infrastructure,False
AMAT,APP,0.3363499492490743,Semiconductor Equipment & Materials,Advertising Agencies,False
AAPL,MELI,0.336282288370519,Consumer Electronics,Internet Retail,False
DXCM,TXN,0.33611586635624996,Medical Devices,Semiconductors,False
HON,LULU,0.33606773036887466,Conglomerates,Apparel Retail,False
AVGO,TEAM,0.33590587422887025,Semiconductors,Software - Application,False
CSGP,CTSH,0.33581950809778643,Real Estate Services,Information Technology Services,False
CSGP,ODFL,0.3358147086081927,Real Estate Services,Trucking,False
ABNB,TTD,0.3357690394737267,Travel Services,Advertising Agencies,False
ADP,MCHP,0.33574208058083227,Software - Application,Semiconductors,False
BKNG,TTWO,0.3355669544302723,Travel Services,Electronic Gaming & Multimedia,False
ON,ZS,0.33556290796888577,Semiconductors,Software - Infrastructure,False
CTSH,TSLA,0.33527671946065285,Information Technology Services,Auto Manufacturers,False
APP,MDB,0.33527514684945503,Advertising Agencies,Software - Infrastructure,False
DDOG,FTNT,0.33517479307341175,Software - Application,Software - Infrastructure,False
AEP,PEP,0.33511094747953807,Utilities - Regulated Electric,Beverages - Non-Alcoholic,False
LIN,LRCX,0.3350172530268544,Specialty Chemicals,Semiconductor Equipment & Materials,False
ROP,SBUX,0.33500637621158896,Software - Application,Restaurants,False
EXC,LIN,0.3349329084709197,Utilities - Regulated Electric,Specialty Chemicals,False
DASH,WDAY,0.3342466211353923,Internet Retail,Software - Application,False
ADP,CHTR,0.33407663225369627,Software - Application,Telecom Services,False
KLAC,LIN,0.3340603070798769,Semiconductor Equipment & Materials,Specialty Chemicals,False
ADSK,LULU,0.3339382580913137,Software - Application,Apparel Retail,False
PEP,TMUS,0.3339374078729148,Beverages - Non-Alcoholic,Telecom Services,False
ABNB,LULU,0.3339314176678872,Travel Services,Apparel Retail,False
AVGO,FANG,0.33391326250223713,Semiconductors,Oil & Gas E&P,False
BKR,PLTR,0.3339058067257153,Oil & Gas Equipment & Services,Software - Infrastructure,False
CMCSA,SBUX,0.33388949522351613,Telecom Services,Restaurants,False
ADSK,AMD,0.3338745823702619,Software - Application,Semiconductors,False
MDB,QCOM,0.33383080364867224,Software - Infrastructure,Semiconductors,False
GEHC,LULU,0.33363632196011894,Medical Devices,Apparel Retail,False
CTSH,MRVL,0.333612783820642,Information Technology Services,Semiconductors,False
PCAR,REGN,0.33359179236480785,Farm & Heavy Construction Machinery,Biotechnology,False
FTNT,ON,0.33356008847608426,Software - Infrastructure,Semiconductors,False
ISRG,TTD,0.3335381366191192,Medical Instruments & Supplies,Advertising Agencies,False
ADBE,CHTR,0.3335234392289938,Software - Application,Telecom Services,False
ADBE,DASH,0.33345658317646754,Software - Application,Internet Retail,False
ON,SNPS,0.33320329257447073,Semiconductors,Software - Infrastructure,False
CSX,TEAM,0.3331500875254232,Railroads,Software - Application,False
AMAT,DDOG,0.3330727941883818,Semiconductor Equipment & Materials,Software - Application,False
AMGN,CMCSA,0.3330615618951186,Drug Manufacturers - General,Telecom Services,False
ASML,ROST,0.3330231932976254,Semiconductor Equipment & Materials,Apparel Retail,False
AXON,MU,0.3330126549841579,Aerospace & Defense,Semiconductors,False
COST,NFLX,0.33292188012110335,Discount Stores,Entertainment,False
ROP,SNPS,0.33275392348671995,Software - Application,Software - Infrastructure,False
ADI,DDOG,0.3324393606435777,Semiconductors,Software - Application,False
ADBE,MELI,0.332409742288067,Software - Application,Internet Retail,False
SBUX,WBD,0.33216116281032576,Restaurants,Entertainment,False
COST,ROST,0.3321546364356,Discount Stores,Apparel Retail,False
CEG,SBUX,0.33207459473851664,Utilities - Independent Power Producers,Restaurants,False
CEG,FANG,0.33194893720217145,Utilities - Independent Power Producers,Oil & Gas E&P,False
HON,INTC,0.33192824952156075,Conglomerates,Semiconductors,False
CMCSA,TXN,0.3315666029626914,Telecom Services,Semiconductors,False
INTU,NFLX,0.331542000196974,Software - Application,Entertainment,False
CDNS,SBUX,0.3314304326930201,Software - Application,Restaurants,False
ON,ROP,0.33130656141309356,Semiconductors,Software - Application,False
MCHP,PAYX,0.33130382585498686,Semiconductors,Software - Application,False
MELI,TSLA,0.3310446593157647,Internet Retail,Auto Manufacturers,False
APP,MCHP,0.3308618621275366,Advertising Agencies,Semiconductors,False
DASH,GEHC,0.3308315994352024,Internet Retail,Medical Devices,False
LIN,LULU,0.3307150468405096,Specialty Chemicals,Apparel Retail,False
CPRT,MCHP,0.3307068050755255,Specialty Business Services,Semiconductors,False
APP,CDW,0.33060921227461143,Advertising Agencies,Information Technology Services,False
MELI,MSTR,0.33046061695785023,Internet Retail,Software - Application,False
INTU,MDB,0.33042818202922164,Software - Application,Software - Infrastructure,False
CTAS,LRCX,0.33027600727172857,Specialty Business Services,Semiconductor Equipment & Materials,False
FANG,MSFT,0.3302393515239811,Oil & Gas E&P,Software - Infrastructure,False
MU,TEAM,0.33018696047436646,Semiconductors,Software - Application,False
DDOG,PLTR,0.3301831360889439,Software - Application,Software - Infrastructure,False
ABNB,CEG,0.32994279570608204,Travel Services,Utilities - Independent Power Producers,False
LRCX,PDD,0.3299407289630275,Semiconductor Equipment & Materials,Internet Retail,False
COST,MAR,0.3299335540392714,Discount Stores,Lodging,False
FAST,TXN,0.32973616630322594,Industrial Distribution,Semiconductors,False
AMAT,IDXX,0.32970297464295095,Semiconductor Equipment & Materials,Diagnostics & Research,False
CEG,MCHP,0.3296157534678135,Utilities - Independent Power Producers,Semiconductors,False
NVDA,WBD,0.32952553960714237,Semiconductors,Entertainment,False
CTAS,GFS,0.3290832285269572,Specialty Business Services,Semiconductors,False
GOOGL,PCAR,0.3290461945036972,Internet Content & Information,Farm & Heavy Construction Machinery,False
CSX,PANW,0.32902042002968007,Railroads,Software - Infrastructure,False
CDW,GOOGL,0.3290145088112619,Information Technology Services,Internet Content & Information,False
MSFT,WBD,0.3289483755326637,Software - Infrastructure,Entertainment,False
BKR,ROP,0.3286906596221426,Oil & Gas Equipment & Services,Software - Application,False
HON,KHC,0.3286316841730867,Conglomerates,Packaged Foods,False
CTSH,IDXX,0.32862725539837195,Information Technology Services,Diagnostics & Research,False
ROP,ZS,0.32858848852365424,Software - Application,Software - Infrastructure,False
CDNS,MELI,0.32857181627829485,Software - Application,Internet Retail,False
ARM,HON,0.3283362149038745,Semiconductors,Conglomerates,False
AMD,WBD,0.32798958823851215,Semiconductors,Entertainment,False
AMGN,ROP,0.32773825928088246,Drug Manufacturers - General,Software - Application,False
ADBE,DXCM,0.3277322862293639,Software - Application,Medical Devices,False
GEHC,MSFT,0.3274911679795656,Medical Devices,Software - Infrastructure,False
DXCM,PYPL,0.32733825519280396,Medical Devices,Credit Services,False
CHTR,PCAR,0.3273356452625913,Telecom Services,Farm & Heavy Construction Machinery,False
FAST,LULU,0.3268892116219715,Industrial Distribution,Apparel Retail,False
AXON,MDB,0.3268884091675529,Aerospace & Defense,Software - Infrastructure,False
AAPL,CHTR,0.3265671757368682,Consumer Electronics,Telecom Services,False
SNPS,WDAY,0.32652274595708913,Software - Infrastructure,Software - Application,False
CDW,PLTR,0.32650843626649667,Information Technology Services,Software - Infrastructure,False
KLAC,WDAY,0.32650125480145226,Semiconductor Equipment & Materials,Software - Application,False
CSCO,SNPS,0.3262995483275981,Communication Equipment,Software - Infrastructure,False
COST,CPRT,0.32620057734324187,Discount Stores,Specialty Business Services,False
ADSK,SNPS,0.3260092728884235,Software - Application,Software - Infrastructure,False
FAST,QCOM,0.325959617765065,Industrial Distribution,Semiconductors,False
ABNB,DXCM,0.3258841854919363,Travel Services,Medical Devices,False
GILD,LIN,0.3257259473511623,Drug Manufacturers - General,Specialty Chemicals,False
GOOGL,SNPS,0.3256151943482112,Internet Content & Information,Software - Infrastructure,False
LULU,ROP,0.32556787395614334,Apparel Retail,Software - Application,False
CEG,NXPI,0.32552326086862626,Utilities - Independent Power Producers,Semiconductors,False
ADI,TTWO,0.3255135616551651,Semiconductors,Electronic Gaming & Multimedia,False
CDNS,WBD,0.32549080614906734,Software - Application,Entertainment,False
LRCX,MDB,0.32530588921773507,Semiconductor Equipment & Materials,Software - Infrastructure,False
APP,QCOM,0.32521528322920923,Advertising Agencies,Semiconductors,False
NFLX,WDAY,0.32516836417113915,Entertainment,Software - Application,False
AMAT,WDAY,0.32515112372257166,Semiconductor Equipment & Materials,Software - Application,False
AMD,PDD,0.3251495383988162,Semiconductors,Internet Retail,False
CPRT,FTNT,0.3251169362708661,Specialty Business Services,Software - Infrastructure,False
INTC,LIN,0.32491038968322095,Semiconductors,Specialty Chemicals,False
PYPL,SNPS,0.32485781669894787,Credit Services,Software - Infrastructure,False
DASH,WBD,0.32478623407020296,Internet Retail,Entertainment,False
LIN,ON,0.3247776696863939,Specialty Chemicals,Semiconductors,False
BKR,INTU,0.32474994904062493,Oil & Gas Equipment & Services,Software - Application,False
NFLX,TXN,0.3246430804024988,Entertainment,Semiconductors,False
ADSK,CMCSA,0.32458497244987183,Software - Application,Telecom Services,False
GOOGL,TEAM,0.3244896566530076,Internet Content & Information,Software - Application,False
APP,TEAM,0.3244846236906012,Advertising Agencies,Software - Application,False
GILD,VRTX,0.3243964648283183,Drug Manufacturers - General,Biotechnology,False
ADP,WBD,0.3243875516235358,Software - Application,Entertainment,False
CSGP,ON,0.32422985534850685,Real Estate Services,Semiconductors,False
AXON,CEG,0.32409365233109655,Aerospace & Defense,Utilities - Independent Power Producers,False
ADP,KDP,0.324055633622664,Software - Application,Beverages - Non-Alcoholic,False
FANG,PYPL,0.32401145499141776,Oil & Gas E&P,Credit Services,False
AMGN,PCAR,0.3239393492016534,Drug Manufacturers - General,Farm & Heavy Construction Machinery,False
AMZN,CPRT,0.3238696016194915,Internet Retail,Specialty Business Services,False
INTC,PYPL,0.32385997910841124,Semiconductors,Credit Services,False
MRVL,ROST,0.32368170375813554,Semiconductors,Apparel Retail,False
CSX,DASH,0.32347237408905355,Railroads,Internet Retail,False
NVDA,ROST,0.3233739816972313,Semiconductors,Apparel Retail,False
GEHC,IDXX,0.32320037292472464,Medical Devices,Diagnostics & Research,False
MAR,MSTR,0.32311933810342114,Lodging,Software - Application,False
ADI,MDB,0.3230879081598559,Semiconductors,Software - Infrastructure,False
ADP,GILD,0.32303307833657036,Software - Application,Drug Manufacturers - General,False
INTU,SBUX,0.32297753606334223,Software - Application,Restaurants,False
AVGO,DXCM,0.32289736469420327,Semiconductors,Medical Devices,False
GFS,MDB,0.32287987342530283,Semiconductors,Software - Infrastructure,False
MCHP,MELI,0.322850345694081,Semiconductors,Internet Retail,False
CMCSA,CPRT,0.3228373752024023,Telecom Services,Specialty Business Services,False
ABNB,AVGO,0.32279003829878355,Travel Services,Semiconductors,False
GEHC,KHC,0.32261913575416135,Medical Devices,Packaged Foods,False
TEAM,TTWO,0.322383953181765,Software - Application,Electronic Gaming & Multimedia,False
ARM,PCAR,0.32233255638309477,Semiconductors,Farm & Heavy Construction Machinery,False
DXCM,NVDA,0.3221605038814697,Medical Devices,Semiconductors,False
MSTR,ROST,0.32195143492739986,Software - Application,Apparel Retail,False
BIIB,FANG,0.32190409427051697,Drug Manufacturers - General,Oil & Gas E&P,False
FTNT,GOOGL,0.32186124257876003,Software - Infrastructure,Internet Content & Information,False
CTAS,WBD,0.32180347389116765,Specialty Business Services,Entertainment,False
CHTR,NXPI,0.3217702593086158,Telecom Services,Semiconductors,False
NFLX,ZS,0.3217512346980377,Entertainment,Software - Infrastructure,False
SNPS,TSLA,0.32174835324659373,Software - Infrastructure,Auto Manufacturers,False
ADBE,ASML,0.3217259817257364,Software - Application,Semiconductor Equipment & Materials,False
AEP,CTAS,0.32160116455373705,Utilities - Regulated Electric,Specialty Business Services,False
AMD,APP,0.32157333876782,Semiconductors,Advertising Agencies,False
AVGO,MAR,0.32155352755036304,Semiconductors,Lodging,False
AMD,CTSH,0.3215244491880759,Semiconductors,Information Technology Services,False
AMD,DDOG,0.32152358339026993,Semiconductors,Software - Application,False
MDLZ,ROP,0.32152062812262155,Confectioners,Software - Application,False
AMGN,SBUX,0.32146144426002893,Drug Manufacturers - General,Restaurants,False
CSGP,ZS,0.3214392632842546,Real Estate Services,Software - Infrastructure,False
FAST,ORLY,0.32118142844577,Industrial Distribution,Auto Parts,False
CPRT,PANW,0.3211128369469995,Specialty Business Services,Software - Infrastructure,False
CTAS,FTNT,0.3210973882921571,Specialty Business Services,Software - Infrastructure,False
ISRG,PCAR,0.3210600131190628,Medical Instruments & Supplies,Farm & Heavy Construction Machinery,False
CDNS,ROST,0.3206706994602945,Software - Application,Apparel Retail,False
AXON,MRVL,0.3206265433381734,Aerospace & Defense,Semiconductors,False
IDXX,ISRG,0.32059275836142126,Diagnostics & Research,Medical Instruments & Supplies,False
MRVL,TTD,0.3205853001046331,Semiconductors,Advertising Agencies,False
CDNS,NFLX,0.32032741306422746,Software - Application,Entertainment,False
IDXX,NXPI,0.3202898614491237,Diagnostics & Research,Semiconductors,False
AXON,MSTR,0.3199694656007216,Aerospace & Defense,Software - Application,False
ABNB,CHTR,0.3198862088421996,Travel Services,Telecom Services,False
QCOM,TTD,0.3197621078749997,Semiconductors,Advertising Agencies,False
BKNG,CEG,0.3197496807489435,Travel Services,Utilities - Independent Power Producers,False
CEG,GFS,0.31967678885738043,Utilities - Independent Power Producers,Semiconductors,False
AMD,SNPS,0.31928985842017726,Semiconductors,Software - Infrastructure,False
CTSH,MU,0.3190156080168332,Information Technology Services,Semiconductors,False
ODFL,WDAY,0.31898698021541744,Trucking,Software - Application,False
LULU,TEAM,0.31890850808142773,Apparel Retail,Software - Application,False
BKR,PAYX,0.31885539755642994,Oil & Gas Equipment & Services,Software - Application,False
ARM,MELI,0.31885114759928573,Semiconductors,Internet Retail,False
ASML,HON,0.3187929102070355,Semiconductor Equipment & Materials,Conglomerates,False
MU,WDAY,0.31873721983722836,Semiconductors,Software - Application,False
HON,TEAM,0.31856568686712683,Conglomerates,Software - Application,False
BKNG,SNPS,0.3181955583078068,Travel Services,Software - Infrastructure,False
ADP,PANW,0.3181123531500567,Software - Application,Software - Infrastructure,False
KLAC,NFLX,0.3181033898426006,Semiconductor Equipment & Materials,Entertainment,False
FANG,INTC,0.3180039455923191,Oil & Gas E&P,Semiconductors,False
AMD,FTNT,0.31800208658994195,Semiconductors,Software - Infrastructure,False
ADBE,BKR,0.3179930873314063,Software - Application,Oil & Gas Equipment & Services,False
ADSK,MRVL,0.31794219884350816,Software - Application,Semiconductors,False
ADBE,MSFT,0.3178536354962822,Software - Application,Software - Infrastructure,False
BIIB,VRTX,0.31770146398658056,Drug Manufacturers - General,Biotechnology,False
ARM,CSX,0.3176447776297047,Semiconductors,Railroads,False
APP,AXON,0.31758638554404445,Advertising Agencies,Aerospace & Defense,False
MAR,SNPS,0.3175119846036827,Lodging,Software - Infrastructure,False
GILD,REGN,0.3174968766026102,Drug Manufacturers - General,Biotechnology,False
CTSH,MSFT,0.31735977795140113,Information Technology Services,Software - Infrastructure,False
CHTR,MAR,0.3172930348934538,Telecom Services,Lodging,False
APP,MSTR,0.3172510899436861,Advertising Agencies,Software - Application,False
CSX,FTNT,0.3168292814532804,Railroads,Software - Infrastructure,False
AMD,CSX,0.31658881046484044,Semiconductors,Railroads,False
CMCSA,META,0.31650091215306486,Telecom Services,Internet Content & Information,False
AMAT,DXCM,0.316383551849466,Semiconductor Equipment & Materials,Medical Devices,False
LRCX,TTWO,0.3162920121599501,Semiconductor Equipment & Materials,Electronic Gaming & Multimedia,False
FTNT,SBUX,0.3162854018434064,Software - Infrastructure,Restaurants,False
INTU,ON,0.31625711775423354,Software - Application,Semiconductors,False
AAPL,BIIB,0.31618490214207234,Consumer Electronics,Drug Manufacturers - General,False
CRWD,TTWO,0.31609613819507004,Software - Infrastructure,Electronic Gaming & Multimedia,False
CSGP,WBD,0.31596430661404373,Real Estate Services,Entertainment,False
ADBE,COST,0.31589543640077966,Software - Application,Discount Stores,False
MDB,TTD,0.3157295351253076,Software - Infrastructure,Advertising Agencies,False
GEHC,PDD,0.31568657870574723,Medical Devices,Internet Retail,False
FAST,XEL,0.3156553755551719,Industrial Distribution,Utilities - Regulated Electric,False
CSX,DXCM,0.3156429086798462,Railroads,Medical Devices,False
ADI,IDXX,0.31561136981915255,Semiconductors,Diagnostics & Research,False
GEHC,INTC,0.3154407993787814,Medical Devices,Semiconductors,False
MRVL,WDAY,0.3153566113201073,Semiconductors,Software - Application,False
DDOG,META,0.3151968389876472,Software - Application,Internet Content & Information,False
CMCSA,FANG,0.31515714902502595,Telecom Services,Oil & Gas E&P,False
ADBE,NFLX,0.31515370490900574,Software - Application,Entertainment,False
ODFL,TSLA,0.3151026363515024,Trucking,Auto Manufacturers,False
AXON,MSFT,0.3150752622119317,Aerospace & Defense,Software - Infrastructure,False
AEP,TMUS,0.3150571023813859,Utilities - Regulated Electric,Telecom Services,False
PDD,QCOM,0.3150383079980291,Internet Retail,Semiconductors,False
GFS,IDXX,0.31468344577149016,Semiconductors,Diagnostics & Research,False
MELI,NXPI,0.3146487388032954,Internet Retail,Semiconductors,False
CHTR,QCOM,0.3146122397107813,Telecom Services,Semiconductors,False
CSGP,DXCM,0.3144427746732313,Real Estate Services,Medical Devices,False
INTC,PCAR,0.3144192355030431,Semiconductors,Farm & Heavy Construction Machinery,False
FAST,MCHP,0.3143957534556017,Industrial Distribution,Semiconductors,False
AMGN,CTAS,0.31435666794350137,Drug Manufacturers - General,Specialty Business Services,False
TTD,TXN,0.3143462167332811,Advertising Agencies,Semiconductors,False
ABNB,INTC,0.31432512493260106,Travel Services,Semiconductors,False
ADBE,AMD,0.3142759482015182,Software - Application,Semiconductors,False
HON,VRSK,0.31412980884934266,Conglomerates,Consulting Services,False
AAPL,INTC,0.3141230863125886,Consumer Electronics,Semiconductors,False
PCAR,TSLA,0.31398320006536157,Farm & Heavy Construction Machinery,Auto Manufacturers,False
NFLX,QCOM,0.3139371696214627,Entertainment,Semiconductors,False
BIIB,CMCSA,0.3138970908800357,Drug Manufacturers - General,Telecom Services,False
CSCO,CSGP,0.31385010523366413,Communication Equipment,Real Estate Services,False
MSFT,ROP,0.3137141426338121,Software - Infrastructure,Software - Application,False
ADP,AMGN,0.31368638554946954,Software - Application,Drug Manufacturers - General,False
BIIB,CDW,0.3136396030106139,Drug Manufacturers - General,Information Technology Services,False
KLAC,MELI,0.3134262849500962,Semiconductor Equipment & Materials,Internet Retail,False
AMAT,TEAM,0.31334481195687225,Semiconductor Equipment & Materials,Software - Application,False
MDB,WBD,0.3133315921190318,Software - Infrastructure,Entertainment,False
PLTR,WDAY,0.31317922592680403,Software - Infrastructure,Software - Application,False
AVGO,MELI,0.31313953719553794,Semiconductors,Internet Retail,False
ARM,CSGP,0.31295541173995145,Semiconductors,Real Estate Services,False
BIIB,NXPI,0.3129127653940731,Drug Manufacturers - General,Semiconductors,False
CSGP,LRCX,0.31287553011260494,Real Estate Services,Semiconductor Equipment & Materials,False
ASML,IDXX,0.3127447360858586,Semiconductor Equipment & Materials,Diagnostics & Research,False
DASH,ODFL,0.31264435883394714,Internet Retail,Trucking,False
CTAS,GILD,0.3125778476317982,Specialty Business Services,Drug Manufacturers - General,False
LIN,MSFT,0.31256996355663336,Specialty Chemicals,Software - Infrastructure,False
ADBE,ARM,0.31241767340900045,Software - Application,Semiconductors,False
NFLX,TTWO,0.3124084204490027,Entertainment,Electronic Gaming & Multimedia,False
GILD,HON,0.31208097619397784,Drug Manufacturers - General,Conglomerates,False
DASH,TTD,0.31207059127228065,Internet Retail,Advertising Agencies,False
CSGP,VRSK,0.3120619108560797,Real Estate Services,Consulting Services,False
CEG,INTU,0.3119635283839385,Utilities - Independent Power Producers,Software - Application,False
TTD,WBD,0.31195441680429176,Advertising Agencies,Entertainment,False
DXCM,WDAY,0.311890030736264,Medical Devices,Software - Application,False
CDW,INTC,0.3117447560362411,Information Technology Services,Semiconductors,False
CRWD,ROP,0.3115665001868382,Software - Infrastructure,Software - Application,False
CSX,INTC,0.31134255064435634,Railroads,Semiconductors,False
TTD,ZS,0.3111815682022519,Advertising Agencies,Software - Infrastructure,False
PANW,SBUX,0.31114710767565423,Software - Infrastructure,Restaurants,False
AAPL,MDB,0.3110620082767161,Consumer Electronics,Software - Infrastructure,False
ABNB,SNPS,0.31084133826323307,Travel Services,Software - Infrastructure,False
AMAT,LULU,0.310755722166888,Semiconductor Equipment & Materials,Apparel Retail,False
CCEP,COST,0.3103786101726289,Beverages - Non-Alcoholic,Discount Stores,False
FANG,MSTR,0.3103150324519396,Oil & Gas E&P,Software - Application,False
CDW,DDOG,0.31027914728058,Information Technology Services,Software - Application,False
ADI,CHTR,0.31024324641553636,Semiconductors,Telecom Services,False
CTSH,MELI,0.310083973762462,Information Technology Services,Internet Retail,False
GILD,PEP,0.31000425827387984,Drug Manufacturers - General,Beverages - Non-Alcoholic,False
CEG,DDOG,0.30990308372710423,Utilities - Independent Power Producers,Software - Application,False
NFLX,NXPI,0.309519728231903,Entertainment,Semiconductors,False
INTC,SNPS,0.30941558943175,Semiconductors,Software - Infrastructure,False
APP,SBUX,0.30928743913305934,Advertising Agencies,Restaurants,False
CPRT,GFS,0.30917162758505173,Specialty Business Services,Semiconductors,False
LRCX,MELI,0.30899486581437163,Semiconductor Equipment & Materials,Internet Retail,False
FAST,PEP,0.3089185623797814,Industrial Distribution,Beverages - Non-Alcoholic,False
CTAS,FANG,0.308861990563376,Specialty Business Services,Oil & Gas E&P,False
MSFT,ROST,0.3087697814851341,Software - Infrastructure,Apparel Retail,False
MSFT,SBUX,0.30871487302122025,Software - Infrastructure,Restaurants,False
DXCM,MELI,0.3085652889086469,Medical Devices,Internet Retail,False
MSTR,SNPS,0.30823734571684286,Software - Application,Software - Infrastructure,False
CPRT,TEAM,0.3081530626256951,Specialty Business Services,Software - Application,False
DDOG,PYPL,0.3081398418572216,Software - Application,Credit Services,False
CHTR,ROP,0.30798969419670696,Telecom Services,Software - Application,False
KDP,PAYX,0.30774591997474976,Beverages - Non-Alcoholic,Software - Application,False
CMCSA,ROP,0.3077295283617152,Telecom Services,Software - Application,False
ODFL,SNPS,0.307659887439997,Trucking,Software - Infrastructure,False
ODFL,ZS,0.3076564858280039,Trucking,Software - Infrastructure,False
CDW,CHTR,0.3076201040511465,Information Technology Services,Telecom Services,False
MDB,SBUX,0.3075515386316856,Software - Infrastructure,Restaurants,False
BIIB,FAST,0.3075236938333669,Drug Manufacturers - General,Industrial Distribution,False
MELI,PYPL,0.30745752547125954,Internet Retail,Credit Services,False
CMCSA,GFS,0.3074539040959575,Telecom Services,Semiconductors,False
MDB,NFLX,0.30725872635587254,Software - Infrastructure,Entertainment,False
CDW,SNPS,0.30711285557445117,Information Technology Services,Software - Infrastructure,False
MDLZ,ORLY,0.3069502477097842,Confectioners,Auto Parts,False
DDOG,NFLX,0.30691899640895265,Software - Application,Entertainment,False
ROST,ZS,0.30686557789803465,Apparel Retail,Software - Infrastructure,False
CTAS,TEAM,0.3067934764471627,Specialty Business Services,Software - Application,False
CMCSA,KHC,0.3067149028848718,Telecom Services,Packaged Foods,False
DDOG,FANG,0.30640692128106384,Software - Application,Oil & Gas E&P,False
COST,PANW,0.30640294787830064,Discount Stores,Software - Infrastructure,False
CSGP,PANW,0.3062557274077503,Real Estate Services,Software - Infrastructure,False
AZN,HON,0.30615134741634703,Drug Manufacturers - General,Conglomerates,False
CMCSA,ON,0.30608608247251184,Telecom Services,Semiconductors,False
CMCSA,WDAY,0.30607103259462626,Telecom Services,Software - Application,False
COST,TSLA,0.3060297569975507,Discount Stores,Auto Manufacturers,False
DXCM,META,0.30598061260977194,Medical Devices,Internet Content & Information,False
AMD,LULU,0.30582691671028106,Semiconductors,Apparel Retail,False
APP,BKR,0.30572777747688634,Advertising Agencies,Oil & Gas Equipment & Services,False
GOOGL,PYPL,0.3056366598001664,Internet Content & Information,Credit Services,False
ADBE,SNPS,0.3053588135814654,Software - Application,Software - Infrastructure,False
ISRG,ODFL,0.30533985205795056,Medical Instruments & Supplies,Trucking,False
CTAS,KDP,0.3051294756301677,Specialty Business Services,Beverages - Non-Alcoholic,False
INTC,MAR,0.30510583639476935,Semiconductors,Lodging,False
ADI,BIIB,0.3050896851310607,Semiconductors,Drug Manufacturers - General,False
AZN,VRTX,0.3050542203417968,Drug Manufacturers - General,Biotechnology,False
MELI,ON,0.3047718638635428,Internet Retail,Semiconductors,False
CSGP,MU,0.30455216043487005,Real Estate Services,Semiconductors,False
CDNS,DXCM,0.3045091440807671,Software - Application,Medical Devices,False
MNST,ROP,0.30449144425375907,Beverages - Non-Alcoholic,Software - Application,False
KLAC,LULU,0.3044586944945012,Semiconductor Equipment & Materials,Apparel Retail,False
BIIB,ROST,0.3043722321254912,Drug Manufacturers - General,Apparel Retail,False
ADP,IDXX,0.30433867253933355,Software - Application,Diagnostics & Research,False
GEHC,PLTR,0.3041549761631854,Medical Devices,Software - Infrastructure,False
FANG,ZS,0.30397187342417026,Oil & Gas E&P,Software - Infrastructure,False
FTNT,MSTR,0.3038780255543654,Software - Infrastructure,Software - Application,False
CRWD,SBUX,0.3038474839604129,Software - Infrastructure,Restaurants,False
CSX,MSFT,0.3037895288973509,Railroads,Software - Infrastructure,False
ABNB,TTWO,0.3035800924463679,Travel Services,Electronic Gaming & Multimedia,False
AAPL,KHC,0.30354838469977913,Consumer Electronics,Packaged Foods,False
CDNS,LULU,0.30345457731404213,Software - Application,Apparel Retail,False
AMD,HON,0.3034002323784535,Semiconductors,Conglomerates,False
APP,MAR,0.30318528952092605,Advertising Agencies,Lodging,False
AAPL,MNST,0.30292669050663656,Consumer Electronics,Beverages - Non-Alcoholic,False
PLTR,TXN,0.30265182322126205,Software - Infrastructure,Semiconductors,False
CEG,MDB,0.3025874734296964,Utilities - Independent Power Producers,Software - Infrastructure,False
DDOG,QCOM,0.302581346965708,Software - Application,Semiconductors,False
DDOG,TXN,0.3025213330624616,Software - Application,Semiconductors,False
AEP,AMGN,0.30212552954554034,Utilities - Regulated Electric,Drug Manufacturers - General,False
CEG,TEAM,0.30196145267301905,Utilities - Independent Power Producers,Software - Application,False
FANG,TEAM,0.30188251887750694,Oil & Gas E&P,Software - Application,False
ASML,FANG,0.30177294806815247,Semiconductor Equipment & Materials,Oil & Gas E&P,False
ADSK,IDXX,0.3017221323343342,Software - Application,Diagnostics & Research,False
FANG,ROP,0.3014679375145556,Oil & Gas E&P,Software - Application,False
CPRT,TXN,0.30140446357483414,Specialty Business Services,Semiconductors,False
AMGN,CTSH,0.301254214158126,Drug Manufacturers - General,Information Technology Services,False
AVGO,WBD,0.30122837384917217,Semiconductors,Entertainment,False
APP,ON,0.3011914161857268,Advertising Agencies,Semiconductors,False
BKR,MSFT,0.30117678264947734,Oil & Gas Equipment & Services,Software - Infrastructure,False
CTAS,DXCM,0.301105677822764,Specialty Business Services,Medical Devices,False
META,ROP,0.30088398054864723,Internet Content & Information,Software - Application,False
ADBE,KLAC,0.30087209299774387,Software - Application,Semiconductor Equipment & Materials,False
GFS,MELI,0.3007765255693835,Semiconductors,Internet Retail,False
CSCO,MSTR,0.300765314672693,Communication Equipment,Software - Application,False
CMCSA,WBD,0.30069856865396644,Telecom Services,Entertainment,False
CTAS,LULU,0.3003743906633204,Specialty Business Services,Apparel Retail,False
ARM,LIN,0.3003001799817499,Semiconductors,Specialty Chemicals,False
KDP,LIN,0.30005144398235517,Beverages - Non-Alcoholic,Specialty Chemicals,False
PLTR,WBD,0.3000382015149396,Software - Infrastructure,Entertainment,False
LIN,TSLA,0.30001926079364616,Specialty Chemicals,Auto Manufacturers,False
CHTR,TXN,0.2995467662318827,Telecom Services,Semiconductors,False
DXCM,INTU,0.2995463343399189,Medical Devices,Software - Application,False
ADSK,TTD,0.2994637125211594,Software - Application,Advertising Agencies,False
CSGP,KLAC,0.29943883033422,Real Estate Services,Semiconductor Equipment & Materials,False
BKR,DASH,0.2994084053010761,Oil & Gas Equipment & Services,Internet Retail,False
AMD,INTU,0.2993816522535411,Semiconductors,Software - Application,False
CSGP,DASH,0.2993211078723773,Real Estate Services,Internet Retail,False
AAPL,TTD,0.29929121488246485,Consumer Electronics,Advertising Agencies,False
BIIB,TXN,0.29912004695200434,Drug Manufacturers - General,Semiconductors,False
SNPS,TXN,0.29911278605562025,Software - Infrastructure,Semiconductors,False
AMD,DXCM,0.2989784106999961,Semiconductors,Medical Devices,False
KDP,XEL,0.2989671299165694,Beverages - Non-Alcoholic,Utilities - Regulated Electric,False
CHTR,ODFL,0.29888049363911406,Telecom Services,Trucking,False
ADBE,PLTR,0.29883797028096276,Software - Application,Software - Infrastructure,False
DXCM,SBUX,0.2986552962429074,Medical Devices,Restaurants,False
GEHC,VRSK,0.2985337123871857,Medical Devices,Consulting Services,False
BIIB,QCOM,0.29845083258198385,Drug Manufacturers - General,Semiconductors,False
BIIB,MCHP,0.2983862096768769,Drug Manufacturers - General,Semiconductors,False
AEP,PAYX,0.298372221998952,Utilities - Regulated Electric,Software - Application,False
AAPL,PDD,0.2982010884178839,Consumer Electronics,Internet Retail,False
CRWD,DXCM,0.29818151187462705,Software - Infrastructure,Medical Devices,False
COST,MSFT,0.2981261207427554,Discount Stores,Software - Infrastructure,False
AVGO,ROST,0.2980513146223475,Semiconductors,Apparel Retail,False
CDNS,IDXX,0.298049613102182,Software - Application,Diagnostics & Research,False
TSLA,WDAY,0.2980309550555654,Auto Manufacturers,Software - Application,False
CTSH,PLTR,0.29795176482620067,Information Technology Services,Software - Infrastructure,False
HON,SNPS,0.2978757264932317,Conglomerates,Software - Infrastructure,False
MDLZ,TMUS,0.29785533551658394,Confectioners,Telecom Services,False
ARM,AXON,0.29781661262214415,Semiconductors,Aerospace & Defense,False
ADP,AZN,0.29774047394183395,Software - Application,Drug Manufacturers - General,False
MU,ODFL,0.2976547620368079,Semiconductors,Trucking,False
NFLX,TSLA,0.2976075723933841,Entertainment,Auto Manufacturers,False
AMZN,CTAS,0.2975868973199335,Internet Retail,Specialty Business Services,False
CDNS,TTD,0.29751919128804116,Software - Application,Advertising Agencies,False
CSX,PEP,0.29736026666878984,Railroads,Beverages - Non-Alcoholic,False
MDB,ON,0.2973088308525144,Software - Infrastructure,Semiconductors,False
ADSK,VRSK,0.29719121562571615,Software - Application,Consulting Services,False
ADP,FTNT,0.2968228470020851,Software - Application,Software - Infrastructure,False
GOOGL,INTU,0.29627877313114354,Internet Content & Information,Software - Application,False
ADBE,GOOGL,0.29611721218084647,Software - Application,Internet Content & Information,False
PANW,ROST,0.2960610569351855,Software - Infrastructure,Apparel Retail,False
AMAT,TTWO,0.29597854102647553,Semiconductor Equipment & Materials,Electronic Gaming & Multimedia,False
PCAR,WDAY,0.2959020036406776,Farm & Heavy Construction Machinery,Software - Application,False
BKNG,BKR,0.29589668525391466,Travel Services,Oil & Gas Equipment & Services,False
LRCX,ROP,0.29587654627102566,Semiconductor Equipment & Materials,Software - Application,False
HON,IDXX,0.2958028674988052,Conglomerates,Diagnostics & Research,False
SBUX,ZS,0.2957677332924522,Restaurants,Software - Infrastructure,False
AMGN,QCOM,0.29560343492968355,Drug Manufacturers - General,Semiconductors,False
COST,GEHC,0.29530913569811434,Discount Stores,Medical Devices,False
CHTR,GFS,0.29517587018631675,Telecom Services,Semiconductors,False
CRWD,CSX,0.2951692918643941,Software - Infrastructure,Railroads,False
KHC,ORLY,0.2951524239177354,Packaged Foods,Auto Parts,False
COST,TMUS,0.2950887079517977,Discount Stores,Telecom Services,False
MSFT,TTD,0.2950855470069732,Software - Infrastructure,Advertising Agencies,False
FAST,SBUX,0.29502959269556406,Industrial Distribution,Restaurants,False
ABNB,MELI,0.29494916029161206,Travel Services,Internet Retail,False
ISRG,TTWO,0.2949331360350961,Medical Instruments & Supplies,Electronic Gaming & Multimedia,False
CSX,SNPS,0.2947508110840314,Railroads,Software - Infrastructure,False
CMCSA,CSGP,0.2946713899992299,Telecom Services,Real Estate Services,False
INTU,MELI,0.29465093985695273,Software - Application,Internet Retail,False
INTC,TSLA,0.2945989250694826,Semiconductors,Auto Manufacturers,False
LULU,MSFT,0.29440081597138934,Apparel Retail,Software - Infrastructure,False
ADP,AMZN,0.29430401342756296,Software - Application,Internet Retail,False
CTAS,META,0.2942417423886758,Specialty Business Services,Internet Content & Information,False
AXON,ISRG,0.29413520520434294,Aerospace & Defense,Medical Instruments & Supplies,False
DASH,HON,0.2940353642343777,Internet Retail,Conglomerates,False
PANW,TTD,0.294000799977494,Software - Infrastructure,Advertising Agencies,False
APP,MELI,0.29395395509309336,Advertising Agencies,Internet Retail,False
MSTR,TTD,0.29389458156739906,Software - Application,Advertising Agencies,False
AXON,NFLX,0.293802563224303,Aerospace & Defense,Entertainment,False
LULU,PAYX,0.29356419651885607,Apparel Retail,Software - Application,False
AZN,CCEP,0.29349586813981254,Drug Manufacturers - General,Beverages - Non-Alcoholic,False
AMGN,FAST,0.2931661406444319,Drug Manufacturers - General,Industrial Distribution,False
INTC,PLTR,0.29315239984683983,Semiconductors,Software - Infrastructure,False
BKR,MSTR,0.29307085692675,Oil & Gas Equipment & Services,Software - Application,False
ADI,COST,0.29275974911212455,Semiconductors,Discount Stores,False
GOOGL,PDD,0.2927341293975491,Internet Content & Information,Internet Retail,False
CTAS,IDXX,0.2927246430291532,Specialty Business Services,Diagnostics & Research,False
AMZN,CMCSA,0.29269001111492615,Internet Retail,Telecom Services,False
NFLX,ROP,0.2926502738941689,Entertainment,Software - Application,False
LIN,NFLX,0.29254425527169675,Specialty Chemicals,Entertainment,False
CSGP,FTNT,0.2925104274837578,Real Estate Services,Software - Infrastructure,False
BIIB,CSGP,0.29227511188967475,Drug Manufacturers - General,Real Estate Services,False
FTNT,TTD,0.29226133166630575,Software - Infrastructure,Advertising Agencies,False
IDXX,ROP,0.2922302747934332,Diagnostics & Research,Software - Application,False
DXCM,ODFL,0.29221502230525315,Medical Devices,Trucking,False
GEHC,GILD,0.29211174068043566,Medical Devices,Drug Manufacturers - General,False
MELI,MRVL,0.2920323583034669,Internet Retail,Semiconductors,False
GFS,VRTX,0.29200952036613803,Semiconductors,Biotechnology,False
MSTR,TTWO,0.2918148936712442,Software - Application,Electronic Gaming & Multimedia,False
ARM,SNPS,0.29175027565966977,Semiconductors,Software - Infrastructure,False
CDW,NFLX,0.2917256320248003,Information Technology Services,Entertainment,False
WBD,WDAY,0.29161667491484605,Entertainment,Software - Application,False
ROST,TEAM,0.2915774843233615,Apparel Retail,Software - Application,False
FTNT,ROST,0.29155305019549893,Software - Infrastructure,Apparel Retail,False
MSFT,TTWO,0.2912083724396853,Software - Infrastructure,Electronic Gaming & Multimedia,False
COST,HON,0.29119508907004465,Discount Stores,Conglomerates,False
HON,PEP,0.2911132671907091,Conglomerates,Beverages - Non-Alcoholic,False
AMAT,LIN,0.2910029257445032,Semiconductor Equipment & Materials,Specialty Chemicals,False
AMAT,MDB,0.29093241130100833,Semiconductor Equipment & Materials,Software - Infrastructure,False
ADBE,TSLA,0.2908854047346131,Software - Application,Auto Manufacturers,False
ADP,DXCM,0.29088177080124106,Software - Application,Medical Devices,False
MNST,ORLY,0.29077687943278313,Beverages - Non-Alcoholic,Auto Parts,False
CHTR,MCHP,0.29070074336696733,Telecom Services,Semiconductors,False
ISRG,PAYX,0.29055456495556814,Medical Instruments & Supplies,Software - Application,False
CTSH,NVDA,0.29054739373981747,Information Technology Services,Semiconductors,False
AVGO,WDAY,0.2904263112126363,Semiconductors,Software - Application,False
GFS,TTWO,0.29040412345796446,Semiconductors,Electronic Gaming & Multimedia,False
LRCX,LULU,0.2902952269786492,Semiconductor Equipment & Materials,Apparel Retail,False
ASML,LIN,0.2902914567091037,Semiconductor Equipment & Materials,Specialty Chemicals,False
FAST,TMUS,0.2901805693039337,Industrial Distribution,Telecom Services,False
BKR,DDOG,0.2901536864068245,Oil & Gas Equipment & Services,Software - Application,False
TSLA,TTD,0.28994440667311816,Auto Manufacturers,Advertising Agencies,False
ADP,ZS,0.2898340570275474,Software - Application,Software - Infrastructure,False
CSX,PLTR,0.28981887876360435,Railroads,Software - Infrastructure,False
ADBE,MU,0.2897321705013072,Software - Application,Semiconductors,False
AXON,LRCX,0.28967078658330486,Aerospace & Defense,Semiconductor Equipment & Materials,False
ASML,PDD,0.2894424687583493,Semiconductor Equipment & Materials,Internet Retail,False
NVDA,TTWO,0.28930990538331147,Semiconductors,Electronic Gaming & Multimedia,False
NXPI,PDD,0.2890588692200473,Semiconductors,Internet Retail,False
MCHP,TTWO,0.2890430323694371,Semiconductors,Electronic Gaming & Multimedia,False
CDNS,PCAR,0.2889682586163803,Software - Application,Farm & Heavy Construction Machinery,False
ARM,IDXX,0.28892598414800924,Semiconductors,Diagnostics & Research,False
BIIB,PAYX,0.2888861226872501,Drug Manufacturers - General,Software - Application,False
GOOGL,WBD,0.2886756273032571,Internet Content & Information,Entertainment,False
ARM,LULU,0.28856516951116284,Semiconductors,Apparel Retail,False
LRCX,NFLX,0.2884886134919399,Semiconductor Equipment & Materials,Entertainment,False
APP,WBD,0.2884527000057373,Advertising Agencies,Entertainment,False
DXCM,ROP,0.2884283497591825,Medical Devices,Software - Application,False
KLAC,TTD,0.28839175411456697,Semiconductor Equipment & Materials,Advertising Agencies,False
APP,FTNT,0.2883800629363765,Advertising Agencies,Software - Infrastructure,False
SBUX,WDAY,0.28836766613015186,Restaurants,Software - Application,False
CTSH,INTC,0.28814483687595116,Information Technology Services,Semiconductors,False
MSTR,WBD,0.28801987077001207,Software - Application,Entertainment,False
GOOGL,IDXX,0.28792985645594665,Internet Content & Information,Diagnostics & Research,False
CHTR,WDAY,0.28791286286685536,Telecom Services,Software - Application,False
HON,MU,0.28772792384261925,Conglomerates,Semiconductors,False
AMD,ROP,0.28763622058551297,Semiconductors,Software - Application,False
DASH,LIN,0.2874962317438824,Internet Retail,Specialty Chemicals,False
ASML,WDAY,0.2872323840218319,Semiconductor Equipment & Materials,Software - Application,False
AMZN,FAST,0.2870542317436156,Internet Retail,Industrial Distribution,False
DXCM,FTNT,0.2869212447408144,Medical Devices,Software - Infrastructure,False
APP,GFS,0.28689023164177624,Advertising Agencies,Semiconductors,False
CHTR,FAST,0.2868165056413947,Telecom Services,Industrial Distribution,False
FANG,FTNT,0.2866718028632641,Oil & Gas E&P,Software - Infrastructure,False
ASML,NFLX,0.2865901210341623,Semiconductor Equipment & Materials,Entertainment,False
FANG,LULU,0.2865806920111839,Oil & Gas E&P,Apparel Retail,False
PLTR,SBUX,0.28640318555499905,Software - Infrastructure,Restaurants,False
FTNT,LIN,0.28626202317388305,Software - Infrastructure,Specialty Chemicals,False
ASML,LULU,0.2862617007333799,Semiconductor Equipment & Materials,Apparel Retail,False
EXC,ROP,0.28617604923729256,Utilities - Regulated Electric,Software - Application,False
COST,TEAM,0.2859890980737363,Discount Stores,Software - Application,False
FANG,MDB,0.2858862008673011,Oil & Gas E&P,Software - Infrastructure,False
META,PDD,0.28580121584803875,Internet Content & Information,Internet Retail,False
LULU,WBD,0.285796401045792,Apparel Retail,Entertainment,False
BKNG,FANG,0.28562087504011713,Travel Services,Oil & Gas E&P,False
CSCO,INTC,0.28559229214202564,Communication Equipment,Semiconductors,False
ISRG,LULU,0.2854254499296706,Medical Instruments & Supplies,Apparel Retail,False
GFS,PDD,0.28530001770681357,Semiconductors,Internet Retail,False
AMAT,CTAS,0.2851365540534183,Semiconductor Equipment & Materials,Specialty Business Services,False
ADBE,VRSK,0.2850978481543299,Software - Application,Consulting Services,False
CSGP,KHC,0.2850893436957186,Real Estate Services,Packaged Foods,False
ISRG,NFLX,0.2850061611671909,Medical Instruments & Supplies,Entertainment,False
COST,CRWD,0.2848934407679205,Discount Stores,Software - Infrastructure,False
LIN,ZS,0.2848807982191703,Specialty Chemicals,Software - Infrastructure,False
CTAS,MSFT,0.2847941621559703,Specialty Business Services,Software - Infrastructure,False
CSCO,WBD,0.28470264910977333,Communication Equipment,Entertainment,False
CTAS,ZS,0.2846904467654957,Specialty Business Services,Software - Infrastructure,False
MDB,MSTR,0.2846095349276721,Software - Infrastructure,Software - Application,False
BKR,DXCM,0.28456273356163303,Oil & Gas Equipment & Services,Medical Devices,False
FANG,FAST,0.28436569821260294,Oil & Gas E&P,Industrial Distribution,False
MELI,TXN,0.2843554912135247,Internet Retail,Semiconductors,False
EXC,KDP,0.28427560217179326,Utilities - Regulated Electric,Beverages - Non-Alcoholic,False
LULU,TTD,0.2840826377591183,Apparel Retail,Advertising Agencies,False
IDXX,MU,0.2840698168979854,Diagnostics & Research,Semiconductors,False
CPRT,ZS,0.284054499400815,Specialty Business Services,Software - Infrastructure,False
MDB,TXN,0.28403928622339564,Software - Infrastructure,Semiconductors,False
DASH,FANG,0.2838968035664643,Internet Retail,Oil & Gas E&P,False
AMD,MDB,0.2838422624553877,Semiconductors,Software - Infrastructure,False
DDOG,ON,0.28371418102970164,Software - Application,Semiconductors,False
CSX,KHC,0.2835743103689872,Railroads,Packaged Foods,False
BIIB,BKR,0.28356909919722983,Drug Manufacturers - General,Oil & Gas Equipment & Services,False
TTWO,WDAY,0.2835224570137963,Electronic Gaming & Multimedia,Software - Application,False
ON,PAYX,0.2834631019591339,Semiconductors,Software - Application,False
HON,MNST,0.28340887819501237,Conglomerates,Beverages - Non-Alcoholic,False
FAST,MDLZ,0.28320663808069857,Industrial Distribution,Confectioners,False
ROP,WBD,0.2831024912454744,Software - Application,Entertainment,False
ADP,SNPS,0.283096219860284,Software - Application,Software - Infrastructure,False
GOOGL,MELI,0.2830630409085083,Internet Content & Information,Internet Retail,False
MRVL,ODFL,0.2830132670525364,Semiconductors,Trucking,False
PAYX,WBD,0.2830124484432108,Software - Application,Entertainment,False
CMCSA,VRSK,0.2830032615569559,Telecom Services,Consulting Services,False
ADP,MSFT,0.2829558896639699,Software - Application,Software - Infrastructure,False
AVGO,SBUX,0.28294362375970544,Semiconductors,Restaurants,False
BIIB,ROP,0.2823985535425589,Drug Manufacturers - General,Software - Application,False
ADP,META,0.2823260724382515,Software - Application,Internet Content & Information,False
CSX,TSLA,0.2823218824273737,Railroads,Auto Manufacturers,False
IDXX,PCAR,0.28228593425272736,Diagnostics & Research,Farm & Heavy Construction Machinery,False
AMD,SBUX,0.28227246263385647,Semiconductors,Restaurants,False
CDW,MELI,0.28217203965098675,Information Technology Services,Internet Retail,False
CPRT,DASH,0.2821653184592956,Specialty Business Services,Internet Retail,False
AMAT,MELI,0.2820720096029749,Semiconductor Equipment & Materials,Internet Retail,False
BKR,TXN,0.28202859616099435,Oil & Gas Equipment & Services,Semiconductors,False
ODFL,TTD,0.2820087221701314,Trucking,Advertising Agencies,False
CSGP,MSTR,0.28195653026424633,Real Estate Services,Software - Application,False
APP,DDOG,0.2818817292589869,Advertising Agencies,Software - Application,False
ADBE,MDB,0.2818534134046974,Software - Application,Software - Infrastructure,False
IDXX,TXN,0.28184883258633453,Diagnostics & Research,Semiconductors,False
AXON,MAR,0.2818188884658348,Aerospace & Defense,Lodging,False
BKNG,CSGP,0.2817759918894361,Travel Services,Real Estate Services,False
AXON,KLAC,0.2817737763308174,Aerospace & Defense,Semiconductor Equipment & Materials,False
AMGN,TXN,0.2817661498994419,Drug Manufacturers - General,Semiconductors,False
CPRT,TSLA,0.2816485717459598,Specialty Business Services,Auto Manufacturers,False
AMD,ROST,0.28154677676987544,Semiconductors,Apparel Retail,False
DXCM,GOOGL,0.2813196428839731,Medical Devices,Internet Content & Information,False
KLAC,TTWO,0.2813171132949098,Semiconductor Equipment & Materials,Electronic Gaming & Multimedia,False
BIIB,MAR,0.28128351622011605,Drug Manufacturers - General,Lodging,False
IDXX,PYPL,0.2812726070938952,Diagnostics & Research,Credit Services,False
INTC,ISRG,0.2812458792220472,Semiconductors,Medical Instruments & Supplies,False
FAST,WDAY,0.2811184276788345,Industrial Distribution,Software - Application,False
CSGP,LULU,0.2810813043178821,Real Estate Services,Apparel Retail,False
ADP,BIIB,0.2809658697807384,Software - Application,Drug Manufacturers - General,False
LIN,TEAM,0.2806507397721584,Specialty Chemicals,Software - Application,False
COST,CSX,0.2805108770703528,Discount Stores,Railroads,False
TTD,WDAY,0.2804849760651688,Advertising Agencies,Software - Application,False
AMGN,CDW,0.28038602297338877,Drug Manufacturers - General,Information Technology Services,False
DXCM,LIN,0.2803613317392931,Medical Devices,Specialty Chemicals,False
HON,XEL,0.2803484652537027,Conglomerates,Utilities - Regulated Electric,False
DXCM,TEAM,0.2802561986082536,Medical Devices,Software - Application,False
AAPL,IDXX,0.2801049094317729,Consumer Electronics,Diagnostics & Research,False
IDXX,MSFT,0.28008103898577663,Diagnostics & Research,Software - Infrastructure,False
BKR,CPRT,0.28007391760686384,Oil & Gas Equipment & Services,Specialty Business Services,False
DXCM,PLTR,0.28007216454711636,Medical Devices,Software - Infrastructure,False
MCHP,NFLX,0.2800475057584651,Semiconductors,Entertainment,False
QCOM,TTWO,0.2799803400344979,Semiconductors,Electronic Gaming & Multimedia,False
CDNS,CTAS,0.2799689726927122,Software - Application,Specialty Business Services,False
CDNS,PDD,0.2799462710178161,Software - Application,Internet Retail,False
AMGN,MNST,0.2796143715383395,Drug Manufacturers - General,Beverages - Non-Alcoholic,False
CRWD,HON,0.27958022446376096,Software - Infrastructure,Conglomerates,False
FANG,PAYX,0.27951189118469105,Oil & Gas E&P,Software - Application,False
DASH,SNPS,0.2794626196502206,Internet Retail,Software - Infrastructure,False
CSCO,MDB,0.2793698795742951,Communication Equipment,Software - Infrastructure,False
BIIB,CTAS,0.27926653411787444,Drug Manufacturers - General,Specialty Business Services,False
MSTR,PCAR,0.27915764846256497,Software - Application,Farm & Heavy Construction Machinery,False
AMD,FAST,0.2789492106893531,Semiconductors,Industrial Distribution,False
DASH,DXCM,0.2789131904075964,Internet Retail,Medical Devices,False
CTAS,DASH,0.27887480147807325,Specialty Business Services,Internet Retail,False
COST,ZS,0.27865283036765587,Discount Stores,Software - Infrastructure,False
CCEP,CMCSA,0.2784952375473979,Beverages - Non-Alcoholic,Telecom Services,False
BKNG,INTC,0.2784619283488207,Travel Services,Semiconductors,False
CSGP,GOOGL,0.2784595036585068,Real Estate Services,Internet Content & Information,False
BIIB,WBD,0.27816621367404504,Drug Manufacturers - General,Entertainment,False
AMD,TEAM,0.2781524101803669,Semiconductors,Software - Application,False
CPRT,NFLX,0.27815006359537886,Specialty Business Services,Entertainment,False
BIIB,MNST,0.27800424137111424,Drug Manufacturers - General,Beverages - Non-Alcoholic,False
ADSK,INTC,0.2779232990759506,Software - Application,Semiconductors,False
CSX,ZS,0.2777064047264615,Railroads,Software - Infrastructure,False
FTNT,MELI,0.27769092715541205,Software - Infrastructure,Internet Retail,False
MDB,PYPL,0.277551349475981,Software - Infrastructure,Credit Services,False
CPRT,LRCX,0.27753742697911116,Specialty Business Services,Semiconductor Equipment & Materials,False
PEP,REGN,0.2775373595685127,Beverages - Non-Alcoholic,Biotechnology,False
ADP,FANG,0.2775080946066367,Software - Application,Oil & Gas E&P,False
AEP,LIN,0.2774985653870615,Utilities - Regulated Electric,Specialty Chemicals,False
ADSK,CHTR,0.27744807436580515,Software - Application,Telecom Services,False
ASML,TTWO,0.27744419926606334,Semiconductor Equipment & Materials,Electronic Gaming & Multimedia,False
IDXX,MCHP,0.2773568928626178,Diagnostics & Research,Semiconductors,False
CPRT,PLTR,0.2772148267943333,Specialty Business Services,Software - Infrastructure,False
FANG,WDAY,0.2770109660442426,Oil & Gas E&P,Software - Application,False
FAST,INTU,0.27683259188493775,Industrial Distribution,Software - Application,False
AXON,FTNT,0.2768203530292933,Aerospace & Defense,Software - Infrastructure,False
INTU,ROST,0.27681001564299823,Software - Application,Apparel Retail,False
CSGP,ROST,0.2767941668269827,Real Estate Services,Apparel Retail,False
ADBE,PDD,0.27678908071832486,Software - Application,Internet Retail,False
AZN,ROP,0.2767436005299594,Drug Manufacturers - General,Software - Application,False
FAST,MSFT,0.27666577929978475,Industrial Distribution,Software - Infrastructure,False
ARM,PDD,0.27665986410279564,Semiconductors,Internet Retail,False
MRVL,PCAR,0.27660532751664524,Semiconductors,Farm & Heavy Construction Machinery,False
AMD,ODFL,0.27646815682974496,Semiconductors,Trucking,False
AMAT,CSGP,0.27643169549181845,Semiconductor Equipment & Materials,Real Estate Services,False
AMGN,KDP,0.27639140019701985,Drug Manufacturers - General,Beverages - Non-Alcoholic,False
SBUX,TTD,0.2763901839986392,Restaurants,Advertising Agencies,False
KLAC,ROP,0.2763658085399171,Semiconductor Equipment & Materials,Software - Application,False
AMAT,TTD,0.27602015872910834,Semiconductor Equipment & Materials,Advertising Agencies,False
FAST,KLAC,0.27594401427830817,Industrial Distribution,Semiconductor Equipment & Materials,False
DASH,PAYX,0.27574354018842445,Internet Retail,Software - Application,False
CMCSA,INTC,0.2756846692556736,Telecom Services,Semiconductors,False
CTSH,REGN,0.27548848176051177,Information Technology Services,Biotechnology,False
CSGP,SNPS,0.27547441853092436,Real Estate Services,Software - Infrastructure,False
INTC,META,0.2754476057651901,Semiconductors,Internet Content & Information,False
ADI,REGN,0.2754034698171533,Semiconductors,Biotechnology,False
CTSH,GILD,0.27538193780754255,Information Technology Services,Drug Manufacturers - General,False
ROP,TSLA,0.2753663805428799,Software - Application,Auto Manufacturers,False
AZN,GEHC,0.27527742693772295,Drug Manufacturers - General,Medical Devices,False
DXCM,PAYX,0.27512647379151456,Medical Devices,Software - Application,False
CTSH,VRTX,0.27510604984552167,Information Technology Services,Biotechnology,False
LIN,SNPS,0.27501560249183027,Specialty Chemicals,Software - Infrastructure,False
ASML,TTD,0.27475311748200737,Semiconductor Equipment & Materials,Advertising Agencies,False
CSCO,LULU,0.27457657994080986,Communication Equipment,Apparel Retail,False
HON,MELI,0.27455669173824404,Conglomerates,Internet Retail,False
COST,SBUX,0.27439800979290463,Discount Stores,Restaurants,False
DXCM,TSLA,0.2741893165061044,Medical Devices,Auto Manufacturers,False
LIN,MRVL,0.27414390037516906,Specialty Chemicals,Semiconductors,False
CEG,MELI,0.2741273131945928,Utilities - Independent Power Producers,Internet Retail,False
CSX,KDP,0.27412033795297963,Railroads,Beverages - Non-Alcoholic,False
AMD,AXON,0.2740833102515651,Semiconductors,Aerospace & Defense,False
CPRT,KLAC,0.27394205394529614,Specialty Business Services,Semiconductor Equipment & Materials,False
SNPS,WBD,0.2738454152803387,Software - Infrastructure,Entertainment,False
BKR,ROST,0.27383220572096223,Oil & Gas Equipment & Services,Apparel Retail,False
KDP,VRSK,0.27377983609842244,Beverages - Non-Alcoholic,Consulting Services,False
MELI,MU,0.2736480538179052,Internet Retail,Semiconductors,False
INTC,PDD,0.27364688810259097,Semiconductors,Internet Retail,False
FANG,GOOGL,0.2736340492284889,Oil & Gas E&P,Internet Content & Information,False
IDXX,TEAM,0.2735053218870164,Diagnostics & Research,Software - Application,False
APP,SNPS,0.27342407726278667,Advertising Agencies,Software - Infrastructure,False
AMD,IDXX,0.27337526178394017,Semiconductors,Diagnostics & Research,False
LIN,META,0.27333294651700496,Specialty Chemicals,Internet Content & Information,False
DASH,FAST,0.27308156500480346,Internet Retail,Industrial Distribution,False
ADBE,AXON,0.2728369231427705,Software - Application,Aerospace & Defense,False
AZN,PAYX,0.2727863733866581,Drug Manufacturers - General,Software - Application,False
CSGP,NVDA,0.2727359178852702,Real Estate Services,Semiconductors,False
TSLA,TTWO,0.27268026804027373,Auto Manufacturers,Electronic Gaming & Multimedia,False
AAPL,DXCM,0.2724802595414222,Consumer Electronics,Medical Devices,False
CSGP,TSLA,0.2722945861475525,Real Estate Services,Auto Manufacturers,False
CSX,IDXX,0.2719586966269593,Railroads,Diagnostics & Research,False
AZN,EXC,0.2719072080572165,Drug Manufacturers - General,Utilities - Regulated Electric,False
CTSH,PDD,0.27184295936436326,Information Technology Services,Internet Retail,False
AMD,LIN,0.2718251155220364,Semiconductors,Specialty Chemicals,False
IDXX,INTU,0.27174420051572096,Diagnostics & Research,Software - Application,False
COST,TXN,0.27160609604974484,Discount Stores,Semiconductors,False
AEP,CCEP,0.2713479304035405,Utilities - Regulated Electric,Beverages - Non-Alcoholic,False
HON,VRTX,0.2712638775805607,Conglomerates,Biotechnology,False
AVGO,CTSH,0.2711691085854773,Semiconductors,Information Technology Services,False
AXON,CSCO,0.27114897805524163,Aerospace & Defense,Communication Equipment,False
NVDA,SBUX,0.27114260831716064,Semiconductors,Restaurants,False
CCEP,HON,0.27106104869216574,Beverages - Non-Alcoholic,Conglomerates,False
CHTR,TSLA,0.2710022131558537,Telecom Services,Auto Manufacturers,False
APP,DXCM,0.2709306682771701,Advertising Agencies,Medical Devices,False
MRVL,TTWO,0.2708693977646203,Semiconductors,Electronic Gaming & Multimedia,False
CMCSA,FTNT,0.2706076512809032,Telecom Services,Software - Infrastructure,False
CSCO,MELI,0.27054495336717344,Communication Equipment,Internet Retail,False
BIIB,ON,0.27047845139546906,Drug Manufacturers - General,Semiconductors,False
DXCM,NFLX,0.2704655472622764,Medical Devices,Entertainment,False
AMGN,ODFL,0.27031638373481115,Drug Manufacturers - General,Trucking,False
ADSK,CEG,0.27027289066771787,Software - Application,Utilities - Independent Power Producers,False
CRWD,ODFL,0.27013105276502225,Software - Infrastructure,Trucking,False
PEP,ROP,0.26984866577158617,Beverages - Non-Alcoholic,Software - Application,False
CTAS,NFLX,0.26964534658698736,Specialty Business Services,Entertainment,False
ON,TTD,0.26963206619173913,Semiconductors,Advertising Agencies,False
AZN,MNST,0.2694415540367704,Drug Manufacturers - General,Beverages - Non-Alcoholic,False
CCEP,CHTR,0.2693869023100859,Beverages - Non-Alcoholic,Telecom Services,False
BIIB,SBUX,0.2693645917345451,Drug Manufacturers - General,Restaurants,False
GOOGL,SBUX,0.2693043604941138,Internet Content & Information,Restaurants,False
GILD,PCAR,0.26929745818547907,Drug Manufacturers - General,Farm & Heavy Construction Machinery,False
CRWD,CSGP,0.2691661101017192,Software - Infrastructure,Real Estate Services,False
APP,TXN,0.2691636776326186,Advertising Agencies,Semiconductors,False
CMCSA,TEAM,0.268795754714548,Telecom Services,Software - Application,False
CTSH,TTD,0.2687876181038384,Information Technology Services,Advertising Agencies,False
ASML,AXON,0.2687233810862253,Semiconductor Equipment & Materials,Aerospace & Defense,False
APP,FANG,0.2686121334061765,Advertising Agencies,Oil & Gas E&P,False
AMZN,COST,0.26852528391853403,Internet Retail,Discount Stores,False
AAPL,AMGN,0.26836965592073214,Consumer Electronics,Drug Manufacturers - General,False
BKNG,IDXX,0.26836506266039123,Travel Services,Diagnostics & Research,False
CHTR,INTC,0.2683517329772811,Telecom Services,Semiconductors,False
AAPL,TTWO,0.26831567928606015,Consumer Electronics,Electronic Gaming & Multimedia,False
CTSH,MDB,0.2682420727325396,Information Technology Services,Software - Infrastructure,False
KLAC,PDD,0.2681744307074124,Semiconductor Equipment & Materials,Internet Retail,False
LULU,MSTR,0.2680045714653341,Apparel Retail,Software - Application,False
GILD,ROP,0.2678117748032484,Drug Manufacturers - General,Software - Application,False
CHTR,WBD,0.26770257883909565,Telecom Services,Entertainment,False
CPRT,MSFT,0.26754591324129323,Specialty Business Services,Software - Infrastructure,False
GOOGL,MDB,0.2674299792366485,Internet Content & Information,Software - Infrastructure,False
LIN,MELI,0.2674237458366902,Specialty Chemicals,Internet Retail,False
ADI,AMGN,0.2673007275616697,Semiconductors,Drug Manufacturers - General,False
BIIB,LULU,0.267265975868432,Drug Manufacturers - General,Apparel Retail,False
MSTR,ODFL,0.2672320386491933,Software - Application,Trucking,False
AZN,XEL,0.26722351973626707,Drug Manufacturers - General,Utilities - Regulated Electric,False
AMZN,IDXX,0.2671831887524431,Internet Retail,Diagnostics & Research,False
APP,CTSH,0.26717479355513407,Advertising Agencies,Information Technology Services,False
CPRT,ON,0.26709738956260065,Specialty Business Services,Semiconductors,False
FTNT,LULU,0.2670906288668458,Software - Infrastructure,Apparel Retail,False
FANG,ROST,0.2669919391271018,Oil & Gas E&P,Apparel Retail,False
MU,ROST,0.2668931172756896,Semiconductors,Apparel Retail,False
BKR,WDAY,0.26686214296901445,Oil & Gas Equipment & Services,Software - Application,False
IDXX,PAYX,0.2668290563464322,Diagnostics & Research,Software - Application,False
SNPS,TTD,0.26677482952025183,Software - Infrastructure,Advertising Agencies,False
COST,MELI,0.2666946597419772,Discount Stores,Internet Retail,False
CPRT,KHC,0.2665323706378309,Specialty Business Services,Packaged Foods,False
NFLX,ON,0.2663947293422187,Entertainment,Semiconductors,False
MDB,MELI,0.26620914656520006,Software - Infrastructure,Internet Retail,False
INTC,MSFT,0.2661812342980469,Semiconductors,Software - Infrastructure,False
ADBE,FANG,0.266144988980908,Software - Application,Oil & Gas E&P,False
KHC,REGN,0.266114345429171,Packaged Foods,Biotechnology,False
FAST,GOOGL,0.2658420519986282,Industrial Distribution,Internet Content & Information,False
BKR,IDXX,0.2657747633504452,Oil & Gas Equipment & Services,Diagnostics & Research,False
CCEP,ISRG,0.26574204749448377,Beverages - Non-Alcoholic,Medical Instruments & Supplies,False
DDOG,SNPS,0.2655972208955034,Software - Application,Software - Infrastructure,False
FAST,GILD,0.26557625445381666,Industrial Distribution,Drug Manufacturers - General,False
CHTR,TEAM,0.2654844282573188,Telecom Services,Software - Application,False
INTC,MDB,0.2654622987251915,Semiconductors,Software - Infrastructure,False
FAST,PANW,0.2654036825767255,Industrial Distribution,Software - Infrastructure,False
MU,NFLX,0.26521790991150734,Semiconductors,Entertainment,False
MAR,NFLX,0.2650899006794958,Lodging,Entertainment,False
CSX,MNST,0.2647477611863357,Railroads,Beverages - Non-Alcoholic,False
COST,XEL,0.26472272793218815,Discount Stores,Utilities - Regulated Electric,False
CRWD,ROST,0.2645910699024574,Software - Infrastructure,Apparel Retail,False
AXON,PYPL,0.26453977754348806,Aerospace & Defense,Credit Services,False
AMGN,NXPI,0.26453647879291153,Drug Manufacturers - General,Semiconductors,False
INTU,TTD,0.26444696599467177,Software - Application,Advertising Agencies,False
FAST,ON,0.26443836974005075,Industrial Distribution,Semiconductors,False
MAR,MELI,0.26442533349364905,Lodging,Internet Retail,False
CEG,TXN,0.2644124471650339,Utilities - Independent Power Producers,Semiconductors,False
BKNG,PDD,0.2642465746626586,Travel Services,Internet Retail,False
MCHP,PDD,0.2639767695601541,Semiconductors,Internet Retail,False
ODFL,REGN,0.2639640985369683,Trucking,Biotechnology,False
CPRT,SBUX,0.26391769889523065,Specialty Business Services,Restaurants,False
CCEP,GEHC,0.26381257246398365,Beverages - Non-Alcoholic,Medical Devices,False
ADBE,NVDA,0.2636838833765054,Software - Application,Semiconductors,False
CTAS,ON,0.26359754067439845,Specialty Business Services,Semiconductors,False
META,TTWO,0.2635816418153022,Internet Content & Information,Electronic Gaming & Multimedia,False
GOOGL,WDAY,0.26334801168681665,Internet Content & Information,Software - Application,False
HON,MRVL,0.2633213623887976,Conglomerates,Semiconductors,False
LULU,MRVL,0.26324917583970775,Apparel Retail,Semiconductors,False
BIIB,GFS,0.2632375972365794,Drug Manufacturers - General,Semiconductors,False
AEP,KHC,0.2632367839116134,Utilities - Regulated Electric,Packaged Foods,False
AAPL,GILD,0.2632276293635843,Consumer Electronics,Drug Manufacturers - General,False
HON,TTD,0.2630458049166275,Conglomerates,Advertising Agencies,False
AXON,SNPS,0.26293012873243804,Aerospace & Defense,Software - Infrastructure,False
GILD,MDLZ,0.262849142791698,Drug Manufacturers - General,Confectioners,False
CTSH,DDOG,0.2628223944132666,Information Technology Services,Software - Application,False
INTU,PCAR,0.262725740325076,Software - Application,Farm & Heavy Construction Machinery,False
IDXX,QCOM,0.26263153699859015,Diagnostics & Research,Semiconductors,False
COST,FTNT,0.2625808715424681,Discount Stores,Software - Infrastructure,False
INTC,ZS,0.2621807336394549,Semiconductors,Software - Infrastructure,False
KHC,TMUS,0.26216537619960445,Packaged Foods,Telecom Services,False
ADBE,AMAT,0.26195516925937073,Software - Application,Semiconductor Equipment & Materials,False
LRCX,TTD,0.26193974888764765,Semiconductor Equipment & Materials,Advertising Agencies,False
AMZN,LIN,0.2618291105888305,Internet Retail,Specialty Chemicals,False
APP,CSGP,0.26169084146936444,Advertising Agencies,Real Estate Services,False
CTAS,SNPS,0.2614818267150303,Specialty Business Services,Software - Infrastructure,False
AZN,CTAS,0.2614376918631361,Drug Manufacturers - General,Specialty Business Services,False
CPRT,NVDA,0.2614224132802952,Specialty Business Services,Semiconductors,False
AMGN,EXC,0.26140086905464843,Drug Manufacturers - General,Utilities - Regulated Electric,False
BKR,TTD,0.2611526729298365,Oil & Gas Equipment & Services,Advertising Agencies,False
CMCSA,PEP,0.26111750198792105,Telecom Services,Beverages - Non-Alcoholic,False
AMAT,ROP,0.2611127416926302,Semiconductor Equipment & Materials,Software - Application,False
CHTR,CPRT,0.2610484889418595,Telecom Services,Specialty Business Services,False
APP,TTWO,0.26099449921330586,Advertising Agencies,Electronic Gaming & Multimedia,False
AMAT,PDD,0.26094350467078786,Semiconductor Equipment & Materials,Internet Retail,False
LULU,TSLA,0.26093114714765486,Apparel Retail,Auto Manufacturers,False
ARM,TTWO,0.2607870416019008,Semiconductors,Electronic Gaming & Multimedia,False
CDNS,FAST,0.2606729687640862,Software - Application,Industrial Distribution,False
LULU,MDB,0.2605454905758319,Apparel Retail,Software - Infrastructure,False
LIN,PLTR,0.2604835158908582,Specialty Chemicals,Software - Infrastructure,False
CDW,VRTX,0.2604004757483078,Information Technology Services,Biotechnology,False
ADP,ON,0.2601675505628494,Software - Application,Semiconductors,False
AEP,EA,0.25998150169388295,Utilities - Regulated Electric,Electronic Gaming & Multimedia,False
CTSH,KHC,0.25987817592289864,Information Technology Services,Packaged Foods,False
AMGN,XEL,0.259850509920511,Drug Manufacturers - General,Utilities - Regulated Electric,False
ADBE,MRVL,0.2593572229960394,Software - Application,Semiconductors,False
AMZN,PAYX,0.2593449066143248,Internet Retail,Software - Application,False
ADP,ARM,0.25924103900843065,Software - Application,Semiconductors,False
ADP,AEP,0.2592155274787177,Software - Application,Utilities - Regulated Electric,False
ADSK,TTWO,0.2591393554708701,Software - Application,Electronic Gaming & Multimedia,False
CSGP,MELI,0.258890716831184,Real Estate Services,Internet Retail,False
AMGN,VRSK,0.2585995408061223,Drug Manufacturers - General,Consulting Services,False
DXCM,MRVL,0.25836457630294096,Medical Devices,Semiconductors,False
CSX,GOOGL,0.25835106174234984,Railroads,Internet Content & Information,False
ADP,CRWD,0.25813657573174115,Software - Application,Software - Infrastructure,False
MAR,TTWO,0.2581328716401861,Lodging,Electronic Gaming & Multimedia,False
COST,PLTR,0.2581207915078781,Discount Stores,Software - Infrastructure,False
CSX,TTD,0.2580468919793319,Railroads,Advertising Agencies,False
PANW,PDD,0.2580414503865209,Software - Infrastructure,Internet Retail,False
DXCM,SNPS,0.2577740721357197,Medical Devices,Software - Infrastructure,False
COST,MNST,0.25770856645423895,Discount Stores,Beverages - Non-Alcoholic,False
CSCO,GILD,0.25769154239182535,Communication Equipment,Drug Manufacturers - General,False
IDXX,MSTR,0.2575770237301381,Diagnostics & Research,Software - Application,False
MELI,TTWO,0.25746741560750774,Internet Retail,Electronic Gaming & Multimedia,False
ADI,MNST,0.25740282844334916,Semiconductors,Beverages - Non-Alcoholic,False
INTU,TTWO,0.2573277981059511,Software - Application,Electronic Gaming & Multimedia,False
ON,PDD,0.25711741237193825,Semiconductors,Internet Retail,False
DASH,TTWO,0.2570731244526836,Internet Retail,Electronic Gaming & Multimedia,False
AMD,WDAY,0.2570720939550969,Semiconductors,Software - Application,False
COST,INTU,0.2569713601855545,Discount Stores,Software - Application,False
CMCSA,CSCO,0.2569530278115273,Telecom Services,Communication Equipment,False
AZN,REGN,0.2568641172667593,Drug Manufacturers - General,Biotechnology,False
CMCSA,TSLA,0.256771129406987,Telecom Services,Auto Manufacturers,False
ROP,VRTX,0.25675420296403056,Software - Application,Biotechnology,False
CPRT,CRWD,0.2566857582959338,Specialty Business Services,Software - Infrastructure,False
MRVL,PDD,0.256635836332148,Semiconductors,Internet Retail,False
ARM,CTAS,0.25663172978046134,Semiconductors,Specialty Business Services,False
REGN,TXN,0.2565914659310106,Biotechnology,Semiconductors,False
DXCM,PCAR,0.2565116743029519,Medical Devices,Farm & Heavy Construction Machinery,False
CEG,NFLX,0.2564982199877708,Utilities - Independent Power Producers,Entertainment,False
AMGN,ORLY,0.25649069990239337,Drug Manufacturers - General,Auto Parts,False
GEHC,MNST,0.25638104960973784,Medical Devices,Beverages - Non-Alcoholic,False
CSGP,MRVL,0.25628932516906183,Real Estate Services,Semiconductors,False
ASML,CSGP,0.25627183298311457,Semiconductor Equipment & Materials,Real Estate Services,False
AMGN,CSGP,0.2562303630681718,Drug Manufacturers - General,Real Estate Services,False
ADP,NFLX,0.25615891702652416,Software - Application,Entertainment,False
CMCSA,PANW,0.2559389917715388,Telecom Services,Software - Infrastructure,False
NVDA,PDD,0.25568438582063535,Semiconductors,Internet Retail,False
BKR,CMCSA,0.2553486133417367,Oil & Gas Equipment & Services,Telecom Services,False
DASH,LULU,0.25533113935706586,Internet Retail,Apparel Retail,False
COST,WDAY,0.25531216527662903,Discount Stores,Software - Application,False
CMCSA,MDLZ,0.2553041358036143,Telecom Services,Confectioners,False
CSX,DDOG,0.25516587355439757,Railroads,Software - Application,False
HON,PLTR,0.25515876051460074,Conglomerates,Software - Infrastructure,False
AXON,QCOM,0.25508267920128697,Aerospace & Defense,Semiconductors,False
AMD,TTWO,0.25486189653306834,Semiconductors,Electronic Gaming & Multimedia,False
FAST,VRTX,0.2547496056313443,Industrial Distribution,Biotechnology,False
NVDA,TTD,0.2547004864528858,Semiconductors,Advertising Agencies,False
ADP,TSLA,0.25455364928091284,Software - Application,Auto Manufacturers,False
MAR,VRSK,0.2544612538679283,Lodging,Consulting Services,False
BKNG,VRSK,0.25425930142095593,Travel Services,Consulting Services,False
CTAS,EA,0.2542205610751323,Specialty Business Services,Electronic Gaming & Multimedia,False
LIN,MSTR,0.2541455442123691,Specialty Chemicals,Software - Application,False
COST,FAST,0.2541213245031065,Discount Stores,Industrial Distribution,False
DXCM,ROST,0.2540891319925749,Medical Devices,Apparel Retail,False
TTWO,WBD,0.2540008409217142,Electronic Gaming & Multimedia,Entertainment,False
LULU,MELI,0.2538535737240398,Apparel Retail,Internet Retail,False
MSTR,SBUX,0.2536599918027818,Software - Application,Restaurants,False
CRWD,CTAS,0.25343567299078934,Software - Infrastructure,Specialty Business Services,False
CHTR,SBUX,0.2534315739746441,Telecom Services,Restaurants,False
ROST,WBD,0.2534166915595047,Apparel Retail,Entertainment,False
GILD,KHC,0.25335752624699276,Drug Manufacturers - General,Packaged Foods,False
SBUX,SNPS,0.2533165481206235,Restaurants,Software - Infrastructure,False
BKR,PDD,0.2531961715189414,Oil & Gas Equipment & Services,Internet Retail,False
MDB,TSLA,0.2530914512222066,Software - Infrastructure,Auto Manufacturers,False
QCOM,REGN,0.2528030515692012,Semiconductors,Biotechnology,False
COST,EXC,0.25244071767817144,Discount Stores,Utilities - Regulated Electric,False
INTC,MSTR,0.25237162953594167,Semiconductors,Software - Application,False
AVGO,PCAR,0.25219016049195486,Semiconductors,Farm & Heavy Construction Machinery,False
DXCM,MSFT,0.2520557038357919,Medical Devices,Software - Infrastructure,False
MSFT,ODFL,0.2520263467078608,Software - Infrastructure,Trucking,False
INTC,LULU,0.25195412143214757,Semiconductors,Apparel Retail,False
ABNB,IDXX,0.2517165831470284,Travel Services,Diagnostics & Research,False
INTU,LULU,0.25101765448726276,Software - Application,Apparel Retail,False
BKR,MELI,0.2508860715336258,Oil & Gas Equipment & Services,Internet Retail,False
ADP,VRTX,0.2507008450530975,Software - Application,Biotechnology,False
BKR,LULU,0.25069910753971497,Oil & Gas Equipment & Services,Apparel Retail,False
CDNS,TTWO,0.250567520622235,Software - Application,Electronic Gaming & Multimedia,False
IDXX,META,0.25052367784006946,Diagnostics & Research,Internet Content & Information,False
CMCSA,ISRG,0.25028004007003857,Telecom Services,Medical Instruments & Supplies,False
LULU,NVDA,0.25022974815034205,Apparel Retail,Semiconductors,False
DASH,PCAR,0.2501813594215219,Internet Retail,Farm & Heavy Construction Machinery,False
LULU,PANW,0.25017796934189185,Apparel Retail,Software - Infrastructure,False
PCAR,PEP,0.249863045548439,Farm & Heavy Construction Machinery,Beverages - Non-Alcoholic,False
AEP,MDLZ,0.2497606560878881,Utilities - Regulated Electric,Confectioners,False
COST,CSGP,0.24958987235213628,Discount Stores,Real Estate Services,False
COST,PYPL,0.2495168889632931,Discount Stores,Credit Services,False
ADBE,TTWO,0.24947131083700153,Software - Application,Electronic Gaming & Multimedia,False
IDXX,NVDA,0.2493423423203529,Diagnostics & Research,Semiconductors,False
MU,ROP,0.24921008453179505,Semiconductors,Software - Application,False
MDB,TTWO,0.24919933871641348,Software - Infrastructure,Electronic Gaming & Multimedia,False
IDXX,ZS,0.24907874986589826,Diagnostics & Research,Software - Infrastructure,False
IDXX,WDAY,0.2490489701227048,Diagnostics & Research,Software - Application,False
COST,DXCM,0.2489935165623247,Discount Stores,Medical Devices,False
CPRT,WBD,0.24896966936329493,Specialty Business Services,Entertainment,False
AZN,CTSH,0.24890351529234125,Drug Manufacturers - General,Information Technology Services,False
DASH,ROST,0.2486213960485919,Internet Retail,Apparel Retail,False
EA,XEL,0.24827292028446496,Electronic Gaming & Multimedia,Utilities - Regulated Electric,False
BIIB,PYPL,0.2481657024407453,Drug Manufacturers - General,Credit Services,False
GEHC,MDB,0.24806447136823118,Medical Devices,Software - Infrastructure,False
INTU,ODFL,0.24803928399626335,Software - Application,Trucking,False
CSX,MRVL,0.24802814253355945,Railroads,Semiconductors,False
PCAR,TTD,0.24802430155013674,Farm & Heavy Construction Machinery,Advertising Agencies,False
NXPI,REGN,0.2479257223885164,Semiconductors,Biotechnology,False
APP,COST,0.2478326059814911,Advertising Agencies,Discount Stores,False
CHTR,PANW,0.24781148627308275,Telecom Services,Software - Infrastructure,False
ADP,KLAC,0.2477250138349657,Software - Application,Semiconductor Equipment & Materials,False
AMGN,TMUS,0.24771224520971089,Drug Manufacturers - General,Telecom Services,False
HON,MSTR,0.24768034491655316,Conglomerates,Software - Application,False
CMCSA,ZS,0.24764074167017255,Telecom Services,Software - Infrastructure,False
INTC,MELI,0.2476162646972864,Semiconductors,Internet Retail,False
AXON,CPRT,0.24761053392019447,Aerospace & Defense,Specialty Business Services,False
AMZN,TTWO,0.24719591974266442,Internet Retail,Electronic Gaming & Multimedia,False
ABNB,COST,0.24714225106264118,Travel Services,Discount Stores,False
INTC,SBUX,0.24702525799127817,Semiconductors,Restaurants,False
CTSH,MSTR,0.2470246634539233,Information Technology Services,Software - Application,False
AMGN,IDXX,0.2470165664396917,Drug Manufacturers - General,Diagnostics & Research,False
AVGO,IDXX,0.2466373955213674,Semiconductors,Diagnostics & Research,False
GILD,MNST,0.24649238071299476,Drug Manufacturers - General,Beverages - Non-Alcoholic,False
AMGN,CHTR,0.24642002673115793,Drug Manufacturers - General,Telecom Services,False
CPRT,MSTR,0.2463748616192285,Specialty Business Services,Software - Application,False
BKR,MDB,0.2463731293634693,Oil & Gas Equipment & Services,Software - Infrastructure,False
ADP,MELI,0.2463496485258951,Software - Application,Internet Retail,False
PCAR,ZS,0.2462588979633465,Farm & Heavy Construction Machinery,Software - Infrastructure,False
MELI,ROP,0.24619563638366934,Internet Retail,Software - Application,False
FAST,ZS,0.24596441061103333,Industrial Distribution,Software - Infrastructure,False
MELI,SNPS,0.24594417232169205,Internet Retail,Software - Infrastructure,False
FANG,TTD,0.24593653598576165,Oil & Gas E&P,Advertising Agencies,False
FAST,LRCX,0.24563672165518857,Industrial Distribution,Semiconductor Equipment & Materials,False
LULU,SNPS,0.24553864718368687,Apparel Retail,Software - Infrastructure,False
ADBE,KHC,0.24551251895258322,Software - Application,Packaged Foods,False
COST,MCHP,0.24541389599458346,Discount Stores,Semiconductors,False
BIIB,VRSK,0.24536524330052206,Drug Manufacturers - General,Consulting Services,False
AVGO,TTD,0.24525639287185594,Semiconductors,Advertising Agencies,False
AZN,SBUX,0.24523102312795353,Drug Manufacturers - General,Restaurants,False
AZN,KDP,0.24518060492032737,Drug Manufacturers - General,Beverages - Non-Alcoholic,False
DASH,ROP,0.24500623496498924,Internet Retail,Software - Application,False
CHTR,ON,0.24499981720135736,Telecom Services,Semiconductors,False
PEP,SBUX,0.24471483805509436,Beverages - Non-Alcoholic,Restaurants,False
PCAR,SNPS,0.2444928669811229,Farm & Heavy Construction Machinery,Software - Infrastructure,False
IDXX,SNPS,0.24439790594933214,Diagnostics & Research,Software - Infrastructure,False
AMAT,FAST,0.2443825349289618,Semiconductor Equipment & Materials,Industrial Distribution,False
CDNS,COST,0.24431668539382245,Software - Application,Discount Stores,False
CPRT,FANG,0.24425999890849304,Specialty Business Services,Oil & Gas E&P,False
CDW,REGN,0.24423802924957647,Information Technology Services,Biotechnology,False
AZN,LRCX,0.24399068221071277,Drug Manufacturers - General,Semiconductor Equipment & Materials,False
PLTR,PYPL,0.24364950491143955,Software - Infrastructure,Credit Services,False
GILD,NXPI,0.2435044840853734,Drug Manufacturers - General,Semiconductors,False
CEG,ON,0.24347985479645137,Utilities - Independent Power Producers,Semiconductors,False
MDB,ROST,0.24344957523931185,Software - Infrastructure,Apparel Retail,False
AMGN,MAR,0.2433538676466269,Drug Manufacturers - General,Lodging,False
BKNG,CCEP,0.24327305005883676,Travel Services,Beverages - Non-Alcoholic,False
KDP,QCOM,0.24273540731704082,Beverages - Non-Alcoholic,Semiconductors,False
FANG,PLTR,0.2426723703650746,Oil & Gas E&P,Software - Infrastructure,False
GOOGL,ODFL,0.24267140338102022,Internet Content & Information,Trucking,False
MNST,PYPL,0.24266692036540927,Beverages - Non-Alcoholic,Credit Services,False
ADP,APP,0.2425882198503562,Software - Application,Advertising Agencies,False
MSFT,PDD,0.24251498984509,Software - Infrastructure,Internet Retail,False
BIIB,KDP,0.24240769336365706,Drug Manufacturers - General,Beverages - Non-Alcoholic,False
AMGN,MCHP,0.24240544105062747,Drug Manufacturers - General,Semiconductors,False
DXCM,ZS,0.24237308393381923,Medical Devices,Software - Infrastructure,False
BIIB,CHTR,0.2421900839682909,Drug Manufacturers - General,Telecom Services,False
DDOG,WBD,0.24215862848245973,Software - Application,Entertainment,False
BIIB,LRCX,0.2419495951267462,Drug Manufacturers - General,Semiconductor Equipment & Materials,False
AEP,ROP,0.24194818434418772,Utilities - Regulated Electric,Software - Application,False
FAST,ISRG,0.24193000983132185,Industrial Distribution,Medical Instruments & Supplies,False
CSCO,PDD,0.24185572778682649,Communication Equipment,Internet Retail,False
AMAT,CPRT,0.24169328464049047,Semiconductor Equipment & Materials,Specialty Business Services,False
CTSH,NFLX,0.24151821505062185,Information Technology Services,Entertainment,False
PDD,PYPL,0.241420564377454,Internet Retail,Credit Services,False
CHTR,FTNT,0.24141528639702703,Telecom Services,Software - Infrastructure,False
CSGP,TTD,0.24131345888515857,Real Estate Services,Advertising Agencies,False
AMGN,BKR,0.24130028521618896,Drug Manufacturers - General,Oil & Gas Equipment & Services,False
EA,LIN,0.2411666036292502,Electronic Gaming & Multimedia,Specialty Chemicals,False
AZN,MDLZ,0.24109779307866114,Drug Manufacturers - General,Confectioners,False
AZN,ORLY,0.2410037042632043,Drug Manufacturers - General,Auto Parts,False
AXON,DXCM,0.24099604400000227,Aerospace & Defense,Medical Devices,False
EA,TMUS,0.24081679574586495,Electronic Gaming & Multimedia,Telecom Services,False
CRWD,IDXX,0.24062259360039198,Software - Infrastructure,Diagnostics & Research,False
BIIB,CSCO,0.24053920821612337,Drug Manufacturers - General,Communication Equipment,False
FAST,IDXX,0.2405238607482826,Industrial Distribution,Diagnostics & Research,False
MSTR,PDD,0.2405022612707188,Software - Application,Internet Retail,False
LULU,ZS,0.24041890603512586,Apparel Retail,Software - Infrastructure,False
KHC,SBUX,0.2402306475275608,Packaged Foods,Restaurants,False
LIN,VRTX,0.24013743353391998,Specialty Chemicals,Biotechnology,False
CPRT,MELI,0.2401067281070136,Specialty Business Services,Internet Retail,False
AMGN,CSX,0.23987147286422314,Drug Manufacturers - General,Railroads,False
GFS,GILD,0.2398405778582996,Semiconductors,Drug Manufacturers - General,False
CMCSA,MNST,0.23959684271042497,Telecom Services,Beverages - Non-Alcoholic,False
EXC,MNST,0.23937767947110533,Utilities - Regulated Electric,Beverages - Non-Alcoholic,False
DASH,INTC,0.2393672316753006,Internet Retail,Semiconductors,False
ADI,PDD,0.2393072385996663,Semiconductors,Internet Retail,False
ROST,SNPS,0.23926247409075702,Apparel Retail,Software - Infrastructure,False
ADI,GILD,0.2391841315341924,Semiconductors,Drug Manufacturers - General,False
HON,ORLY,0.23911658350339585,Conglomerates,Auto Parts,False
CHTR,KHC,0.23910619492255644,Telecom Services,Packaged Foods,False
CTAS,MU,0.23906652298807024,Specialty Business Services,Semiconductors,False
INTC,WBD,0.23904714157473617,Semiconductors,Entertainment,False
CEG,DXCM,0.23895681364120885,Utilities - Independent Power Producers,Medical Devices,False
NXPI,TTWO,0.23879508832986945,Semiconductors,Electronic Gaming & Multimedia,False
CSCO,MNST,0.23866404735032348,Communication Equipment,Beverages - Non-Alcoholic,False
AXON,CSX,0.23866132272259474,Aerospace & Defense,Railroads,False
COST,KDP,0.2386468698289766,Discount Stores,Beverages - Non-Alcoholic,False
CEG,PYPL,0.23855684781188147,Utilities - Independent Power Producers,Credit Services,False
PYPL,VRSK,0.23853906186436452,Credit Services,Consulting Services,False
CRWD,LULU,0.23842804937299963,Software - Infrastructure,Apparel Retail,False
CSGP,PLTR,0.2383588481671906,Real Estate Services,Software - Infrastructure,False
CCEP,GILD,0.23834578674702264,Beverages - Non-Alcoholic,Drug Manufacturers - General,False
CSX,MSTR,0.23796509668329296,Railroads,Software - Application,False
LIN,MU,0.23767234596628878,Specialty Chemicals,Semiconductors,False
CPRT,DXCM,0.23765406252586943,Specialty Business Services,Medical Devices,False
PANW,PCAR,0.23761330272255926,Software - Infrastructure,Farm & Heavy Construction Machinery,False
CPRT,TMUS,0.2375485423743836,Specialty Business Services,Telecom Services,False
GEHC,MDLZ,0.237498676462154,Medical Devices,Confectioners,False
DXCM,MSTR,0.23724891739196233,Medical Devices,Software - Application,False
KDP,TMUS,0.2370984225144711,Beverages - Non-Alcoholic,Telecom Services,False
NVDA,ODFL,0.23708528635885995,Semiconductors,Trucking,False
CSGP,INTC,0.2370674225199961,Real Estate Services,Semiconductors,False
HON,PDD,0.2370054027357359,Conglomerates,Internet Retail,False
AZN,QCOM,0.23689130987220886,Drug Manufacturers - General,Semiconductors,False
GOOGL,INTC,0.23679463822793417,Internet Content & Information,Semiconductors,False
MU,TTWO,0.23657927580260207,Semiconductors,Electronic Gaming & Multimedia,False
ADP,MRVL,0.23656700843774958,Software - Application,Semiconductors,False
CMCSA,INTU,0.23655452747466227,Telecom Services,Software - Application,False
DDOG,TTWO,0.23633644537441584,Software - Application,Electronic Gaming & Multimedia,False
HON,TTWO,0.23619819694512112,Conglomerates,Electronic Gaming & Multimedia,False
BKR,SNPS,0.23616279719726505,Oil & Gas Equipment & Services,Software - Infrastructure,False
ADP,INTC,0.2359763909698106,Software - Application,Semiconductors,False
CDW,PDD,0.23595693754376368,Information Technology Services,Internet Retail,False
ON,REGN,0.23584673444788556,Semiconductors,Biotechnology,False
DXCM,WBD,0.23575463215334638,Medical Devices,Entertainment,False
CPRT,MU,0.23569750960327884,Specialty Business Services,Semiconductors,False
KHC,ODFL,0.23563674250602082,Packaged Foods,Trucking,False
CPRT,CSX,0.235595248335966,Specialty Business Services,Railroads,False
ODFL,PLTR,0.23558650733765807,Trucking,Software - Infrastructure,False
AVGO,TTWO,0.2355846594475954,Semiconductors,Electronic Gaming & Multimedia,False
CCEP,CPRT,0.23545882670881357,Beverages - Non-Alcoholic,Specialty Business Services,False
PANW,PAYX,0.2354149926730623,Software - Infrastructure,Software - Application,False
AXON,TSLA,0.23521126126985312,Aerospace & Defense,Auto Manufacturers,False
DXCM,HON,0.2351807788934972,Medical Devices,Conglomerates,False
GILD,IDXX,0.23493511247789464,Drug Manufacturers - General,Diagnostics & Research,False
IDXX,MRVL,0.23482120308885093,Diagnostics & Research,Semiconductors,False
ARM,PAYX,0.23481105531326496,Semiconductors,Software - Application,False
CRWD,LIN,0.2344396387387927,Software - Infrastructure,Specialty Chemicals,False
AMAT,NFLX,0.23443578465906936,Semiconductor Equipment & Materials,Entertainment,False
CSGP,VRTX,0.23441743217757627,Real Estate Services,Biotechnology,False
CPRT,ORLY,0.23440025755048804,Specialty Business Services,Auto Parts,False
FANG,IDXX,0.23424836894163986,Oil & Gas E&P,Diagnostics & Research,False
CHTR,CSX,0.23419082073048383,Telecom Services,Railroads,False
GILD,ODFL,0.2341177541993032,Drug Manufacturers - General,Trucking,False
EA,FAST,0.2339252477820022,Electronic Gaming & Multimedia,Industrial Distribution,False
DDOG,HON,0.23386203795053098,Software - Application,Conglomerates,False
COST,IDXX,0.23385402437146605,Discount Stores,Diagnostics & Research,False
CPRT,KDP,0.23377749923179997,Specialty Business Services,Beverages - Non-Alcoholic,False
NVDA,ROP,0.2335553469316233,Semiconductors,Software - Application,False
GOOGL,NFLX,0.23338109673893656,Internet Content & Information,Entertainment,False
AVGO,SNPS,0.23327533562911448,Semiconductors,Software - Infrastructure,False
INTC,ROST,0.23326268316849652,Semiconductors,Apparel Retail,False
PLTR,TTWO,0.23318638813343553,Software - Infrastructure,Electronic Gaming & Multimedia,False
FTNT,INTC,0.23311639080633645,Software - Infrastructure,Semiconductors,False
CMCSA,ROST,0.23309693489189698,Telecom Services,Apparel Retail,False
CSX,GILD,0.23292304544263537,Railroads,Drug Manufacturers - General,False
FTNT,PCAR,0.23289470836811627,Software - Infrastructure,Farm & Heavy Construction Machinery,False
CPRT,MRVL,0.23282795949533078,Specialty Business Services,Semiconductors,False
EA,MNST,0.23272712819402572,Electronic Gaming & Multimedia,Beverages - Non-Alcoholic,False
GEHC,TTWO,0.23226109928073285,Medical Devices,Electronic Gaming & Multimedia,False
MNST,TXN,0.23221174058026914,Beverages - Non-Alcoholic,Semiconductors,False
APP,INTU,0.23214318544646861,Advertising Agencies,Software - Application,False
AMD,CPRT,0.23186325343971737,Semiconductors,Specialty Business Services,False
HON,MDLZ,0.23181160479869545,Conglomerates,Confectioners,False
PDD,SNPS,0.23177340017366868,Internet Retail,Software - Infrastructure,False
EA,ROP,0.23162708107531527,Electronic Gaming & Multimedia,Software - Application,False
ARM,TTD,0.23142197923386132,Semiconductors,Advertising Agencies,False
CTAS,TSLA,0.2312061703473,Specialty Business Services,Auto Manufacturers,False
KDP,SBUX,0.23120050386213115,Beverages - Non-Alcoholic,Restaurants,False
ASML,ROP,0.23116155577875788,Semiconductor Equipment & Materials,Software - Application,False
DXCM,FAST,0.2310292950871218,Medical Devices,Industrial Distribution,False
AXON,LIN,0.2309003363295249,Aerospace & Defense,Specialty Chemicals,False
BIIB,INTC,0.23090002984899471,Drug Manufacturers - General,Semiconductors,False
GEHC,MELI,0.23044385550150245,Medical Devices,Internet Retail,False
FAST,MELI,0.2303048133538235,Industrial Distribution,Internet Retail,False
GILD,VRSK,0.23016543390608177,Drug Manufacturers - General,Consulting Services,False
CPRT,MNST,0.23015638347120096,Specialty Business Services,Beverages - Non-Alcoholic,False
IDXX,ODFL,0.2299176565858234,Diagnostics & Research,Trucking,False
CTAS,MRVL,0.22990730211039545,Specialty Business Services,Semiconductors,False
CHTR,MSFT,0.22990593344172752,Telecom Services,Software - Infrastructure,False
CEG,CTSH,0.22988196284069556,Utilities - Independent Power Producers,Information Technology Services,False
LULU,MU,0.22985393075707836,Apparel Retail,Semiconductors,False
ARM,EA,0.2298165135278752,Semiconductors,Electronic Gaming & Multimedia,False
ORLY,ROST,0.22969643204592882,Auto Parts,Apparel Retail,False
ADP,LRCX,0.22946161949653335,Software - Application,Semiconductor Equipment & Materials,False
ASML,CPRT,0.22937925455651,Semiconductor Equipment & Materials,Specialty Business Services,False
CEG,TTWO,0.22928698257638705,Utilities - Independent Power Producers,Electronic Gaming & Multimedia,False
FAST,MSTR,0.22921464445994474,Industrial Distribution,Software - Application,False
AVGO,CSGP,0.2290897743855631,Semiconductors,Real Estate Services,False
MRVL,ROP,0.2290852993114495,Semiconductors,Software - Application,False
MAR,REGN,0.22862887092860223,Lodging,Biotechnology,False
FAST,INTC,0.2284291032315296,Industrial Distribution,Semiconductors,False
GILD,KDP,0.22808400532836232,Drug Manufacturers - General,Beverages - Non-Alcoholic,False
LIN,REGN,0.22808276255666915,Specialty Chemicals,Biotechnology,False
FAST,META,0.2279944551194853,Industrial Distribution,Internet Content & Information,False
AMAT,AMGN,0.22799063361205119,Semiconductor Equipment & Materials,Drug Manufacturers - General,False
COST,ODFL,0.22769614933990326,Discount Stores,Trucking,False
ADBE,AVGO,0.22767902895335143,Software - Application,Semiconductors,False
AMAT,AXON,0.22763981395939953,Semiconductor Equipment & Materials,Aerospace & Defense,False
COST,NXPI,0.22755649365654632,Discount Stores,Semiconductors,False
GEHC,VRTX,0.22752912521869792,Medical Devices,Biotechnology,False
IDXX,TTWO,0.2269869004485923,Diagnostics & Research,Electronic Gaming & Multimedia,False
ARM,CHTR,0.22695559153377964,Semiconductors,Telecom Services,False
ADP,AXON,0.22695242867800083,Software - Application,Aerospace & Defense,False
AMGN,ON,0.2267845375838745,Drug Manufacturers - General,Semiconductors,False
ROST,TTD,0.2267240268883621,Apparel Retail,Advertising Agencies,False
AAPL,CEG,0.2267103588720489,Consumer Electronics,Utilities - Independent Power Producers,False
GFS,NFLX,0.22664893787389842,Semiconductors,Entertainment,False
CEG,TTD,0.22657554706934835,Utilities - Independent Power Producers,Advertising Agencies,False
CHTR,CSCO,0.2264247911339675,Telecom Services,Communication Equipment,False
CEG,GEHC,0.2261925791352311,Utilities - Independent Power Producers,Medical Devices,False
CSX,XEL,0.2261845261720959,Railroads,Utilities - Regulated Electric,False
ADSK,PDD,0.22616436677642027,Software - Application,Internet Retail,False
CSX,VRSK,0.22614078521271166,Railroads,Consulting Services,False
FAST,TSLA,0.22602318875460622,Industrial Distribution,Auto Manufacturers,False
FAST,PLTR,0.22590772893989727,Industrial Distribution,Software - Infrastructure,False
CHTR,PEP,0.225868288301215,Telecom Services,Beverages - Non-Alcoholic,False
MDB,ODFL,0.2257138082681658,Software - Infrastructure,Trucking,False
CSX,NVDA,0.22563385993764506,Railroads,Semiconductors,False
AEP,FAST,0.22538661524777392,Utilities - Regulated Electric,Industrial Distribution,False
INTC,WDAY,0.22527131760941085,Semiconductors,Software - Application,False
CHTR,VRSK,0.22526230709127612,Telecom Services,Consulting Services,False
ABNB,PDD,0.22516518233096772,Travel Services,Internet Retail,False
MDB,ROP,0.22514649660723432,Software - Infrastructure,Software - Application,False
GEHC,KDP,0.22496085396917695,Medical Devices,Beverages - Non-Alcoholic,False
ASML,COST,0.2248928075969392,Semiconductor Equipment & Materials,Discount Stores,False
ADBE,APP,0.22474257975107997,Software - Application,Advertising Agencies,False
AZN,FAST,0.22411972353852241,Drug Manufacturers - General,Industrial Distribution,False
DDOG,ROST,0.22389318635922478,Software - Application,Apparel Retail,False
AZN,VRSK,0.2238398863693673,Drug Manufacturers - General,Consulting Services,False
DXCM,KDP,0.22381801795000286,Medical Devices,Beverages - Non-Alcoholic,False
CPRT,META,0.22379242379717634,Specialty Business Services,Internet Content & Information,False
AVGO,PDD,0.2236637669637739,Semiconductors,Internet Retail,False
REGN,SBUX,0.22356579186718828,Biotechnology,Restaurants,False
PLTR,TTD,0.22346925431682008,Software - Infrastructure,Advertising Agencies,False
CSGP,REGN,0.2233649731857888,Real Estate Services,Biotechnology,False
CHTR,ROST,0.2231953152309354,Telecom Services,Apparel Retail,False
CSX,REGN,0.2231181636046755,Railroads,Biotechnology,False
GOOGL,LULU,0.22306495990552236,Internet Content & Information,Apparel Retail,False
AMZN,DXCM,0.22284927535810747,Internet Retail,Medical Devices,False
CEG,SNPS,0.22259664413541713,Utilities - Independent Power Producers,Software - Infrastructure,False
ASML,FAST,0.22259636026035193,Semiconductor Equipment & Materials,Industrial Distribution,False
SNPS,TTWO,0.22259612940150322,Software - Infrastructure,Electronic Gaming & Multimedia,False
CTAS,REGN,0.22241879565653602,Specialty Business Services,Biotechnology,False
GEHC,MSTR,0.2222037669104202,Medical Devices,Software - Application,False
CSGP,XEL,0.2220123786435492,Real Estate Services,Utilities - Regulated Electric,False
AMGN,KLAC,0.22177745477333674,Drug Manufacturers - General,Semiconductor Equipment & Materials,False
AMAT,AZN,0.22161241415402017,Semiconductor Equipment & Materials,Drug Manufacturers - General,False
GOOGL,LIN,0.22154733201185894,Internet Content & Information,Specialty Chemicals,False
AAPL,VRSK,0.22153080861275812,Consumer Electronics,Consulting Services,False
DDOG,IDXX,0.22135134969647977,Software - Application,Diagnostics & Research,False
CSCO,VRSK,0.22129750051069474,Communication Equipment,Consulting Services,False
MSFT,PCAR,0.2210478450539689,Software - Infrastructure,Farm & Heavy Construction Machinery,False
FAST,KDP,0.220988546022857,Industrial Distribution,Beverages - Non-Alcoholic,False
CSCO,VRTX,0.22091245463259934,Communication Equipment,Biotechnology,False
DDOG,SBUX,0.220605913529664,Software - Application,Restaurants,False
ARM,AZN,0.22045932069926627,Semiconductors,Drug Manufacturers - General,False
HON,NFLX,0.22040903272194184,Conglomerates,Entertainment,False
CHTR,CSGP,0.22040406339495222,Telecom Services,Real Estate Services,False
HON,REGN,0.22008445331770252,Conglomerates,Biotechnology,False
AZN,CDNS,0.22002930426624454,Drug Manufacturers - General,Software - Application,False
CSCO,TTWO,0.2200283177525945,Communication Equipment,Electronic Gaming & Multimedia,False
GILD,SBUX,0.21999834116259182,Drug Manufacturers - General,Restaurants,False
AMGN,PYPL,0.21997915322622205,Drug Manufacturers - General,Credit Services,False
FAST,WBD,0.21975734658694163,Industrial Distribution,Entertainment,False
KDP,ROP,0.21974254199274296,Beverages - Non-Alcoholic,Software - Application,False
AVGO,ODFL,0.21949365905307755,Semiconductors,Trucking,False
LIN,PDD,0.2193796554274052,Specialty Chemicals,Internet Retail,False
CMCSA,LULU,0.2193697362840812,Telecom Services,Apparel Retail,False
IDXX,VRTX,0.21912560031387412,Diagnostics & Research,Biotechnology,False
CTSH,TMUS,0.2190981245138499,Information Technology Services,Telecom Services,False
GILD,QCOM,0.2190742595615974,Drug Manufacturers - General,Semiconductors,False
AMAT,BIIB,0.2189995727200665,Semiconductor Equipment & Materials,Drug Manufacturers - General,False
AMGN,GFS,0.21865299958360193,Drug Manufacturers - General,Semiconductors,False
PDD,TSLA,0.2186222994693447,Internet Retail,Auto Manufacturers,False
MDLZ,ODFL,0.2185871100580306,Confectioners,Trucking,False
AXON,TTD,0.21850663198236206,Aerospace & Defense,Advertising Agencies,False
AMGN,LRCX,0.2184597099470195,Drug Manufacturers - General,Semiconductor Equipment & Materials,False
BIIB,PDD,0.21827093206571868,Drug Manufacturers - General,Internet Retail,False
NXPI,VRTX,0.2182443946163157,Semiconductors,Biotechnology,False
CMCSA,DASH,0.2181707485056585,Telecom Services,Internet Retail,False
CHTR,MSTR,0.21798843186830955,Telecom Services,Software - Application,False
ADP,EA,0.21798345829446183,Software - Application,Electronic Gaming & Multimedia,False
GILD,TXN,0.21796623889699776,Drug Manufacturers - General,Semiconductors,False
CPRT,SNPS,0.2179510843431639,Specialty Business Services,Software - Infrastructure,False
ABNB,BIIB,0.21779756444944132,Travel Services,Drug Manufacturers - General,False
ASML,AZN,0.21770960093552608,Semiconductor Equipment & Materials,Drug Manufacturers - General,False
AXON,MCHP,0.21769146388715402,Aerospace & Defense,Semiconductors,False
MAR,MNST,0.21749305954764506,Lodging,Beverages - Non-Alcoholic,False
AEP,HON,0.21736355827699377,Utilities - Regulated Electric,Conglomerates,False
ADI,VRTX,0.21726286513771362,Semiconductors,Biotechnology,False
ADBE,MNST,0.2172350603889546,Software - Application,Beverages - Non-Alcoholic,False
SBUX,TMUS,0.21675855027378496,Restaurants,Telecom Services,False
CEG,WBD,0.21658887192962187,Utilities - Independent Power Producers,Entertainment,False
AXON,CTSH,0.21656903057532104,Aerospace & Defense,Information Technology Services,False
APP,CTAS,0.21649897772068563,Advertising Agencies,Specialty Business Services,False
CCEP,FAST,0.21637095331531067,Beverages - Non-Alcoholic,Industrial Distribution,False
CRWD,TTD,0.21621612691816675,Software - Infrastructure,Advertising Agencies,False
DDOG,LULU,0.2162036267474662,Software - Application,Apparel Retail,False
ASML,CTAS,0.21614802760638685,Semiconductor Equipment & Materials,Specialty Business Services,False
AZN,MAR,0.21599086145571278,Drug Manufacturers - General,Lodging,False
ISRG,MNST,0.2159017374586258,Medical Instruments & Supplies,Beverages - Non-Alcoholic,False
ODFL,VRSK,0.21566889628200522,Trucking,Consulting Services,False
ROST,TTWO,0.21565887239493672,Apparel Retail,Electronic Gaming & Multimedia,False
COST,MSTR,0.21539251658980774,Discount Stores,Software - Application,False
KHC,TXN,0.21538009122349588,Packaged Foods,Semiconductors,False
CTSH,VRSK,0.21522070255024595,Information Technology Services,Consulting Services,False
CTAS,VRTX,0.21490750400242362,Specialty Business Services,Biotechnology,False
KLAC,REGN,0.21486211700823546,Semiconductor Equipment & Materials,Biotechnology,False
INTC,INTU,0.21467855514176212,Semiconductors,Software - Application,False
AMZN,CHTR,0.21464834633326654,Internet Retail,Telecom Services,False
FTNT,VRTX,0.21459456246135006,Software - Infrastructure,Biotechnology,False
DXCM,FANG,0.21456214208791383,Medical Devices,Oil & Gas E&P,False
KHC,MAR,0.21445851326616525,Packaged Foods,Lodging,False
APP,INTC,0.21433284446434192,Advertising Agencies,Semiconductors,False
IDXX,LULU,0.21380426087063864,Diagnostics & Research,Apparel Retail,False
GFS,REGN,0.2137403735766144,Semiconductors,Biotechnology,False
MELI,ROST,0.21358803934831525,Internet Retail,Apparel Retail,False
CTSH,MNST,0.21346390871559986,Information Technology Services,Beverages - Non-Alcoholic,False
AZN,MU,0.21342381369163746,Drug Manufacturers - General,Semiconductors,False
EXC,FAST,0.21330774027321206,Utilities - Regulated Electric,Industrial Distribution,False
ADSK,MNST,0.2130522334654968,Software - Application,Beverages - Non-Alcoholic,False
CHTR,MDLZ,0.21299899304395287,Telecom Services,Confectioners,False
IDXX,MNST,0.21299156325650667,Diagnostics & Research,Beverages - Non-Alcoholic,False
NFLX,TMUS,0.21297208291807576,Entertainment,Telecom Services,False
CSX,VRTX,0.2129660800738327,Railroads,Biotechnology,False
NFLX,SNPS,0.21294735144685897,Entertainment,Software - Infrastructure,False
AXON,HON,0.21285938730574108,Aerospace & Defense,Conglomerates,False
PAYX,VRTX,0.21267816186437108,Software - Application,Biotechnology,False
TTWO,TXN,0.21264879973677642,Electronic Gaming & Multimedia,Semiconductors,False
BIIB,IDXX,0.21233616936216423,Drug Manufacturers - General,Diagnostics & Research,False
HON,KDP,0.21230281530190354,Conglomerates,Beverages - Non-Alcoholic,False
CSGP,NFLX,0.21197712331358068,Real Estate Services,Entertainment,False
HON,NVDA,0.21181667651539443,Conglomerates,Semiconductors,False
FAST,SNPS,0.21177635070044223,Industrial Distribution,Software - Infrastructure,False
AMGN,INTC,0.21173661934012827,Drug Manufacturers - General,Semiconductors,False
ADP,AMAT,0.2117151424277864,Software - Application,Semiconductor Equipment & Materials,False
AXON,CDW,0.2116477655500696,Aerospace & Defense,Information Technology Services,False
META,PAYX,0.2116235537322294,Internet Content & Information,Software - Application,False
APP,CPRT,0.21129323678549478,Advertising Agencies,Specialty Business Services,False
AXON,TTWO,0.21125941719356464,Aerospace & Defense,Electronic Gaming & Multimedia,False
BIIB,MU,0.21125506081085033,Drug Manufacturers - General,Semiconductors,False
CDW,GILD,0.21123741168819812,Information Technology Services,Drug Manufacturers - General,False
PAYX,TSLA,0.21100208245295685,Software - Application,Auto Manufacturers,False
FANG,SNPS,0.2109778419062607,Oil & Gas E&P,Software - Infrastructure,False
AXON,DDOG,0.21083627441054892,Aerospace & Defense,Software - Application,False
COST,QCOM,0.21081290498983668,Discount Stores,Semiconductors,False
AMD,CSGP,0.21081226652951515,Semiconductors,Real Estate Services,False
CHTR,META,0.21079717025415243,Telecom Services,Internet Content & Information,False
CPRT,INTC,0.21069095471384172,Specialty Business Services,Semiconductors,False
BIIB,CCEP,0.21056445779951644,Drug Manufacturers - General,Beverages - Non-Alcoholic,False
MCHP,REGN,0.21040472204910673,Semiconductors,Biotechnology,False
COST,WBD,0.21038086512392543,Discount Stores,Entertainment,False
KHC,ON,0.20987280272628575,Packaged Foods,Semiconductors,False
AXON,GEHC,0.20978924878459534,Aerospace & Defense,Medical Devices,False
GOOGL,ROP,0.20974550167844416,Internet Content & Information,Software - Application,False
CSGP,MNST,0.20966531970503144,Real Estate Services,Beverages - Non-Alcoholic,False
MELI,PAYX,0.20963862918808968,Internet Retail,Software - Application,False
CEG,IDXX,0.20914574994784904,Utilities - Independent Power Producers,Diagnostics & Research,False
DDOG,PDD,0.2087618926332626,Software - Application,Internet Retail,False
DDOG,ODFL,0.20871140978499672,Software - Application,Trucking,False
CSX,PDD,0.20870470715494288,Railroads,Internet Retail,False
AXON,NXPI,0.2084779802896449,Aerospace & Defense,Semiconductors,False
CTSH,PEP,0.20830035490343804,Information Technology Services,Beverages - Non-Alcoholic,False
KHC,QCOM,0.20816164291386458,Packaged Foods,Semiconductors,False
PLTR,ROST,0.20796666089265212,Software - Infrastructure,Apparel Retail,False
ODFL,PDD,0.2077796419599008,Trucking,Internet Retail,False
CHTR,FANG,0.20768287341537417,Telecom Services,Oil & Gas E&P,False
PLTR,ROP,0.20744809976295073,Software - Infrastructure,Software - Application,False
SBUX,TTWO,0.20742440676857737,Restaurants,Electronic Gaming & Multimedia,False
CHTR,ISRG,0.20722946391304142,Telecom Services,Medical Instruments & Supplies,False
LRCX,REGN,0.20713679044937144,Semiconductor Equipment & Materials,Biotechnology,False
BKNG,MNST,0.20685065965246474,Travel Services,Beverages - Non-Alcoholic,False
LIN,NVDA,0.20666222236006412,Specialty Chemicals,Semiconductors,False
AXON,BKR,0.20644584878752015,Aerospace & Defense,Oil & Gas Equipment & Services,False
PAYX,SNPS,0.20635814111256578,Software - Application,Software - Infrastructure,False
COST,TTD,0.20624947727937729,Discount Stores,Advertising Agencies,False
MNST,SBUX,0.20617426888230714,Beverages - Non-Alcoholic,Restaurants,False
GILD,MAR,0.20568885801988365,Drug Manufacturers - General,Lodging,False
AVGO,HON,0.20558729804778006,Semiconductors,Conglomerates,False
ODFL,PEP,0.2055017668228382,Trucking,Beverages - Non-Alcoholic,False
DASH,VRTX,0.2054113468579333,Internet Retail,Biotechnology,False
AAPL,REGN,0.20538197797387364,Consumer Electronics,Biotechnology,False
INTU,MNST,0.2049925356574458,Software - Application,Beverages - Non-Alcoholic,False
ARM,FAST,0.2049444429801835,Semiconductors,Industrial Distribution,False
AZN,CMCSA,0.2048192371118348,Drug Manufacturers - General,Telecom Services,False
CHTR,ZS,0.2042322820184715,Telecom Services,Software - Infrastructure,False
CHTR,DASH,0.20419547013091266,Telecom Services,Internet Retail,False
CMCSA,TTD,0.20412849145762857,Telecom Services,Advertising Agencies,False
BIIB,WDAY,0.2040747702824908,Drug Manufacturers - General,Software - Application,False
AAPL,AXON,0.20387337930053664,Consumer Electronics,Aerospace & Defense,False
ODFL,VRTX,0.20369596462607042,Trucking,Biotechnology,False
CHTR,XEL,0.20351282796211512,Telecom Services,Utilities - Regulated Electric,False
MSFT,PAYX,0.20343080935417696,Software - Infrastructure,Software - Application,False
QCOM,VRTX,0.20342690096077598,Semiconductors,Biotechnology,False
FANG,NFLX,0.20288186039151498,Oil & Gas E&P,Entertainment,False
INTC,XEL,0.20281415320971283,Semiconductors,Utilities - Regulated Electric,False
CSCO,TTD,0.20265693835294946,Communication Equipment,Advertising Agencies,False
DXCM,MDB,0.20263884427147671,Medical Devices,Software - Infrastructure,False
ODFL,TMUS,0.20263506407268903,Trucking,Telecom Services,False
PDD,WDAY,0.20256426633468985,Internet Retail,Software - Application,False
BKR,REGN,0.2025265107708216,Oil & Gas Equipment & Services,Biotechnology,False
ADSK,CCEP,0.20241129836837757,Software - Application,Beverages - Non-Alcoholic,False
CTSH,TTWO,0.2022740157875835,Information Technology Services,Electronic Gaming & Multimedia,False
CSX,MDB,0.202175691261418,Railroads,Software - Infrastructure,False
CTAS,DDOG,0.2019370432080127,Specialty Business Services,Software - Application,False
AZN,CHTR,0.20189989265859887,Drug Manufacturers - General,Telecom Services,False
CPRT,PEP,0.20183816619598935,Specialty Business Services,Beverages - Non-Alcoholic,False
GILD,TMUS,0.20177646997637616,Drug Manufacturers - General,Telecom Services,False
AXON,WBD,0.2017452731394033,Aerospace & Defense,Entertainment,False
KHC,PYPL,0.20170626712223647,Packaged Foods,Credit Services,False
PEP,TXN,0.20135991280347962,Beverages - Non-Alcoholic,Semiconductors,False
CHTR,INTU,0.2013313850284549,Telecom Services,Software - Application,False
AZN,BKNG,0.20116197051449958,Drug Manufacturers - General,Travel Services,False
MELI,TTD,0.20115770812267902,Internet Retail,Advertising Agencies,False
AZN,KLAC,0.2010869728761996,Drug Manufacturers - General,Semiconductor Equipment & Materials,False
NVDA,PCAR,0.2010538089694745,Semiconductors,Farm & Heavy Construction Machinery,False
LIN,TTWO,0.2009849709527092,Specialty Chemicals,Electronic Gaming & Multimedia,False
CPRT,MDB,0.20092673076100045,Specialty Business Services,Software - Infrastructure,False
LULU,NFLX,0.2007645393418936,Apparel Retail,Entertainment,False
PCAR,PDD,0.2005837470255912,Farm & Heavy Construction Machinery,Internet Retail,False
COST,PEP,0.20040258940036645,Discount Stores,Beverages - Non-Alcoholic,False
AZN,ISRG,0.20039733988456723,Drug Manufacturers - General,Medical Instruments & Supplies,False
CEG,INTC,0.20038536517241037,Utilities - Independent Power Producers,Semiconductors,False
CRWD,PDD,0.20031092072716922,Software - Infrastructure,Internet Retail,False
AZN,INTC,0.20027670284343196,Drug Manufacturers - General,Semiconductors,False
PAYX,ZS,0.20023373654397353,Software - Application,Software - Infrastructure,False
GFS,MNST,0.20005734504776865,Semiconductors,Beverages - Non-Alcoholic,False
GEHC,PEP,0.20003770998388753,Medical Devices,Beverages - Non-Alcoholic,False
EA,GFS,0.19996539058710877,Electronic Gaming & Multimedia,Semiconductors,False
CTAS,TTWO,0.19986908628956945,Specialty Business Services,Electronic Gaming & Multimedia,False
CHTR,LRCX,0.19978863008260084,Telecom Services,Semiconductor Equipment & Materials,False
GILD,ON,0.19952148762719127,Drug Manufacturers - General,Semiconductors,False
NFLX,SBUX,0.19950811556881418,Entertainment,Restaurants,False
CEG,ROST,0.19941934633509117,Utilities - Independent Power Producers,Apparel Retail,False
ADSK,KHC,0.19926285541959846,Software - Application,Packaged Foods,False
BKR,NFLX,0.1992592929682521,Oil & Gas Equipment & Services,Entertainment,False
GOOGL,TTD,0.19897353470171897,Internet Content & Information,Advertising Agencies,False
CSCO,REGN,0.19879336752912122,Communication Equipment,Biotechnology,False
CHTR,TTWO,0.1987488899581759,Telecom Services,Electronic Gaming & Multimedia,False
AMGN,CSCO,0.1981604910161746,Drug Manufacturers - General,Communication Equipment,False
GOOGL,TTWO,0.19791837380845667,Internet Content & Information,Electronic Gaming & Multimedia,False
ADP,TTD,0.19780636408875574,Software - Application,Advertising Agencies,False
ADSK,BIIB,0.19777237505843126,Software - Application,Drug Manufacturers - General,False
PDD,ZS,0.19756705521183282,Internet Retail,Software - Infrastructure,False
MDB,PCAR,0.1974893575492199,Software - Infrastructure,Farm & Heavy Construction Machinery,False
CEG,COST,0.19744532445866428,Utilities - Independent Power Producers,Discount Stores,False
AVGO,CSX,0.19730819518912404,Semiconductors,Railroads,False
BKNG,TMUS,0.1972208385709246,Travel Services,Telecom Services,False
CSX,TMUS,0.19707652981251314,Railroads,Telecom Services,False
CEG,WDAY,0.1969318191203356,Utilities - Independent Power Producers,Software - Application,False
ADBE,INTC,0.1969001940600817,Software - Application,Semiconductors,False
ADBE,BIIB,0.1968454943903959,Software - Application,Drug Manufacturers - General,False
CSX,MDLZ,0.19681123071964343,Railroads,Confectioners,False
ADBE,CCEP,0.1967355403945505,Software - Application,Beverages - Non-Alcoholic,False
MELI,PCAR,0.19670950920974314,Internet Retail,Farm & Heavy Construction Machinery,False
CDW,TTWO,0.19655511248307986,Information Technology Services,Electronic Gaming & Multimedia,False
DASH,IDXX,0.1963126551801943,Internet Retail,Diagnostics & Research,False
CHTR,EA,0.19626455826316724,Telecom Services,Electronic Gaming & Multimedia,False
FANG,PDD,0.19596691399426816,Oil & Gas E&P,Internet Retail,False
DDOG,INTC,0.1957718533798091,Software - Application,Semiconductors,False
CMCSA,NFLX,0.19571542492524524,Telecom Services,Entertainment,False
GOOGL,HON,0.19559720903000985,Internet Content & Information,Conglomerates,False
MAR,ORLY,0.19559056563680574,Lodging,Auto Parts,False
CDNS,CMCSA,0.19554953246616918,Software - Application,Telecom Services,False
PAYX,REGN,0.19554180705848537,Software - Application,Biotechnology,False
CHTR,ORLY,0.1955404749665358,Telecom Services,Auto Parts,False
COST,TTWO,0.19546748366430491,Discount Stores,Electronic Gaming & Multimedia,False
CTAS,INTC,0.19530216153928284,Specialty Business Services,Semiconductors,False
ADP,TTWO,0.19514055536260955,Software - Application,Electronic Gaming & Multimedia,False
CMCSA,XEL,0.1949572065716901,Telecom Services,Utilities - Regulated Electric,False
ADI,AXON,0.19453054233231978,Semiconductors,Aerospace & Defense,False
ON,TTWO,0.19444019189057488,Semiconductors,Electronic Gaming & Multimedia,False
ADSK,TMUS,0.19428258679742288,Software - Application,Telecom Services,False
COST,GILD,0.19425997526511604,Discount Stores,Drug Manufacturers - General,False
AXON,CSGP,0.19421372414254595,Aerospace & Defense,Real Estate Services,False
AMD,CMCSA,0.1940984526595891,Semiconductors,Telecom Services,False
ASML,BIIB,0.1939010013450659,Semiconductor Equipment & Materials,Drug Manufacturers - General,False
IDXX,MELI,0.1937373412580382,Diagnostics & Research,Internet Retail,False
APP,CSX,0.1936474413660874,Advertising Agencies,Railroads,False
CPRT,XEL,0.1936365647401965,Specialty Business Services,Utilities - Regulated Electric,False
APP,HON,0.19359832999966153,Advertising Agencies,Conglomerates,False
AXON,SBUX,0.19356383189989917,Aerospace & Defense,Restaurants,False
GEHC,XEL,0.19346973987657817,Medical Devices,Utilities - Regulated Electric,False
AZN,CSCO,0.1934019325814182,Drug Manufacturers - General,Communication Equipment,False
AZN,COST,0.19324369524537768,Drug Manufacturers - General,Discount Stores,False
INTC,ROP,0.1931338773355397,Semiconductors,Software - Application,False
IDXX,TTD,0.19311971238695702,Diagnostics & Research,Advertising Agencies,False
IDXX,TSLA,0.1930657158580286,Diagnostics & Research,Auto Manufacturers,False
AAPL,AZN,0.19295161995696267,Consumer Electronics,Drug Manufacturers - General,False
COST,DDOG,0.19281620001584976,Discount Stores,Software - Application,False
GILD,ORLY,0.19275612444114043,Drug Manufacturers - General,Auto Parts,False
DXCM,LULU,0.19261106895481095,Medical Devices,Apparel Retail,False
IDXX,PANW,0.1925900652616824,Diagnostics & Research,Software - Infrastructure,False
APP,PDD,0.1925558067022046,Advertising Agencies,Internet Retail,False
CHTR,SNPS,0.19242998259983077,Telecom Services,Software - Infrastructure,False
PDD,SBUX,0.19207867984092547,Internet Retail,Restaurants,False
AZN,TMUS,0.1919738711098681,Drug Manufacturers - General,Telecom Services,False
AAPL,TMUS,0.19196170619255684,Consumer Electronics,Telecom Services,False
CMCSA,COST,0.19194385730462465,Telecom Services,Discount Stores,False
ROP,TTD,0.19187639949855323,Software - Application,Advertising Agencies,False
CMCSA,MSTR,0.1918750332363965,Telecom Services,Software - Application,False
MU,TTD,0.19144512352515708,Semiconductors,Advertising Agencies,False
AMGN,CPRT,0.19136245079173528,Drug Manufacturers - General,Specialty Business Services,False
CSGP,PDD,0.1913535803804087,Real Estate Services,Internet Retail,False
MDLZ,REGN,0.19130554786930548,Confectioners,Biotechnology,False
VRSK,WDAY,0.19123469235068608,Consulting Services,Software - Application,False
FAST,FTNT,0.19095366760500437,Industrial Distribution,Software - Infrastructure,False
DXCM,TTD,0.19081708370042855,Medical Devices,Advertising Agencies,False
CCEP,SBUX,0.1907381182560929,Beverages - Non-Alcoholic,Restaurants,False
ADBE,IDXX,0.19054674063371846,Software - Application,Diagnostics & Research,False
CPRT,PDD,0.1904607232277112,Specialty Business Services,Internet Retail,False
AXON,GFS,0.1901273038992044,Aerospace & Defense,Semiconductors,False
MNST,QCOM,0.19003826914359787,Beverages - Non-Alcoholic,Semiconductors,False
FTNT,PDD,0.189914933816914,Software - Infrastructure,Internet Retail,False
KLAC,VRTX,0.18926035581575568,Semiconductor Equipment & Materials,Biotechnology,False
SNPS,VRTX,0.18918161331467437,Software - Infrastructure,Biotechnology,False
AVGO,CPRT,0.18917030451437394,Semiconductors,Specialty Business Services,False
TEAM,VRTX,0.18881378772171978,Software - Application,Biotechnology,False
DXCM,PDD,0.18879397076545504,Medical Devices,Internet Retail,False
AMAT,REGN,0.18878070449300557,Semiconductor Equipment & Materials,Biotechnology,False
FTNT,PAYX,0.18866843071952882,Software - Infrastructure,Software - Application,False
PANW,VRTX,0.18833578337457926,Software - Infrastructure,Biotechnology,False
EA,EXC,0.18832196617023816,Electronic Gaming & Multimedia,Utilities - Regulated Electric,False
CMCSA,KLAC,0.18816203319267744,Telecom Services,Semiconductor Equipment & Materials,False
KDP,TXN,0.188142437004013,Beverages - Non-Alcoholic,Semiconductors,False
GILD,PYPL,0.1879954487603651,Drug Manufacturers - General,Credit Services,False
AZN,PDD,0.187912418663524,Drug Manufacturers - General,Internet Retail,False
ADI,KHC,0.18791123641021365,Semiconductors,Packaged Foods,False
FAST,REGN,0.18764828117485544,Industrial Distribution,Biotechnology,False
CDW,KHC,0.1876466387165664,Information Technology Services,Packaged Foods,False
AMAT,EA,0.1874896844244205,Semiconductor Equipment & Materials,Electronic Gaming & Multimedia,False
LULU,MNST,0.1873749166199765,Apparel Retail,Beverages - Non-Alcoholic,False
APP,ODFL,0.1872751024782206,Advertising Agencies,Trucking,False
FANG,REGN,0.18727158259791712,Oil & Gas E&P,Biotechnology,False
ADP,MDB,0.18719073147140605,Software - Application,Software - Infrastructure,False
MAR,PDD,0.1871858591332428,Lodging,Internet Retail,False
CHTR,MNST,0.18714829393244464,Telecom Services,Beverages - Non-Alcoholic,False
ADP,ASML,0.1871081425726106,Software - Application,Semiconductor Equipment & Materials,False
BIIB,XEL,0.18706215330087508,Drug Manufacturers - General,Utilities - Regulated Electric,False
CCEP,CTSH,0.1870073230398276,Beverages - Non-Alcoholic,Information Technology Services,False
AXON,ROP,0.1869864415833778,Aerospace & Defense,Software - Application,False
EA,PYPL,0.18693932648367312,Electronic Gaming & Multimedia,Credit Services,False
HON,MDB,0.18692486709867795,Conglomerates,Software - Infrastructure,False
TXN,VRTX,0.18690081978015521,Semiconductors,Biotechnology,False
ADBE,KDP,0.1868639576283828,Software - Application,Beverages - Non-Alcoholic,False
BIIB,ISRG,0.18674497895245032,Drug Manufacturers - General,Medical Instruments & Supplies,False
AAPL,PEP,0.1866741545635143,Consumer Electronics,Beverages - Non-Alcoholic,False
ADP,AMD,0.18664497191376378,Software - Application,Semiconductors,False
EA,PCAR,0.18658742265866754,Electronic Gaming & Multimedia,Farm & Heavy Construction Machinery,False
CSGP,TMUS,0.18646628155408584,Real Estate Services,Telecom Services,False
GILD,MCHP,0.18606497221682075,Drug Manufacturers - General,Semiconductors,False
KHC,ROST,0.18593675101497176,Packaged Foods,Apparel Retail,False
KDP,ROST,0.1859074102438647,Beverages - Non-Alcoholic,Apparel Retail,False
CRWD,PCAR,0.1858863499697875,Software - Infrastructure,Farm & Heavy Construction Machinery,False
ADSK,VRTX,0.1858187369268417,Software - Application,Biotechnology,False
AMAT,CHTR,0.1857413245477132,Semiconductor Equipment & Materials,Telecom Services,False
KDP,PCAR,0.18566252476327247,Beverages - Non-Alcoholic,Farm & Heavy Construction Machinery,False
ADP,REGN,0.1856576123805182,Software - Application,Biotechnology,False
CTSH,XEL,0.18562602211074394,Information Technology Services,Utilities - Regulated Electric,False
MNST,ROST,0.1855945790488635,Beverages - Non-Alcoholic,Apparel Retail,False
INTU,VRTX,0.18545694191055542,Software - Application,Biotechnology,False
ADSK,XEL,0.185314390132448,Software - Application,Utilities - Regulated Electric,False
COST,MDLZ,0.18529956023121366,Discount Stores,Confectioners,False
PEP,ROST,0.18525907991255933,Beverages - Non-Alcoholic,Apparel Retail,False
CMCSA,KDP,0.18514198799102474,Telecom Services,Beverages - Non-Alcoholic,False
ARM,CMCSA,0.18497373977783296,Semiconductors,Telecom Services,False
FTNT,IDXX,0.18488452343220274,Software - Infrastructure,Diagnostics & Research,False
MNST,PCAR,0.18482713729253925,Beverages - Non-Alcoholic,Farm & Heavy Construction Machinery,False
CHTR,KDP,0.18472942518752505,Telecom Services,Beverages - Non-Alcoholic,False
HON,TMUS,0.18463899633984426,Conglomerates,Telecom Services,False
CMCSA,REGN,0.18439641506401164,Telecom Services,Biotechnology,False
KDP,ORLY,0.18437588263645519,Beverages - Non-Alcoholic,Auto Parts,False
AEP,MNST,0.1843096956000103,Utilities - Regulated Electric,Beverages - Non-Alcoholic,False
CMCSA,VRTX,0.18421535796727587,Telecom Services,Biotechnology,False
DASH,MNST,0.18420541396649817,Internet Retail,Beverages - Non-Alcoholic,False
REGN,ROST,0.18402332638281257,Biotechnology,Apparel Retail,False
LIN,TTD,0.18398937006753022,Specialty Chemicals,Advertising Agencies,False
CEG,HON,0.1837772979703446,Utilities - Independent Power Producers,Conglomerates,False
AZN,PANW,0.18371484490052484,Drug Manufacturers - General,Software - Infrastructure,False
AZN,CSX,0.18366019093883826,Drug Manufacturers - General,Railroads,False
EA,PAYX,0.1835342975084448,Electronic Gaming & Multimedia,Software - Application,False
EA,LRCX,0.1833707129724729,Electronic Gaming & Multimedia,Semiconductor Equipment & Materials,False
INTC,PAYX,0.18307950316097557,Semiconductors,Software - Application,False
DDOG,GEHC,0.18275412062189694,Software - Application,Medical Devices,False
AMGN,ISRG,0.1827155049118388,Drug Manufacturers - General,Medical Instruments & Supplies,False
KLAC,PAYX,0.18268375585046645,Semiconductor Equipment & Materials,Software - Application,False
COST,SNPS,0.18267069682913356,Discount Stores,Software - Infrastructure,False
ISRG,VRSK,0.18259103670391186,Medical Instruments & Supplies,Consulting Services,False
ROP,TTWO,0.18249144846887522,Software - Application,Electronic Gaming & Multimedia,False
BKR,COST,0.18223658517038477,Oil & Gas Equipment & Services,Discount Stores,False
BKR,XEL,0.18212571146046663,Oil & Gas Equipment & Services,Utilities - Regulated Electric,False
APP,WDAY,0.18204028239440936,Advertising Agencies,Software - Application,False
CHTR,KLAC,0.1820022617407931,Telecom Services,Semiconductor Equipment & Materials,False
MCHP,VRTX,0.18189116609306388,Semiconductors,Biotechnology,False
ADSK,AMGN,0.1818811656364319,Software - Application,Drug Manufacturers - General,False
PDD,TXN,0.1817713727964644,Internet Retail,Semiconductors,False
GEHC,NFLX,0.18159915228933032,Medical Devices,Entertainment,False
CHTR,COST,0.1815668498163582,Telecom Services,Discount Stores,False
LULU,PLTR,0.1815334651525272,Apparel Retail,Software - Infrastructure,False
MDLZ,PCAR,0.18146864928825,Confectioners,Farm & Heavy Construction Machinery,False
CRWD,FAST,0.1814267651201562,Software - Infrastructure,Industrial Distribution,False
BIIB,BKNG,0.18140738104177317,Drug Manufacturers - General,Travel Services,False
CSX,ORLY,0.1813615839513313,Railroads,Auto Parts,False
CHTR,REGN,0.18130111523026002,Telecom Services,Biotechnology,False
INTC,KHC,0.1812373703206178,Semiconductors,Packaged Foods,False
PEP,VRTX,0.18121181573299885,Beverages - Non-Alcoholic,Biotechnology,False
INTC,TTWO,0.18120859676527748,Semiconductors,Electronic Gaming & Multimedia,False
COST,VRTX,0.18116489681501421,Discount Stores,Biotechnology,False
CPRT,GOOGL,0.18114591746298586,Specialty Business Services,Internet Content & Information,False
CTAS,PLTR,0.18109267257207246,Specialty Business Services,Software - Infrastructure,False
LULU,PDD,0.1810746887525026,Apparel Retail,Internet Retail,False
CSGP,MDB,0.18098559086349195,Real Estate Services,Software - Infrastructure,False
AXON,PAYX,0.18096564029906403,Aerospace & Defense,Software - Application,False
BIIB,ORLY,0.18089596916798642,Drug Manufacturers - General,Auto Parts,False
AVGO,LULU,0.18086155031422033,Semiconductors,Apparel Retail,False
AZN,CPRT,0.1808191078463872,Drug Manufacturers - General,Specialty Business Services,False
CMCSA,SNPS,0.18063327650526848,Telecom Services,Software - Infrastructure,False
CDNS,CHTR,0.1806083808639549,Software - Application,Telecom Services,False
ADBE,GILD,0.1803983072299208,Software - Application,Drug Manufacturers - General,False
COST,GFS,0.18010326948535757,Discount Stores,Semiconductors,False
LRCX,PAYX,0.18004039528596924,Semiconductor Equipment & Materials,Software - Application,False
FAST,NVDA,0.17986069314170933,Industrial Distribution,Semiconductors,False
CPRT,TTD,0.17985067269297206,Specialty Business Services,Advertising Agencies,False
CCEP,CSGP,0.1797495122457694,Beverages - Non-Alcoholic,Real Estate Services,False
CCEP,MELI,0.17961955770331994,Beverages - Non-Alcoholic,Internet Retail,False
AMGN,ROST,0.17953038943117514,Drug Manufacturers - General,Apparel Retail,False
CPRT,IDXX,0.1793733425313962,Specialty Business Services,Diagnostics & Research,False
CDNS,VRTX,0.17931742020109478,Software - Application,Biotechnology,False
AXON,GOOGL,0.1789312920208308,Aerospace & Defense,Internet Content & Information,False
CEG,CSX,0.1785877352890328,Utilities - Independent Power Producers,Railroads,False
FANG,TTWO,0.1782762949517043,Oil & Gas E&P,Electronic Gaming & Multimedia,False
MELI,SBUX,0.17806566232325036,Internet Retail,Restaurants,False
CCEP,EA,0.1780432676222746,Beverages - Non-Alcoholic,Electronic Gaming & Multimedia,False
BIIB,KLAC,0.17787970111354293,Drug Manufacturers - General,Semiconductor Equipment & Materials,False
ADI,KDP,0.17781466153517922,Semiconductors,Beverages - Non-Alcoholic,False
ASML,CHTR,0.17762670899755373,Semiconductor Equipment & Materials,Telecom Services,False
ABNB,AMGN,0.1775446537186722,Travel Services,Drug Manufacturers - General,False
AZN,NXPI,0.177409990573435,Drug Manufacturers - General,Semiconductors,False
ON,VRTX,0.17732627027969672,Semiconductors,Biotechnology,False
ABNB,VRTX,0.17730735986112894,Travel Services,Biotechnology,False
CMCSA,PLTR,0.1772731771687144,Telecom Services,Software - Infrastructure,False
CHTR,PDD,0.17715552340606336,Telecom Services,Internet Retail,False
CSCO,TMUS,0.1767541065905313,Communication Equipment,Telecom Services,False
APP,ROST,0.17671824817550322,Advertising Agencies,Apparel Retail,False
MELI,WBD,0.1759719081032467,Internet Retail,Entertainment,False
GILD,XEL,0.17592760986963915,Drug Manufacturers - General,Utilities - Regulated Electric,False
MAR,VRTX,0.1757407081005257,Lodging,Biotechnology,False
ADI,AZN,0.17569837230011262,Semiconductors,Drug Manufacturers - General,False
COST,MDB,0.17535793610859782,Discount Stores,Software - Infrastructure,False
KHC,MCHP,0.1752715083991347,Packaged Foods,Semiconductors,False
CSGP,KDP,0.17520280423973955,Real Estate Services,Beverages - Non-Alcoholic,False
CMCSA,GILD,0.17493995121645534,Telecom Services,Drug Manufacturers - General,False
GFS,KHC,0.17490924891115778,Semiconductors,Packaged Foods,False
IDXX,ORLY,0.17437673353367372,Diagnostics & Research,Auto Parts,False
CTSH,MDLZ,0.1740241551688766,Information Technology Services,Confectioners,False
MDB,PDD,0.17399767132573843,Software - Infrastructure,Internet Retail,False
PEP,PYPL,0.17395308841851778,Beverages - Non-Alcoholic,Credit Services,False
BKR,CHTR,0.17392615766253494,Oil & Gas Equipment & Services,Telecom Services,False
ROST,VRSK,0.1738049661327678,Apparel Retail,Consulting Services,False
AMGN,WDAY,0.17369994153567905,Drug Manufacturers - General,Software - Application,False
DXCM,IDXX,0.17358970086893413,Medical Devices,Diagnostics & Research,False
DDOG,LIN,0.17355435851447998,Software - Application,Specialty Chemicals,False
CRWD,VRTX,0.17349607219010216,Software - Infrastructure,Biotechnology,False
LULU,REGN,0.17348215373159626,Apparel Retail,Biotechnology,False
CPRT,TTWO,0.1729843816253383,Specialty Business Services,Electronic Gaming & Multimedia,False
CHTR,LULU,0.17297251021874968,Telecom Services,Apparel Retail,False
FAST,TEAM,0.17289883514771684,Industrial Distribution,Software - Application,False
ARM,COST,0.17272468878403566,Semiconductors,Discount Stores,False
ABNB,GILD,0.17265346667178494,Travel Services,Drug Manufacturers - General,False
PDD,ROP,0.17264273047441184,Internet Retail,Software - Application,False
GEHC,TTD,0.17253551632964736,Medical Devices,Advertising Agencies,False
CSX,MELI,0.17239323855126634,Railroads,Internet Retail,False
FAST,NFLX,0.1723198910652247,Industrial Distribution,Entertainment,False
PANW,VRSK,0.17230161412340825,Software - Infrastructure,Consulting Services,False
INTC,REGN,0.17218095957021912,Semiconductors,Biotechnology,False
AMD,CHTR,0.1718429867452239,Semiconductors,Telecom Services,False
AZN,CDW,0.17182471567021762,Drug Manufacturers - General,Information Technology Services,False
PCAR,PLTR,0.17163938584627483,Farm & Heavy Construction Machinery,Software - Infrastructure,False
PDD,TTWO,0.17149543098045117,Internet Retail,Electronic Gaming & Multimedia,False
AMD,CTAS,0.17126330542191848,Semiconductors,Specialty Business Services,False
BKR,CCEP,0.1710949016102009,Oil & Gas Equipment & Services,Beverages - Non-Alcoholic,False
DXCM,INTC,0.17108700893747053,Medical Devices,Semiconductors,False
AAPL,ORLY,0.1710651267910813,Consumer Electronics,Auto Parts,False
AEP,COST,0.17085948835101541,Utilities - Regulated Electric,Discount Stores,False
AEP,VRSK,0.17061159331258216,Utilities - Regulated Electric,Consulting Services,False
IDXX,MDB,0.17041948282653427,Diagnostics & Research,Software - Infrastructure,False
AXON,ON,0.17037600920429435,Aerospace & Defense,Semiconductors,False
APP,ROP,0.1703698671056278,Advertising Agencies,Software - Application,False
COST,LRCX,0.17026696541833258,Discount Stores,Semiconductor Equipment & Materials,False
CTSH,ORLY,0.17024017444011358,Information Technology Services,Auto Parts,False
ROST,VRTX,0.17020419235195336,Apparel Retail,Biotechnology,False
AEP,VRTX,0.17002867663812174,Utilities - Regulated Electric,Biotechnology,False
MNST,PANW,0.1696318816099009,Beverages - Non-Alcoholic,Software - Infrastructure,False
CHTR,MRVL,0.16961421541090396,Telecom Services,Semiconductors,False
CMCSA,TTWO,0.1695345086289425,Telecom Services,Electronic Gaming & Multimedia,False
CCEP,NFLX,0.16953214451714668,Beverages - Non-Alcoholic,Entertainment,False
ABNB,REGN,0.16899460428292543,Travel Services,Biotechnology,False
VRTX,XEL,0.1688748400706992,Biotechnology,Utilities - Regulated Electric,False
ARM,BIIB,0.16876749770245159,Semiconductors,Drug Manufacturers - General,False
APP,PAYX,0.16859058350588302,Advertising Agencies,Software - Application,False
APP,CMCSA,0.16857485918651538,Advertising Agencies,Telecom Services,False
MELI,ODFL,0.16847293272113628,Internet Retail,Trucking,False
AMAT,CMCSA,0.16839540985237758,Semiconductor Equipment & Materials,Telecom Services,False
MNST,VRTX,0.1683408018827036,Beverages - Non-Alcoholic,Biotechnology,False
AZN,ROST,0.16825988459531516,Drug Manufacturers - General,Apparel Retail,False
MNST,NFLX,0.16806634782615038,Beverages - Non-Alcoholic,Entertainment,False
FANG,MELI,0.16802568962504466,Oil & Gas E&P,Internet Retail,False
MNST,WDAY,0.16780367623376446,Beverages - Non-Alcoholic,Software - Application,False
BIIB,INTU,0.1676835251228058,Drug Manufacturers - General,Software - Application,False
INTC,NFLX,0.16751313357898792,Semiconductors,Entertainment,False
ADP,PLTR,0.16712293783011253,Software - Application,Software - Infrastructure,False
CMCSA,LRCX,0.1671055796572641,Telecom Services,Semiconductor Equipment & Materials,False
AZN,MCHP,0.16704606785072726,Drug Manufacturers - General,Semiconductors,False
AXON,FANG,0.16694619558364449,Aerospace & Defense,Oil & Gas E&P,False
GFS,KDP,0.16686411012060853,Semiconductors,Beverages - Non-Alcoholic,False
FAST,TTD,0.16674300087108312,Industrial Distribution,Advertising Agencies,False
AEP,KDP,0.1666742967776514,Utilities - Regulated Electric,Beverages - Non-Alcoholic,False
DDOG,MELI,0.16662213833030756,Software - Application,Internet Retail,False
APP,IDXX,0.16655533943688933,Advertising Agencies,Diagnostics & Research,False
AMGN,LULU,0.16651002544822446,Drug Manufacturers - General,Apparel Retail,False
CTAS,MELI,0.16647119326250628,Specialty Business Services,Internet Retail,False
ISRG,VRTX,0.16646413061563317,Medical Instruments & Supplies,Biotechnology,False
AXON,ODFL,0.1663845551522045,Aerospace & Defense,Trucking,False
CHTR,TTD,0.16617834846589266,Telecom Services,Advertising Agencies,False
CMCSA,DXCM,0.16596825596225614,Telecom Services,Medical Devices,False
CHTR,MU,0.1659278864367962,Telecom Services,Semiconductors,False
BKNG,GILD,0.16585111898876184,Travel Services,Drug Manufacturers - General,False
IDXX,PLTR,0.16555197487076495,Diagnostics & Research,Software - Infrastructure,False
AEP,GILD,0.16538326417402704,Utilities - Regulated Electric,Drug Manufacturers - General,False
MNST,REGN,0.16518742110065768,Beverages - Non-Alcoholic,Biotechnology,False
AZN,EA,0.1651413961412381,Drug Manufacturers - General,Electronic Gaming & Multimedia,False
REGN,WBD,0.16513031422626792,Biotechnology,Entertainment,False
ADSK,EA,0.16509487229212297,Software - Application,Electronic Gaming & Multimedia,False
CDW,COST,0.16506033543840132,Information Technology Services,Discount Stores,False
APP,LIN,0.1650400909535795,Advertising Agencies,Specialty Chemicals,False
INTC,TEAM,0.16501139241137802,Semiconductors,Software - Application,False
CCEP,INTU,0.16448282464601716,Beverages - Non-Alcoholic,Software - Application,False
COST,KLAC,0.16447417166180134,Discount Stores,Semiconductor Equipment & Materials,False
EA,PEP,0.16432572273466037,Electronic Gaming & Multimedia,Beverages - Non-Alcoholic,False
CTAS,NVDA,0.16422496837125827,Specialty Business Services,Semiconductors,False
CEG,CPRT,0.16407660159793444,Utilities - Independent Power Producers,Specialty Business Services,False
AXON,FAST,0.16397730668093569,Aerospace & Defense,Industrial Distribution,False
COST,MRVL,0.16393224743443313,Discount Stores,Semiconductors,False
AZN,PCAR,0.16385834532115717,Drug Manufacturers - General,Farm & Heavy Construction Machinery,False
FAST,MRVL,0.16383452808033924,Industrial Distribution,Semiconductors,False
LULU,VRTX,0.16344600379910473,Apparel Retail,Biotechnology,False
PCAR,VRTX,0.16334236799971158,Farm & Heavy Construction Machinery,Biotechnology,False
INTC,KDP,0.1631309339048457,Semiconductors,Beverages - Non-Alcoholic,False
AXON,CTAS,0.16288828367081154,Aerospace & Defense,Specialty Business Services,False
BIIB,TMUS,0.16287615955394305,Drug Manufacturers - General,Telecom Services,False
KDP,MCHP,0.16287437074310118,Beverages - Non-Alcoholic,Semiconductors,False
AZN,INTU,0.162657898344195,Drug Manufacturers - General,Software - Application,False
ABNB,MNST,0.16239619619356085,Travel Services,Beverages - Non-Alcoholic,False
IDXX,XEL,0.16235827501279088,Diagnostics & Research,Utilities - Regulated Electric,False
GILD,ISRG,0.16226621672908043,Drug Manufacturers - General,Medical Instruments & Supplies,False
PCAR,TTWO,0.1622578416556036,Farm & Heavy Construction Machinery,Electronic Gaming & Multimedia,False
AZN,CSGP,0.16222511270647072,Drug Manufacturers - General,Real Estate Services,False
MDLZ,PYPL,0.16212528567922244,Confectioners,Credit Services,False
CTAS,MDB,0.16208281101862712,Specialty Business Services,Software - Infrastructure,False
AZN,SNPS,0.1619939926237702,Drug Manufacturers - General,Software - Infrastructure,False
INTC,TMUS,0.16195138818677313,Semiconductors,Telecom Services,False
CMCSA,PDD,0.16185419921857783,Telecom Services,Internet Retail,False
ADSK,ORLY,0.1617372841250907,Software - Application,Auto Parts,False
EXC,GILD,0.16167658061901793,Utilities - Regulated Electric,Drug Manufacturers - General,False
CDW,EA,0.16147410649519464,Information Technology Services,Electronic Gaming & Multimedia,False
CPRT,EA,0.16137447693911625,Specialty Business Services,Electronic Gaming & Multimedia,False
CSGP,PEP,0.16102252664768113,Real Estate Services,Beverages - Non-Alcoholic,False
CHTR,NFLX,0.16092354411679544,Telecom Services,Entertainment,False
EA,HON,0.16085764896543378,Electronic Gaming & Multimedia,Conglomerates,False
KDP,PYPL,0.16071869380578652,Beverages - Non-Alcoholic,Credit Services,False
AXON,INTC,0.16065198668528022,Aerospace & Defense,Semiconductors,False
CMCSA,MRVL,0.1606258002135151,Telecom Services,Semiconductors,False
AZN,DDOG,0.16056945343422246,Drug Manufacturers - General,Software - Application,False
AMGN,ASML,0.16053307273012535,Drug Manufacturers - General,Semiconductor Equipment & Materials,False
KHC,NXPI,0.16045137424645886,Packaged Foods,Semiconductors,False
PYPL,XEL,0.1602514623285905,Credit Services,Utilities - Regulated Electric,False
IDXX,INTC,0.15995435145443954,Diagnostics & Research,Semiconductors,False
AVGO,ROP,0.1598781202793252,Semiconductors,Software - Application,False
AVGO,LIN,0.15984169180305638,Semiconductors,Specialty Chemicals,False
IDXX,REGN,0.15962229437236772,Diagnostics & Research,Biotechnology,False
EA,MU,0.15959069436689716,Electronic Gaming & Multimedia,Semiconductors,False
IDXX,NFLX,0.15949287335309775,Diagnostics & Research,Entertainment,False
MAR,XEL,0.15927485621986073,Lodging,Utilities - Regulated Electric,False
MNST,TSLA,0.1590494227423236,Beverages - Non-Alcoholic,Auto Manufacturers,False
AZN,ZS,0.15896390494530302,Drug Manufacturers - General,Software - Infrastructure,False
CSCO,XEL,0.1586943973199407,Communication Equipment,Utilities - Regulated Electric,False
AMAT,PAYX,0.15859719274182618,Semiconductor Equipment & Materials,Software - Application,False
CCEP,PYPL,0.15836549318593116,Beverages - Non-Alcoholic,Credit Services,False
ADBE,ORLY,0.15826000003265234,Software - Application,Auto Parts,False
CHTR,PLTR,0.15814866725379034,Telecom Services,Software - Infrastructure,False
CPRT,INTU,0.15783626595087746,Specialty Business Services,Software - Application,False
DXCM,MNST,0.15783281126570226,Medical Devices,Beverages - Non-Alcoholic,False
AMGN,EA,0.15782671300070755,Drug Manufacturers - General,Electronic Gaming & Multimedia,False
PYPL,REGN,0.15777000397456928,Credit Services,Biotechnology,False
ADP,MU,0.15769769610909892,Software - Application,Semiconductors,False
NFLX,VRSK,0.15761861239206593,Entertainment,Consulting Services,False
MDLZ,SBUX,0.15751892844223847,Confectioners,Restaurants,False
AMAT,VRTX,0.15714567904866858,Semiconductor Equipment & Materials,Biotechnology,False
ADSK,KDP,0.157132917241776,Software - Application,Beverages - Non-Alcoholic,False
PYPL,VRTX,0.15711465357992252,Credit Services,Biotechnology,False
DASH,DDOG,0.15696974099987357,Internet Retail,Software - Application,False
APP,PCAR,0.15665956585528035,Advertising Agencies,Farm & Heavy Construction Machinery,False
GILD,INTC,0.1566584707138372,Drug Manufacturers - General,Semiconductors,False
AZN,WDAY,0.1566088183384431,Drug Manufacturers - General,Software - Application,False
CEG,PCAR,0.15625775565320887,Utilities - Independent Power Producers,Farm & Heavy Construction Machinery,False
AEP,CTSH,0.15623393500639682,Utilities - Regulated Electric,Information Technology Services,False
FAST,TTWO,0.15580798855787723,Industrial Distribution,Electronic Gaming & Multimedia,False
LIN,MDB,0.15577580018377762,Specialty Chemicals,Software - Infrastructure,False
AMGN,WBD,0.1556164191075527,Drug Manufacturers - General,Entertainment,False
INTU,VRSK,0.15542523336282202,Software - Application,Consulting Services,False
TSLA,VRTX,0.15534651892738852,Auto Manufacturers,Biotechnology,False
EA,VRSK,0.15514471018794643,Electronic Gaming & Multimedia,Consulting Services,False
VRTX,ZS,0.15509575451259344,Biotechnology,Software - Infrastructure,False
DDOG,VRTX,0.15507763980521197,Software - Application,Biotechnology,False
GILD,ROST,0.1549631240532691,Drug Manufacturers - General,Apparel Retail,False
BKNG,VRTX,0.15493451970547362,Travel Services,Biotechnology,False
NFLX,PAYX,0.15476596247222846,Entertainment,Software - Application,False
AMGN,FANG,0.15476351764163446,Drug Manufacturers - General,Oil & Gas E&P,False
KHC,LULU,0.15468157804065277,Packaged Foods,Apparel Retail,False
AMD,PAYX,0.15456093800752432,Semiconductors,Software - Application,False
AMGN,SNPS,0.15454348109365126,Drug Manufacturers - General,Software - Infrastructure,False
BIIB,SNPS,0.15423605845094981,Drug Manufacturers - General,Software - Infrastructure,False
GEHC,TMUS,0.154055164987153,Medical Devices,Telecom Services,False
ASML,EA,0.15395754289514563,Semiconductor Equipment & Materials,Electronic Gaming & Multimedia,False
MNST,TTWO,0.153904984722833,Beverages - Non-Alcoholic,Electronic Gaming & Multimedia,False
CSGP,ORLY,0.1537894860378011,Real Estate Services,Auto Parts,False
GILD,INTU,0.15376106091857128,Drug Manufacturers - General,Software - Application,False
ADI,CCEP,0.15375805419439809,Semiconductors,Beverages - Non-Alcoholic,False
BIIB,CPRT,0.15367777466640822,Drug Manufacturers - General,Specialty Business Services,False
CHTR,DXCM,0.15355447037207043,Telecom Services,Medical Devices,False
CDW,PEP,0.15353316277903992,Information Technology Services,Beverages - Non-Alcoholic,False
CTAS,TTD,0.1534989843052801,Specialty Business Services,Advertising Agencies,False
AAPL,CCEP,0.15304301431365105,Consumer Electronics,Beverages - Non-Alcoholic,False
VRTX,WDAY,0.15294723325588608,Biotechnology,Software - Application,False
EA,IDXX,0.1528023524980862,Electronic Gaming & Multimedia,Diagnostics & Research,False
CCEP,SNPS,0.1527568953017984,Beverages - Non-Alcoholic,Software - Infrastructure,False
AXON,ROST,0.15243117172103293,Aerospace & Defense,Apparel Retail,False
EA,ZS,0.15242990255197117,Electronic Gaming & Multimedia,Software - Infrastructure,False
AZN,IDXX,0.15235946954843715,Drug Manufacturers - General,Diagnostics & Research,False
BKR,TTWO,0.15203269181903412,Oil & Gas Equipment & Services,Electronic Gaming & Multimedia,False
IDXX,WBD,0.15200653744419923,Diagnostics & Research,Entertainment,False
REGN,TSLA,0.1518257957277308,Biotechnology,Auto Manufacturers,False
KDP,NXPI,0.1517123772518989,Beverages - Non-Alcoholic,Semiconductors,False
AMD,MNST,0.1514692219517459,Semiconductors,Beverages - Non-Alcoholic,False
BIIB,CDNS,0.15146733761843012,Drug Manufacturers - General,Software - Application,False
EA,KLAC,0.1514388756121963,Electronic Gaming & Multimedia,Semiconductor Equipment & Materials,False
NFLX,TTD,0.15139499454763125,Entertainment,Advertising Agencies,False
NFLX,ROST,0.15137420641403249,Entertainment,Apparel Retail,False
TTWO,VRSK,0.15127803508315363,Electronic Gaming & Multimedia,Consulting Services,False
ARM,VRTX,0.15120512331102487,Semiconductors,Biotechnology,False
AXON,TXN,0.15055028797370767,Aerospace & Defense,Semiconductors,False
ODFL,TTWO,0.1505236210530995,Trucking,Electronic Gaming & Multimedia,False
AZN,DXCM,0.15050555316342534,Drug Manufacturers - General,Medical Devices,False
AZN,BKR,0.15044056845350046,Drug Manufacturers - General,Oil & Gas Equipment & Services,False
PAYX,TTD,0.15011278656306926,Software - Application,Advertising Agencies,False
CCEP,PDD,0.15003371878753957,Beverages - Non-Alcoholic,Internet Retail,False
MAR,PEP,0.14987738325142652,Lodging,Beverages - Non-Alcoholic,False
ABNB,VRSK,0.14973234366974844,Travel Services,Consulting Services,False
PDD,ROST,0.14966488587029994,Internet Retail,Apparel Retail,False
AAPL,VRTX,0.1495500901956418,Consumer Electronics,Biotechnology,False
INTC,PEP,0.1495147929048534,Semiconductors,Beverages - Non-Alcoholic,False
EXC,HON,0.14938200332403856,Utilities - Regulated Electric,Conglomerates,False
EA,KHC,0.14935523997994898,Electronic Gaming & Multimedia,Packaged Foods,False
ISRG,PDD,0.14933149599905457,Medical Instruments & Supplies,Internet Retail,False
CSGP,DDOG,0.14925710978789206,Real Estate Services,Software - Application,False
AZN,TXN,0.1486751518899429,Drug Manufacturers - General,Semiconductors,False
ORLY,SBUX,0.14856188681525573,Auto Parts,Restaurants,False
CDW,MNST,0.14843078713159769,Information Technology Services,Beverages - Non-Alcoholic,False
CSGP,TTWO,0.1481653409145779,Real Estate Services,Electronic Gaming & Multimedia,False
MRVL,VRTX,0.14803902305823607,Semiconductors,Biotechnology,False
BKNG,KHC,0.14781938009109866,Travel Services,Packaged Foods,False
DASH,TMUS,0.14769037883458758,Internet Retail,Telecom Services,False
AVGO,CTAS,0.14762129570583116,Semiconductors,Specialty Business Services,False
MNST,NXPI,0.1474455069009821,Beverages - Non-Alcoholic,Semiconductors,False
GILD,WDAY,0.14742085652060602,Drug Manufacturers - General,Software - Application,False
APP,CHTR,0.14725107035861315,Advertising Agencies,Telecom Services,False
ADI,VRSK,0.14723124591412226,Semiconductors,Consulting Services,False
EA,ISRG,0.14722618830758116,Electronic Gaming & Multimedia,Medical Instruments & Supplies,False
BIIB,GOOGL,0.1472052768616663,Drug Manufacturers - General,Internet Content & Information,False
MELI,TMUS,0.14691959849698033,Internet Retail,Telecom Services,False
CHTR,CRWD,0.14683642180035045,Telecom Services,Software - Infrastructure,False
CMCSA,ORLY,0.14672140737066153,Telecom Services,Auto Parts,False
EA,ORLY,0.14609934377835343,Electronic Gaming & Multimedia,Auto Parts,False
ASML,CMCSA,0.14609050672977705,Semiconductor Equipment & Materials,Telecom Services,False
BIIB,COST,0.14592207519002492,Drug Manufacturers - General,Discount Stores,False
GILD,KLAC,0.14574026068777654,Drug Manufacturers - General,Semiconductor Equipment & Materials,False
CSCO,KHC,0.14565494536066817,Communication Equipment,Packaged Foods,False
AMAT,GILD,0.14560755530810104,Semiconductor Equipment & Materials,Drug Manufacturers - General,False
AMGN,ARM,0.14542117192291049,Drug Manufacturers - General,Semiconductors,False
LRCX,MNST,0.1451293630466924,Semiconductor Equipment & Materials,Beverages - Non-Alcoholic,False
CCEP,PANW,0.14506227812971834,Beverages - Non-Alcoholic,Software - Infrastructure,False
NFLX,PDD,0.14494511404041013,Entertainment,Internet Retail,False
ADBE,MDLZ,0.14490305113017762,Software - Application,Confectioners,False
VRTX,WBD,0.14488359437009019,Biotechnology,Entertainment,False
AZN,GFS,0.14488196564140654,Drug Manufacturers - General,Semiconductors,False
AZN,GOOGL,0.14487587477627148,Drug Manufacturers - General,Internet Content & Information,False
CTAS,MSTR,0.14415788248108413,Specialty Business Services,Software - Application,False
LRCX,VRTX,0.14369211098486417,Semiconductor Equipment & Materials,Biotechnology,False
PDD,TTD,0.14355076455736504,Internet Retail,Advertising Agencies,False
AMGN,PANW,0.14352762226345106,Drug Manufacturers - General,Software - Infrastructure,False
EA,INTC,0.1434122777723909,Electronic Gaming & Multimedia,Semiconductors,False
BKNG,ORLY,0.14326610046745486,Travel Services,Auto Parts,False
BKNG,KDP,0.14290694517059288,Travel Services,Beverages - Non-Alcoholic,False
COST,ON,0.14278002948712895,Discount Stores,Semiconductors,False
EXC,IDXX,0.14251671666061086,Utilities - Regulated Electric,Diagnostics & Research,False
ABNB,AZN,0.14239786766927545,Travel Services,Drug Manufacturers - General,False
COST,KHC,0.14226119306257975,Discount Stores,Packaged Foods,False
SBUX,VRSK,0.14225533573287882,Restaurants,Consulting Services,False
EA,KDP,0.1420847000947534,Electronic Gaming & Multimedia,Beverages - Non-Alcoholic,False
TXN,VRSK,0.14208101356725594,Semiconductors,Consulting Services,False
ADBE,PEP,0.14189127184120706,Software - Application,Beverages - Non-Alcoholic,False
BKNG,MDLZ,0.14181736554036006,Travel Services,Confectioners,False
FANG,MNST,0.1416202124328487,Oil & Gas E&P,Beverages - Non-Alcoholic,False
COST,FANG,0.14142365347729205,Discount Stores,Oil & Gas E&P,False
CTAS,GOOGL,0.14116593892772797,Specialty Business Services,Internet Content & Information,False
AMGN,FTNT,0.14114597050125532,Drug Manufacturers - General,Software - Infrastructure,False
ARM,REGN,0.14099117541072617,Semiconductors,Biotechnology,False
KDP,ON,0.14095403030530324,Beverages - Non-Alcoholic,Semiconductors,False
CTSH,KDP,0.14076488709875146,Information Technology Services,Beverages - Non-Alcoholic,False
ADBE,AMGN,0.14068564740360345,Software - Application,Drug Manufacturers - General,False
MNST,ODFL,0.14066809586259588,Beverages - Non-Alcoholic,Trucking,False
GILD,LRCX,0.14055029441825304,Drug Manufacturers - General,Semiconductor Equipment & Materials,False
WBD,XEL,0.1403593930160538,Entertainment,Utilities - Regulated Electric,False
DDOG,DXCM,0.14017441579014187,Software - Application,Medical Devices,False
MNST,MU,0.14009069098571697,Beverages - Non-Alcoholic,Semiconductors,False
PCAR,VRSK,0.1400108935247244,Farm & Heavy Construction Machinery,Consulting Services,False
PCAR,TMUS,0.1399019690062875,Farm & Heavy Construction Machinery,Telecom Services,False
VRSK,WBD,0.13951766988655429,Consulting Services,Entertainment,False
EA,TXN,0.13939758955986842,Electronic Gaming & Multimedia,Semiconductors,False
CMCSA,MU,0.13937184159296723,Telecom Services,Semiconductors,False
AMGN,CDNS,0.13928359138125865,Drug Manufacturers - General,Software - Application,False
CEG,CTAS,0.13903980853261216,Utilities - Independent Power Producers,Specialty Business Services,False
MU,REGN,0.1389679134692904,Semiconductors,Biotechnology,False
ODFL,ORLY,0.13883380689375643,Trucking,Auto Parts,False
BIIB,TSLA,0.13832445289032932,Drug Manufacturers - General,Auto Manufacturers,False
GEHC,ORLY,0.13829256290925054,Medical Devices,Auto Parts,False
BIIB,PANW,0.13817559355349174,Drug Manufacturers - General,Software - Infrastructure,False
AAPL,KDP,0.13809832607787617,Consumer Electronics,Beverages - Non-Alcoholic,False
MDB,PAYX,0.13796752165418097,Software - Infrastructure,Software - Application,False
CEG,LULU,0.13778856817292043,Utilities - Independent Power Producers,Apparel Retail,False
PYPL,TMUS,0.137766971042287,Credit Services,Telecom Services,False
PDD,TEAM,0.1377268207719199,Internet Retail,Software - Application,False
CEG,ODFL,0.13761412587574218,Utilities - Independent Power Producers,Trucking,False
SBUX,VRTX,0.13761272432955643,Restaurants,Biotechnology,False
LULU,PEP,0.13759597490153494,Apparel Retail,Beverages - Non-Alcoholic,False
KHC,WBD,0.13732574329113378,Packaged Foods,Entertainment,False
AAPL,MDLZ,0.13704810258935748,Consumer Electronics,Confectioners,False
ORLY,VRTX,0.1368295611017039,Auto Parts,Biotechnology,False
MNST,PDD,0.13661518759953883,Beverages - Non-Alcoholic,Internet Retail,False
EA,INTU,0.13659279263038676,Electronic Gaming & Multimedia,Software - Application,False
APP,FAST,0.1365313793712822,Advertising Agencies,Industrial Distribution,False
KDP,VRTX,0.13634266129022868,Beverages - Non-Alcoholic,Biotechnology,False
AEP,IDXX,0.13606315954946047,Utilities - Regulated Electric,Diagnostics & Research,False
ADI,PEP,0.13600192644465317,Semiconductors,Beverages - Non-Alcoholic,False
CSX,TTWO,0.13594205437992973,Railroads,Electronic Gaming & Multimedia,False
EA,ROST,0.13576469936665767,Electronic Gaming & Multimedia,Apparel Retail,False
AZN,TSLA,0.13557289367956885,Drug Manufacturers - General,Auto Manufacturers,False
CTAS,PDD,0.13550028010038603,Specialty Business Services,Internet Retail,False
FAST,PDD,0.13525543412890806,Industrial Distribution,Internet Retail,False
AMGN,COST,0.13487074725745765,Drug Manufacturers - General,Discount Stores,False
CHTR,VRTX,0.13484456561980432,Telecom Services,Biotechnology,False
NXPI,PEP,0.1348386502133048,Semiconductors,Beverages - Non-Alcoholic,False
AMD,COST,0.13469410082038114,Semiconductors,Discount Stores,False
AMGN,MU,0.13443083945329343,Drug Manufacturers - General,Semiconductors,False
MRVL,PAYX,0.1343900242329022,Semiconductors,Software - Application,False
ABNB,CCEP,0.13401516356850104,Travel Services,Beverages - Non-Alcoholic,False
BKNG,REGN,0.13400584785002576,Travel Services,Biotechnology,False
CMCSA,CRWD,0.13396821709246365,Telecom Services,Software - Infrastructure,False
AXON,PCAR,0.13367328886243662,Aerospace & Defense,Farm & Heavy Construction Machinery,False
MU,PAYX,0.13358614670122004,Semiconductors,Software - Application,False
CCEP,WDAY,0.13324390616336512,Beverages - Non-Alcoholic,Software - Application,False
AMZN,BIIB,0.133138055654787,Internet Retail,Drug Manufacturers - General,False
TMUS,VRTX,0.13311825308789496,Telecom Services,Biotechnology,False
CPRT,MDLZ,0.13307330464466094,Specialty Business Services,Confectioners,False
MAR,TMUS,0.1330481010605099,Lodging,Telecom Services,False
KDP,MELI,0.13297826121216652,Beverages - Non-Alcoholic,Internet Retail,False
ADSK,GILD,0.1329003476336162,Software - Application,Drug Manufacturers - General,False
CEG,LIN,0.13278256670626556,Utilities - Independent Power Producers,Specialty Chemicals,False
ADP,GOOGL,0.13262711250152096,Software - Application,Internet Content & Information,False
CSGP,EA,0.13259498819326304,Real Estate Services,Electronic Gaming & Multimedia,False
REGN,ROP,0.132571393767087,Biotechnology,Software - Application,False
CSGP,GILD,0.13222701569131726,Real Estate Services,Drug Manufacturers - General,False
MELI,MNST,0.13211857655581677,Internet Retail,Beverages - Non-Alcoholic,False
AEP,BIIB,0.13204674158317384,Utilities - Regulated Electric,Drug Manufacturers - General,False
CPRT,DDOG,0.13200795138453839,Specialty Business Services,Software - Application,False
ADP,NVDA,0.13182488369548068,Software - Application,Semiconductors,False
ABNB,TMUS,0.1314498245904401,Travel Services,Telecom Services,False
BKNG,PEP,0.1312700062545032,Travel Services,Beverages - Non-Alcoholic,False
AMAT,COST,0.13122345064722607,Semiconductor Equipment & Materials,Discount Stores,False
BIIB,META,0.13113584132208986,Drug Manufacturers - General,Internet Content & Information,False
REGN,XEL,0.13088669633175917,Biotechnology,Utilities - Regulated Electric,False
AZN,PLTR,0.13081960085892388,Drug Manufacturers - General,Software - Infrastructure,False
META,REGN,0.13081609192236937,Internet Content & Information,Biotechnology,False
VRSK,VRTX,0.13067759137508494,Consulting Services,Biotechnology,False
INTC,MNST,0.13038633188078097,Semiconductors,Beverages - Non-Alcoholic,False
ASML,REGN,0.1301172313990423,Semiconductor Equipment & Materials,Biotechnology,False
CCEP,MAR,0.12992711722243525,Beverages - Non-Alcoholic,Lodging,False
CHTR,NVDA,0.1296152759866604,Telecom Services,Semiconductors,False
CEG,ROP,0.12941064060467683,Utilities - Independent Power Producers,Software - Application,False
PCAR,XEL,0.1293272058560562,Farm & Heavy Construction Machinery,Utilities - Regulated Electric,False
CCEP,REGN,0.12927398317694455,Beverages - Non-Alcoholic,Biotechnology,False
CSCO,EA,0.12921666401895318,Communication Equipment,Electronic Gaming & Multimedia,False
SBUX,XEL,0.12906037128941125,Restaurants,Utilities - Regulated Electric,False
COST,GOOGL,0.12905152197259354,Discount Stores,Internet Content & Information,False
FAST,MU,0.12901699620394777,Industrial Distribution,Semiconductors,False
APP,LULU,0.12900357335978696,Advertising Agencies,Apparel Retail,False
ABNB,KHC,0.12872688241923222,Travel Services,Packaged Foods,False
CEG,CSGP,0.12871963381983784,Utilities - Independent Power Producers,Real Estate Services,False
MDLZ,VRTX,0.12856654153321698,Confectioners,Biotechnology,False
EA,WDAY,0.12841182819592947,Electronic Gaming & Multimedia,Software - Application,False
CSCO,KDP,0.1281178316777392,Communication Equipment,Beverages - Non-Alcoholic,False
AZN,ODFL,0.12790590249210781,Drug Manufacturers - General,Trucking,False
FANG,XEL,0.12787602928156333,Oil & Gas E&P,Utilities - Regulated Electric,False
PDD,REGN,0.12785591364354978,Internet Retail,Biotechnology,False
MNST,ZS,0.12772018615851408,Beverages - Non-Alcoholic,Software - Infrastructure,False
ADBE,AZN,0.12763099049611665,Software - Application,Drug Manufacturers - General,False
ISRG,REGN,0.12755917258187524,Medical Instruments & Supplies,Biotechnology,False
CCEP,QCOM,0.12755325506054496,Beverages - Non-Alcoholic,Semiconductors,False
CMCSA,EXC,0.12741813811215905,Telecom Services,Utilities - Regulated Electric,False
ADSK,REGN,0.12710207216945726,Software - Application,Biotechnology,False
MNST,WBD,0.12690715374598927,Beverages - Non-Alcoholic,Entertainment,False
DXCM,VRSK,0.12686956339263344,Medical Devices,Consulting Services,False
MNST,MSFT,0.12666143809392436,Beverages - Non-Alcoholic,Software - Infrastructure,False
CTSH,EA,0.12644393604427398,Information Technology Services,Electronic Gaming & Multimedia,False
KDP,ODFL,0.12635636918078627,Beverages - Non-Alcoholic,Trucking,False
ADBE,TMUS,0.12595141547091948,Software - Application,Telecom Services,False
ADBE,CEG,0.12594151567891246,Software - Application,Utilities - Independent Power Producers,False
CCEP,CSX,0.12587609354857593,Beverages - Non-Alcoholic,Railroads,False
CMCSA,EA,0.12582411999607285,Telecom Services,Electronic Gaming & Multimedia,False
CSX,EA,0.1257131010461379,Railroads,Electronic Gaming & Multimedia,False
ADI,EA,0.12568808608614762,Semiconductors,Electronic Gaming & Multimedia,False
AXON,COST,0.12567387404088953,Aerospace & Defense,Discount Stores,False
CPRT,GILD,0.1254185475996658,Specialty Business Services,Drug Manufacturers - General,False
ADBE,XEL,0.1253412603252051,Software - Application,Utilities - Regulated Electric,False
AMZN,REGN,0.12477598388362329,Internet Retail,Biotechnology,False
PEP,WBD,0.12456000360132019,Beverages - Non-Alcoholic,Entertainment,False
CHTR,EXC,0.12454335966271812,Telecom Services,Utilities - Regulated Electric,False
BIIB,EA,0.1243344923086372,Drug Manufacturers - General,Electronic Gaming & Multimedia,False
KHC,WDAY,0.12429302569150918,Packaged Foods,Software - Application,False
BKR,KHC,0.12411001007883338,Oil & Gas Equipment & Services,Packaged Foods,False
IDXX,VRSK,0.1236190279913237,Diagnostics & Research,Consulting Services,False
BKR,MNST,0.12361319173552186,Oil & Gas Equipment & Services,Beverages - Non-Alcoholic,False
DXCM,TTWO,0.12358745349884293,Medical Devices,Electronic Gaming & Multimedia,False
BKR,KDP,0.12356047296429415,Oil & Gas Equipment & Services,Beverages - Non-Alcoholic,False
AZN,CEG,0.12339011180956141,Drug Manufacturers - General,Utilities - Independent Power Producers,False
ASML,VRTX,0.12286392470071283,Semiconductor Equipment & Materials,Biotechnology,False
INTC,VRTX,0.12252275418907448,Semiconductors,Biotechnology,False
PDD,WBD,0.12251761909783812,Internet Retail,Entertainment,False
AZN,PYPL,0.12240423240594107,Drug Manufacturers - General,Credit Services,False
EA,GILD,0.12227235884053039,Electronic Gaming & Multimedia,Drug Manufacturers - General,False
CHTR,MELI,0.1221866295329529,Telecom Services,Internet Retail,False
LULU,TTWO,0.12211730067165673,Apparel Retail,Electronic Gaming & Multimedia,False
CRWD,PAYX,0.12192280803718741,Software - Infrastructure,Software - Application,False
AMAT,MNST,0.12186843048658001,Semiconductor Equipment & Materials,Beverages - Non-Alcoholic,False
VRSK,ZS,0.12182462147911909,Consulting Services,Software - Infrastructure,False
BKR,EA,0.12170526741910843,Oil & Gas Equipment & Services,Electronic Gaming & Multimedia,False
MSFT,VRTX,0.1217033053311409,Software - Infrastructure,Biotechnology,False
MCHP,MNST,0.12128613903008682,Semiconductors,Beverages - Non-Alcoholic,False
CSX,EXC,0.12111696242802783,Railroads,Utilities - Regulated Electric,False
CCEP,CSCO,0.12110734786333797,Beverages - Non-Alcoholic,Communication Equipment,False
IDXX,PEP,0.12079396600535074,Diagnostics & Research,Beverages - Non-Alcoholic,False
IDXX,TMUS,0.12078104394939677,Diagnostics & Research,Telecom Services,False
AMGN,INTU,0.12067039237742715,Drug Manufacturers - General,Software - Application,False
COST,NVDA,0.12056525861229923,Discount Stores,Semiconductors,False
ASML,GILD,0.12037913562897357,Semiconductor Equipment & Materials,Drug Manufacturers - General,False
NVDA,REGN,0.12010084103514584,Semiconductors,Biotechnology,False
CMCSA,MDB,0.1199325309925607,Telecom Services,Software - Infrastructure,False
BKR,GILD,0.11991208254771811,Oil & Gas Equipment & Services,Drug Manufacturers - General,False
LULU,VRSK,0.11984984620276937,Apparel Retail,Consulting Services,False
BKR,VRTX,0.11976602294692437,Oil & Gas Equipment & Services,Biotechnology,False
AZN,WBD,0.11959643682918038,Drug Manufacturers - General,Entertainment,False
GFS,PEP,0.11959442824620387,Semiconductors,Beverages - Non-Alcoholic,False
FTNT,VRSK,0.11941211300619754,Software - Infrastructure,Consulting Services,False
EXC,VRTX,0.1193940749184897,Utilities - Regulated Electric,Biotechnology,False
GOOGL,VRTX,0.11935037220914375,Internet Content & Information,Biotechnology,False
CHTR,DDOG,0.11931656168851217,Telecom Services,Software - Application,False
CPRT,EXC,0.1191776325707512,Specialty Business Services,Utilities - Regulated Electric,False
AMD,VRTX,0.11903700751504978,Semiconductors,Biotechnology,False
ADI,TMUS,0.1186454923803779,Semiconductors,Telecom Services,False
ASML,MNST,0.11854577585440454,Semiconductor Equipment & Materials,Beverages - Non-Alcoholic,False
ARM,MNST,0.11850073264762731,Semiconductors,Beverages - Non-Alcoholic,False
PAYX,PLTR,0.11848872467521882,Software - Application,Software - Infrastructure,False
COST,MU,0.11835827662775425,Discount Stores,Semiconductors,False
NFLX,XEL,0.117756184202138,Entertainment,Utilities - Regulated Electric,False
AAPL,XEL,0.11775600587886084,Consumer Electronics,Utilities - Regulated Electric,False
GFS,XEL,0.1172729388154629,Semiconductors,Utilities - Regulated Electric,False
BKR,VRSK,0.11688228387290236,Oil & Gas Equipment & Services,Consulting Services,False
CHTR,GOOGL,0.1167440584361024,Telecom Services,Internet Content & Information,False
AZN,MRVL,0.11632871089287854,Drug Manufacturers - General,Semiconductors,False
FTNT,MNST,0.11632748890976242,Software - Infrastructure,Beverages - Non-Alcoholic,False
CDW,KDP,0.11587770454640242,Information Technology Services,Beverages - Non-Alcoholic,False
BIIB,ZS,0.11572966843823122,Drug Manufacturers - General,Software - Infrastructure,False
CCEP,TTWO,0.11566199767087097,Beverages - Non-Alcoholic,Electronic Gaming & Multimedia,False
PAYX,TTWO,0.11562629425450978,Software - Application,Electronic Gaming & Multimedia,False
AZN,TTD,0.11531110663167976,Drug Manufacturers - General,Advertising Agencies,False
ADSK,PEP,0.11509431716103745,Software - Application,Beverages - Non-Alcoholic,False
TMUS,TTWO,0.11493623227528343,Telecom Services,Electronic Gaming & Multimedia,False
PLTR,VRTX,0.11422716928635683,Software - Infrastructure,Biotechnology,False
EA,GEHC,0.11413586380958463,Electronic Gaming & Multimedia,Medical Devices,False
CSCO,PEP,0.11407159190228451,Communication Equipment,Beverages - Non-Alcoholic,False
MSTR,VRTX,0.11406116610200974,Software - Application,Biotechnology,False
CMCSA,NVDA,0.11389412465595747,Telecom Services,Semiconductors,False
ADBE,EA,0.11381481517132921,Software - Application,Electronic Gaming & Multimedia,False
EA,MSFT,0.11292262322188881,Electronic Gaming & Multimedia,Software - Infrastructure,False
KLAC,MNST,0.1129059895626296,Semiconductor Equipment & Materials,Beverages - Non-Alcoholic,False
TSLA,XEL,0.11285779195375625,Auto Manufacturers,Utilities - Regulated Electric,False
BKNG,XEL,0.11283611295034393,Travel Services,Utilities - Regulated Electric,False
AEP,CMCSA,0.1128353888769098,Utilities - Regulated Electric,Telecom Services,False
EA,NXPI,0.11276408453193563,Electronic Gaming & Multimedia,Semiconductors,False
GILD,MU,0.11251995851323832,Drug Manufacturers - General,Semiconductors,False
IDXX,KHC,0.11236289048556233,Diagnostics & Research,Packaged Foods,False
FANG,PEP,0.11234116659397009,Oil & Gas E&P,Beverages - Non-Alcoholic,False
IDXX,ON,0.11227167982459368,Diagnostics & Research,Semiconductors,False
GILD,TEAM,0.11227062862600527,Drug Manufacturers - General,Software - Application,False
NFLX,VRTX,0.1118050688577406,Entertainment,Biotechnology,False
KDP,LULU,0.11168924978629162,Beverages - Non-Alcoholic,Apparel Retail,False
ADSK,MDLZ,0.11102562719637517,Software - Application,Confectioners,False
MDB,VRTX,0.11100663960944968,Software - Infrastructure,Biotechnology,False
COST,LULU,0.11094617667036527,Discount Stores,Apparel Retail,False
AXON,PDD,0.11082165189272483,Aerospace & Defense,Internet Retail,False
CCEP,IDXX,0.11081171397868661,Beverages - Non-Alcoholic,Diagnostics & Research,False
CSX,NFLX,0.11079075559122299,Railroads,Entertainment,False
KDP,REGN,0.11068977848596692,Beverages - Non-Alcoholic,Biotechnology,False
NXPI,VRSK,0.11067147125836785,Semiconductors,Consulting Services,False
AMGN,BKNG,0.11060644279937755,Drug Manufacturers - General,Travel Services,False
AMD,BIIB,0.11047660819128828,Semiconductors,Drug Manufacturers - General,False
AXON,CHTR,0.11044146216613229,Aerospace & Defense,Telecom Services,False
TTD,VRTX,0.10981844544043246,Advertising Agencies,Biotechnology,False
ADSK,AZN,0.10958342681871637,Software - Application,Drug Manufacturers - General,False
ODFL,XEL,0.10956599350831794,Trucking,Utilities - Regulated Electric,False
AXON,LULU,0.10946287826539121,Aerospace & Defense,Apparel Retail,False
MSFT,TMUS,0.109404013998307,Software - Infrastructure,Telecom Services,False
INTU,TMUS,0.10914605837229918,Software - Application,Telecom Services,False
BIIB,MSTR,0.10910168523220776,Drug Manufacturers - General,Software - Application,False
AMZN,VRTX,0.10905673195480863,Internet Retail,Biotechnology,False
AMD,AMGN,0.10850587367608056,Semiconductors,Drug Manufacturers - General,False
AAPL,EA,0.10803906254352601,Consumer Electronics,Electronic Gaming & Multimedia,False
AZN,ON,0.10791064767720102,Drug Manufacturers - General,Semiconductors,False
TEAM,VRSK,0.10771383839203842,Software - Application,Consulting Services,False
ROST,TMUS,0.10744197163294418,Apparel Retail,Telecom Services,False
GOOGL,PAYX,0.10743824686961079,Internet Content & Information,Software - Application,False
PEP,QCOM,0.10740296873734775,Beverages - Non-Alcoholic,Semiconductors,False
CHTR,MDB,0.10738090916436613,Telecom Services,Software - Infrastructure,False
ADBE,VRTX,0.10715893944518455,Software - Application,Biotechnology,False
EA,PANW,0.10705566475769858,Electronic Gaming & Multimedia,Software - Infrastructure,False
IDXX,MDLZ,0.1069146305225074,Diagnostics & Research,Confectioners,False
ORLY,WBD,0.10678558392599224,Auto Parts,Entertainment,False
ISRG,TMUS,0.1066227086874928,Medical Instruments & Supplies,Telecom Services,False
INTU,PDD,0.10639706859459655,Software - Application,Internet Retail,False
APP,MNST,0.10596265977017699,Advertising Agencies,Beverages - Non-Alcoholic,False
ADP,CEG,0.10594778431405893,Software - Application,Utilities - Independent Power Producers,False
CCEP,FANG,0.10586687103499212,Beverages - Non-Alcoholic,Oil & Gas E&P,False
ADI,XEL,0.10569786875955187,Semiconductors,Utilities - Regulated Electric,False
MELI,VRSK,0.10563333317115738,Internet Retail,Consulting Services,False
ROST,XEL,0.10530601866621755,Apparel Retail,Utilities - Regulated Electric,False
CSGP,EXC,0.1051348959318537,Real Estate Services,Utilities - Regulated Electric,False
AZN,NVDA,0.10492080791701278,Drug Manufacturers - General,Semiconductors,False
CCEP,WBD,0.10489557343541304,Beverages - Non-Alcoholic,Entertainment,False
BIIB,MRVL,0.1048206755162322,Drug Manufacturers - General,Semiconductors,False
CCEP,PCAR,0.10479500128230575,Beverages - Non-Alcoholic,Farm & Heavy Construction Machinery,False
CCEP,DASH,0.10473335752298424,Beverages - Non-Alcoholic,Internet Retail,False
TTWO,XEL,0.10469845902779236,Electronic Gaming & Multimedia,Utilities - Regulated Electric,False
DASH,XEL,0.10469525019361046,Internet Retail,Utilities - Regulated Electric,False
MDLZ,TXN,0.10453256651314527,Confectioners,Semiconductors,False
META,VRTX,0.10444186189558671,Internet Content & Information,Biotechnology,False
ARM,GILD,0.1043068167793906,Semiconductors,Drug Manufacturers - General,False
REGN,VRSK,0.10427408731208121,Biotechnology,Consulting Services,False
AEP,CHTR,0.10407848554610585,Utilities - Regulated Electric,Telecom Services,False
ORLY,PCAR,0.10391977878230296,Auto Parts,Farm & Heavy Construction Machinery,False
CCEP,TEAM,0.10350309338637761,Beverages - Non-Alcoholic,Software - Application,False
KDP,PDD,0.1033600350566445,Beverages - Non-Alcoholic,Internet Retail,False
ON,PEP,0.10307879458727097,Semiconductors,Beverages - Non-Alcoholic,False
ASML,PAYX,0.10302941118126448,Semiconductor Equipment & Materials,Software - Application,False
BIIB,EXC,0.10297410601207986,Drug Manufacturers - General,Utilities - Regulated Electric,False
AZN,FANG,0.10285917807181032,Drug Manufacturers - General,Oil & Gas E&P,False
GOOGL,MNST,0.10265186091087244,Internet Content & Information,Beverages - Non-Alcoholic,False
CDW,XEL,0.10259144867262295,Information Technology Services,Utilities - Regulated Electric,False
AMZN,MNST,0.10257851717635354,Internet Retail,Beverages - Non-Alcoholic,False
EA,SBUX,0.10213354370214779,Electronic Gaming & Multimedia,Restaurants,False
CSGP,MDLZ,0.10165507098458311,Real Estate Services,Confectioners,False
KHC,VRTX,0.10153644164550579,Packaged Foods,Biotechnology,False
APP,EA,0.1014618994407675,Advertising Agencies,Electronic Gaming & Multimedia,False
FANG,KHC,0.10141298672288157,Oil & Gas E&P,Packaged Foods,False
AMGN,TSLA,0.10107095251919555,Drug Manufacturers - General,Auto Manufacturers,False
DDOG,FAST,0.10103741719441957,Software - Application,Industrial Distribution,False
GOOGL,REGN,0.1008545913356069,Internet Content & Information,Biotechnology,False
CPRT,VRTX,0.10081610157407807,Specialty Business Services,Biotechnology,False
TMUS,TXN,0.10081166228872798,Telecom Services,Semiconductors,False
FANG,VRTX,0.10064062893165716,Oil & Gas E&P,Biotechnology,False
CSCO,ORLY,0.10054294594416599,Communication Equipment,Auto Parts,False
ADI,MDLZ,0.10040191024832784,Semiconductors,Confectioners,False
MSFT,REGN,0.10028729111340201,Software - Infrastructure,Biotechnology,False
EA,QCOM,0.10019256429290381,Electronic Gaming & Multimedia,Semiconductors,False
CPRT,REGN,0.09961287185073532,Specialty Business Services,Biotechnology,False
TXN,XEL,0.09954079530060879,Semiconductors,Utilities - Regulated Electric,False
INTU,KHC,0.09922511984001081,Software - Application,Packaged Foods,False
CDW,MDLZ,0.09894376896885589,Information Technology Services,Confectioners,False
EA,FTNT,0.09872629766577261,Electronic Gaming & Multimedia,Software - Infrastructure,False
IDXX,KDP,0.09851910162263332,Diagnostics & Research,Beverages - Non-Alcoholic,False
ADP,AVGO,0.09842135840963329,Software - Application,Semiconductors,False
AVGO,EA,0.09839815567803151,Semiconductors,Electronic Gaming & Multimedia,False
CCEP,INTC,0.09813466228663623,Beverages - Non-Alcoholic,Semiconductors,False
GFS,VRSK,0.09803139277319044,Semiconductors,Consulting Services,False
MNST,PLTR,0.09756294555770745,Beverages - Non-Alcoholic,Software - Infrastructure,False
COST,EA,0.0973606185085318,Discount Stores,Electronic Gaming & Multimedia,False
BIIB,DXCM,0.09711122583166926,Drug Manufacturers - General,Medical Devices,False
AMGN,ZS,0.09682199277701341,Drug Manufacturers - General,Software - Infrastructure,False
NFLX,ORLY,0.09656402361998641,Entertainment,Auto Parts,False
AZN,TTWO,0.09655803603515253,Drug Manufacturers - General,Electronic Gaming & Multimedia,False
ISRG,KDP,0.09581333042560194,Medical Instruments & Supplies,Beverages - Non-Alcoholic,False
INTU,KDP,0.09530675729402821,Software - Application,Beverages - Non-Alcoholic,False
FAST,MDB,0.09505317804648553,Industrial Distribution,Software - Infrastructure,False
KDP,MAR,0.09504264815254235,Beverages - Non-Alcoholic,Lodging,False
DXCM,VRTX,0.09502469608683305,Medical Devices,Biotechnology,False
SNPS,VRSK,0.09489689311269515,Software - Infrastructure,Consulting Services,False
EA,ON,0.09471156727752275,Electronic Gaming & Multimedia,Semiconductors,False
BIIB,FTNT,0.0945705961123347,Drug Manufacturers - General,Software - Infrastructure,False
IDXX,PDD,0.09432786290844188,Diagnostics & Research,Internet Retail,False
WDAY,XEL,0.09369692403595256,Software - Application,Utilities - Regulated Electric,False
FANG,GILD,0.09335597351022713,Oil & Gas E&P,Drug Manufacturers - General,False
PAYX,PDD,0.09328741794003276,Software - Application,Internet Retail,False
EA,NFLX,0.09299445681187586,Electronic Gaming & Multimedia,Entertainment,False
ISRG,ORLY,0.09272250378249,Medical Instruments & Supplies,Auto Parts,False
GILD,WBD,0.09245780725033124,Drug Manufacturers - General,Entertainment,False
DXCM,EA,0.09240261124159495,Medical Devices,Electronic Gaming & Multimedia,False
CCEP,CDNS,0.09190426297012623,Beverages - Non-Alcoholic,Software - Application,False
INTC,VRSK,0.0917014387079599,Semiconductors,Consulting Services,False
CCEP,TXN,0.09137999371403993,Beverages - Non-Alcoholic,Semiconductors,False
GILD,NFLX,0.09137934201531998,Drug Manufacturers - General,Entertainment,False
EA,TSLA,0.09136968481529006,Electronic Gaming & Multimedia,Auto Manufacturers,False
CRWD,EA,0.09127152413704734,Software - Infrastructure,Electronic Gaming & Multimedia,False
CMCSA,DDOG,0.09127104660497286,Telecom Services,Software - Application,False
BIIB,TTWO,0.0911451442621655,Drug Manufacturers - General,Electronic Gaming & Multimedia,False
COST,PCAR,0.09110047583148699,Discount Stores,Farm & Heavy Construction Machinery,False
ADP,PDD,0.09108582124669384,Software - Application,Internet Retail,False
EA,VRTX,0.09103342330129625,Electronic Gaming & Multimedia,Biotechnology,False
MDLZ,ROST,0.09093795638944698,Confectioners,Apparel Retail,False
DDOG,PCAR,0.09091370088320987,Software - Application,Farm & Heavy Construction Machinery,False
AMGN,MRVL,0.09083066888166923,Drug Manufacturers - General,Semiconductors,False
INTU,ORLY,0.0907878160522091,Software - Application,Auto Parts,False
AEP,CSX,0.09078060850892945,Utilities - Regulated Electric,Railroads,False
AMD,AZN,0.09057110540828554,Semiconductors,Drug Manufacturers - General,False
CCEP,NXPI,0.09028361585600307,Beverages - Non-Alcoholic,Semiconductors,False
DASH,ORLY,0.09013582881440475,Internet Retail,Auto Parts,False
MELI,XEL,0.09003759426751119,Internet Retail,Utilities - Regulated Electric,False
KHC,MELI,0.0899827946378495,Packaged Foods,Internet Retail,False
MRVL,REGN,0.08980633525971472,Semiconductors,Biotechnology,False
PANW,XEL,0.08964885635516708,Software - Infrastructure,Utilities - Regulated Electric,False
FTNT,REGN,0.08940748372253898,Software - Infrastructure,Biotechnology,False
MDLZ,QCOM,0.08923853982461716,Confectioners,Semiconductors,False
ISRG,XEL,0.08904784222141737,Medical Instruments & Supplies,Utilities - Regulated Electric,False
BIIB,DDOG,0.08880824597111184,Drug Manufacturers - General,Software - Application,False
AMD,REGN,0.08875376236413618,Semiconductors,Biotechnology,False
CMCSA,GOOGL,0.08852734783664387,Telecom Services,Internet Content & Information,False
AVGO,CHTR,0.08810794909011667,Semiconductors,Telecom Services,False
TTWO,VRTX,0.08808367594086565,Electronic Gaming & Multimedia,Biotechnology,False
CEG,PDD,0.08741774600626898,Utilities - Independent Power Producers,Internet Retail,False
ABNB,PEP,0.08693802170785285,Travel Services,Beverages - Non-Alcoholic,False
MDLZ,PDD,0.08691055083594763,Confectioners,Internet Retail,False
MCHP,VRSK,0.08667820996555942,Semiconductors,Consulting Services,False
ORLY,WDAY,0.08654303275099037,Auto Parts,Software - Application,False
REGN,WDAY,0.08643479345717596,Biotechnology,Software - Application,False
META,MNST,0.08626086790167664,Internet Content & Information,Beverages - Non-Alcoholic,False
LULU,MDLZ,0.08624264226391426,Apparel Retail,Confectioners,False
ABNB,XEL,0.08609723445417353,Travel Services,Utilities - Regulated Electric,False
INTU,REGN,0.08599851759560087,Software - Application,Biotechnology,False
MU,VRTX,0.08590427504078219,Semiconductors,Biotechnology,False
ADBE,REGN,0.08553639390418705,Software - Application,Biotechnology,False
DXCM,TMUS,0.08542694188744383,Medical Devices,Telecom Services,False
AMGN,AMZN,0.08540994578685175,Drug Manufacturers - General,Internet Retail,False
CSCO,MDLZ,0.08531043097912021,Communication Equipment,Confectioners,False
CDNS,MNST,0.0851823945375543,Software - Application,Beverages - Non-Alcoholic,False
COST,INTC,0.08518003980219165,Discount Stores,Semiconductors,False
MCHP,PEP,0.08472139407559381,Semiconductors,Beverages - Non-Alcoholic,False
PDD,XEL,0.08466520228621494,Internet Retail,Utilities - Regulated Electric,False
FANG,KDP,0.08464651961436685,Oil & Gas E&P,Beverages - Non-Alcoholic,False
BIIB,MSFT,0.08459309238605528,Drug Manufacturers - General,Software - Infrastructure,False
DXCM,KHC,0.08453655458045592,Medical Devices,Packaged Foods,False
CCEP,FTNT,0.08451752857908626,Beverages - Non-Alcoholic,Software - Infrastructure,False
EA,MSTR,0.08446765535548356,Electronic Gaming & Multimedia,Software - Application,False
DXCM,REGN,0.0844210257864971,Medical Devices,Biotechnology,False
AMZN,GILD,0.0841405197242089,Internet Retail,Drug Manufacturers - General,False
MDLZ,NXPI,0.08412934243772054,Confectioners,Semiconductors,False
MDLZ,ON,0.08412140831180981,Confectioners,Semiconductors,False
GFS,MDLZ,0.08400095475653983,Semiconductors,Confectioners,False
APP,TMUS,0.08378418074694689,Advertising Agencies,Telecom Services,False
AVGO,COST,0.08372572080876427,Semiconductors,Discount Stores,False
FTNT,ORLY,0.0834415931640451,Software - Infrastructure,Auto Parts,False
INTC,TTD,0.08327988560786155,Semiconductors,Advertising Agencies,False
AXON,IDXX,0.08321808740049956,Aerospace & Defense,Diagnostics & Research,False
ABNB,EA,0.08317390955099906,Travel Services,Electronic Gaming & Multimedia,False
EA,NVDA,0.0828571642418386,Electronic Gaming & Multimedia,Semiconductors,False
MNST,ON,0.08280027622656957,Beverages - Non-Alcoholic,Semiconductors,False
AZN,CRWD,0.08272808328498585,Drug Manufacturers - General,Software - Infrastructure,False
MNST,SNPS,0.08249669285062344,Beverages - Non-Alcoholic,Software - Infrastructure,False
COST,PDD,0.08242101428487186,Discount Stores,Internet Retail,False
CDW,TMUS,0.08232150936654672,Information Technology Services,Telecom Services,False
MSFT,XEL,0.08207403141633068,Software - Infrastructure,Utilities - Regulated Electric,False
GILD,PANW,0.08190468835486263,Drug Manufacturers - General,Software - Infrastructure,False
PDD,VRTX,0.08184492623905822,Internet Retail,Biotechnology,False
ORLY,REGN,0.08167513736924839,Auto Parts,Biotechnology,False
AMD,GILD,0.08137819219475374,Semiconductors,Drug Manufacturers - General,False
QCOM,XEL,0.08127007279130148,Semiconductors,Utilities - Regulated Electric,False
MAR,MDLZ,0.0812161729921434,Lodging,Confectioners,False
EXC,GEHC,0.08105166775970198,Utilities - Regulated Electric,Medical Devices,False
EA,MCHP,0.0806533759218851,Electronic Gaming & Multimedia,Semiconductors,False
NFLX,ODFL,0.08025829532256241,Entertainment,Trucking,False
ORLY,PANW,0.08011854887565859,Auto Parts,Software - Infrastructure,False
DXCM,XEL,0.08001690091225395,Medical Devices,Utilities - Regulated Electric,False
APP,CCEP,0.07993549501731217,Advertising Agencies,Beverages - Non-Alcoholic,False
PANW,TMUS,0.0795644179798975,Software - Infrastructure,Telecom Services,False
INTU,XEL,0.07945189834816935,Software - Application,Utilities - Regulated Electric,False
AVGO,AZN,0.0794401427741142,Semiconductors,Drug Manufacturers - General,False
KHC,PDD,0.07902538261988563,Packaged Foods,Internet Retail,False
KHC,SNPS,0.0787235217178392,Packaged Foods,Software - Infrastructure,False
BKR,ORLY,0.07869402007537236,Oil & Gas Equipment & Services,Auto Parts,False
AVGO,REGN,0.0782908623588198,Semiconductors,Biotechnology,False
EA,FANG,0.07801486355737447,Electronic Gaming & Multimedia,Oil & Gas E&P,False
KDP,TTWO,0.07786109955120551,Beverages - Non-Alcoholic,Electronic Gaming & Multimedia,False
FTNT,TMUS,0.07746851024482848,Software - Infrastructure,Telecom Services,False
EXC,REGN,0.07746286172682695,Utilities - Regulated Electric,Biotechnology,False
QCOM,TMUS,0.07737958836727003,Semiconductors,Telecom Services,False
ISRG,KHC,0.07721414559285006,Medical Instruments & Supplies,Packaged Foods,False
TMUS,WDAY,0.07709853351025665,Telecom Services,Software - Application,False
APP,VRTX,0.0770729701214502,Advertising Agencies,Biotechnology,False
AZN,LULU,0.07692049364547864,Drug Manufacturers - General,Apparel Retail,False
DXCM,GILD,0.07671197995426944,Medical Devices,Drug Manufacturers - General,False
GILD,ZS,0.07629949273391871,Drug Manufacturers - General,Software - Infrastructure,False
MNST,MSTR,0.07627530491357587,Beverages - Non-Alcoholic,Software - Application,False
MELI,VRTX,0.07509687956116545,Internet Retail,Biotechnology,False
QCOM,VRSK,0.07444514136331633,Semiconductors,Consulting Services,False
CMCSA,IDXX,0.07432097063039796,Telecom Services,Diagnostics & Research,False
REGN,SNPS,0.07426319483660353,Biotechnology,Software - Infrastructure,False
AMGN,MSTR,0.07412946896919302,Drug Manufacturers - General,Software - Application,False
GILD,GOOGL,0.0738677742816363,Drug Manufacturers - General,Internet Content & Information,False
GILD,SNPS,0.07369066526950452,Drug Manufacturers - General,Software - Infrastructure,False
KDP,SNPS,0.0733752835214999,Beverages - Non-Alcoholic,Software - Infrastructure,False
FTNT,XEL,0.07296795191578831,Software - Infrastructure,Utilities - Regulated Electric,False
CDW,VRSK,0.07279352336629534,Information Technology Services,Consulting Services,False
NVDA,VRTX,0.07196789835411727,Semiconductors,Biotechnology,False
AMGN,TEAM,0.07175947490967718,Drug Manufacturers - General,Software - Application,False
CCEP,CRWD,0.07172291220963081,Beverages - Non-Alcoholic,Software - Infrastructure,False
AZN,FTNT,0.07169614386294722,Drug Manufacturers - General,Software - Infrastructure,False
ORLY,SNPS,0.07119514081779689,Auto Parts,Software - Infrastructure,False
KDP,PANW,0.0706322406720058,Beverages - Non-Alcoholic,Software - Infrastructure,False
AZN,MDB,0.07060166221615682,Drug Manufacturers - General,Software - Infrastructure,False
GILD,LULU,0.07034851647915366,Drug Manufacturers - General,Apparel Retail,False
EA,MRVL,0.07022027835984385,Electronic Gaming & Multimedia,Semiconductors,False
GILD,MELI,0.07021418350653752,Drug Manufacturers - General,Internet Retail,False
CCEP,CDW,0.07021167161846996,Beverages - Non-Alcoholic,Information Technology Services,False
CMCSA,MELI,0.06996826806373914,Telecom Services,Internet Retail,False
CCEP,DXCM,0.06948120416026086,Beverages - Non-Alcoholic,Medical Devices,False
BKR,TMUS,0.06940918693655566,Oil & Gas Equipment & Services,Telecom Services,False
PEP,WDAY,0.0692234575339746,Beverages - Non-Alcoholic,Software - Application,False
AMGN,GOOGL,0.06892491094418056,Drug Manufacturers - General,Internet Content & Information,False
BIIB,TTD,0.06890130329778012,Drug Manufacturers - General,Advertising Agencies,False
KDP,MSTR,0.0685161606826574,Beverages - Non-Alcoholic,Software - Application,False
ABNB,KDP,0.06851442614758545,Travel Services,Beverages - Non-Alcoholic,False
AMZN,VRSK,0.06830251860172037,Internet Retail,Consulting Services,False
AVGO,FAST,0.06826836426421103,Semiconductors,Industrial Distribution,False
KHC,PANW,0.06787497887282352,Packaged Foods,Software - Infrastructure,False
AMGN,PDD,0.06722536451333125,Drug Manufacturers - General,Internet Retail,False
AVGO,PAYX,0.06711964219901459,Semiconductors,Software - Application,False
AMGN,MELI,0.06682443721750063,Drug Manufacturers - General,Internet Retail,False
AXON,CMCSA,0.06671450189410304,Aerospace & Defense,Telecom Services,False
META,TMUS,0.06587492278506961,Internet Content & Information,Telecom Services,False
GILD,TSLA,0.06544858022757172,Drug Manufacturers - General,Auto Manufacturers,False
EA,MDLZ,0.06537071000572472,Electronic Gaming & Multimedia,Confectioners,False
EA,MAR,0.0653589777759089,Electronic Gaming & Multimedia,Lodging,False
SNPS,TMUS,0.06511695118046971,Software - Infrastructure,Telecom Services,False
AZN,MSFT,0.06508075025175769,Drug Manufacturers - General,Software - Infrastructure,False
INTC,MDLZ,0.06491619621937761,Semiconductors,Confectioners,False
DDOG,VRSK,0.06490554511063797,Software - Application,Consulting Services,False
AVGO,VRTX,0.06436785481667746,Semiconductors,Biotechnology,False
DASH,GILD,0.06431785718718488,Internet Retail,Drug Manufacturers - General,False
ARM,KDP,0.06396139358128024,Semiconductors,Beverages - Non-Alcoholic,False
APP,VRSK,0.06384342729534888,Advertising Agencies,Consulting Services,False
MDLZ,TTWO,0.06378443860174006,Confectioners,Electronic Gaming & Multimedia,False
CEG,PAYX,0.06361486795873882,Utilities - Independent Power Producers,Software - Application,False
MNST,MRVL,0.06346214772892637,Beverages - Non-Alcoholic,Semiconductors,False
AXON,EA,0.0634230723606349,Aerospace & Defense,Electronic Gaming & Multimedia,False
CCEP,MCHP,0.06341381054554192,Beverages - Non-Alcoholic,Semiconductors,False
ASML,KHC,0.06305622228827308,Semiconductor Equipment & Materials,Packaged Foods,False
AMD,EA,0.06304794896354819,Semiconductors,Electronic Gaming & Multimedia,False
AMGN,TTWO,0.06290663182400044,Drug Manufacturers - General,Electronic Gaming & Multimedia,False
TTD,VRSK,0.06220230292863539,Advertising Agencies,Consulting Services,False
GILD,META,0.06208655896650566,Drug Manufacturers - General,Internet Content & Information,False
CCEP,ZS,0.06203557767483006,Beverages - Non-Alcoholic,Software - Infrastructure,False
AVGO,CMCSA,0.06183407735590533,Semiconductors,Telecom Services,False
KHC,TSLA,0.061658465652906794,Packaged Foods,Auto Manufacturers,False
CCEP,DDOG,0.061566990223377645,Beverages - Non-Alcoholic,Software - Application,False
BIIB,NVDA,0.0608364407044936,Drug Manufacturers - General,Semiconductors,False
ARM,XEL,0.060446854436667766,Semiconductors,Utilities - Regulated Electric,False
FANG,VRSK,0.06026922282598991,Oil & Gas E&P,Consulting Services,False
CDNS,KDP,0.06026441463237962,Software - Application,Beverages - Non-Alcoholic,False
MCHP,MDLZ,0.05987815287584725,Semiconductors,Confectioners,False
ORLY,TTWO,0.059819536317911565,Auto Parts,Electronic Gaming & Multimedia,False
EA,MELI,0.05970325887643646,Electronic Gaming & Multimedia,Internet Retail,False
AEP,CPRT,0.05870847183716359,Utilities - Regulated Electric,Specialty Business Services,False
DASH,KDP,0.05855094839297923,Internet Retail,Beverages - Non-Alcoholic,False
AEP,MAR,0.058277301480727774,Utilities - Regulated Electric,Lodging,False
DXCM,PEP,0.05821789637017762,Medical Devices,Beverages - Non-Alcoholic,False
DDOG,GILD,0.05793140191885624,Software - Application,Drug Manufacturers - General,False
EA,REGN,0.057803410510743315,Electronic Gaming & Multimedia,Biotechnology,False
REGN,TMUS,0.05744541709454089,Biotechnology,Telecom Services,False
TMUS,WBD,0.0573763836683014,Telecom Services,Entertainment,False
MNST,TEAM,0.057188327654100854,Beverages - Non-Alcoholic,Software - Application,False
LULU,ORLY,0.05715456595429121,Apparel Retail,Auto Parts,False
DASH,EA,0.056918724066818076,Internet Retail,Electronic Gaming & Multimedia,False
AMAT,KHC,0.05675284575743796,Semiconductor Equipment & Materials,Packaged Foods,False
CHTR,GILD,0.056201741139114046,Telecom Services,Drug Manufacturers - General,False
EXC,INTC,0.055607207628485436,Utilities - Regulated Electric,Semiconductors,False
ORLY,ZS,0.055353213201381625,Auto Parts,Software - Infrastructure,False
KDP,WBD,0.055271095547591985,Beverages - Non-Alcoholic,Entertainment,False
ORLY,PYPL,0.055267720176938956,Auto Parts,Credit Services,False
DASH,REGN,0.05496781497748226,Internet Retail,Biotechnology,False
MSFT,VRSK,0.054863020515160385,Software - Infrastructure,Consulting Services,False
AZN,MSTR,0.05484548004564004,Drug Manufacturers - General,Software - Application,False
AMGN,NFLX,0.05472248205580685,Drug Manufacturers - General,Entertainment,False
AEP,REGN,0.054700463413230316,Utilities - Regulated Electric,Biotechnology,False
CDNS,VRSK,0.05449239516180468,Software - Application,Consulting Services,False
AMD,XEL,0.05434196455642173,Semiconductors,Utilities - Regulated Electric,False
GILD,TTWO,0.05426362536285825,Drug Manufacturers - General,Electronic Gaming & Multimedia,False
KDP,LRCX,0.0542316282186924,Beverages - Non-Alcoholic,Semiconductor Equipment & Materials,False
AMGN,DDOG,0.05339758420337618,Drug Manufacturers - General,Software - Application,False
CCEP,TSLA,0.05266827224231738,Beverages - Non-Alcoholic,Auto Manufacturers,False
INTU,MDLZ,0.05264921804809645,Software - Application,Confectioners,False
AZN,DASH,0.0525638046369678,Drug Manufacturers - General,Internet Retail,False
FTNT,GILD,0.05215471209023086,Software - Infrastructure,Drug Manufacturers - General,False
KDP,TSLA,0.05125113987584429,Beverages - Non-Alcoholic,Auto Manufacturers,False
AMGN,PLTR,0.05003102351113509,Drug Manufacturers - General,Software - Infrastructure,False
KDP,MU,0.04998060105357204,Beverages - Non-Alcoholic,Semiconductors,False
EA,PLTR,0.04943893802445483,Electronic Gaming & Multimedia,Software - Infrastructure,False
EA,WBD,0.048740143712251875,Electronic Gaming & Multimedia,Entertainment,False
DDOG,EA,0.04853751138143203,Software - Application,Electronic Gaming & Multimedia,False
EXC,SBUX,0.047962651558439484,Utilities - Regulated Electric,Restaurants,False
CRWD,MNST,0.0478838628496755,Software - Infrastructure,Beverages - Non-Alcoholic,False
NVDA,PAYX,0.04737261045422627,Semiconductors,Software - Application,False
CCEP,ODFL,0.046632203894987574,Beverages - Non-Alcoholic,Trucking,False
ASML,KDP,0.0458544783910018,Semiconductor Equipment & Materials,Beverages - Non-Alcoholic,False
CHTR,IDXX,0.04524990695340173,Telecom Services,Diagnostics & Research,False
ISRG,PEP,0.045187158334123054,Medical Instruments & Supplies,Beverages - Non-Alcoholic,False
PDD,TMUS,0.044951952708433496,Internet Retail,Telecom Services,False
AMZN,AZN,0.044539380981850396,Internet Retail,Drug Manufacturers - General,False
CDNS,EA,0.04439798925140325,Software - Application,Electronic Gaming & Multimedia,False
CEG,CMCSA,0.0439338286951036,Utilities - Independent Power Producers,Telecom Services,False
CCEP,MU,0.04392609860914669,Beverages - Non-Alcoholic,Semiconductors,False
ABNB,ORLY,0.04374732099450491,Travel Services,Auto Parts,False
CCEP,ROST,0.04369602606350416,Beverages - Non-Alcoholic,Apparel Retail,False
PLTR,REGN,0.043620021922726016,Software - Infrastructure,Biotechnology,False
CEG,CHTR,0.04354134601716023,Utilities - Independent Power Producers,Telecom Services,False
FANG,TMUS,0.042883257272319605,Oil & Gas E&P,Telecom Services,False
AMGN,MSFT,0.04257738932468267,Drug Manufacturers - General,Software - Infrastructure,False
CDNS,REGN,0.042551684684901274,Software - Application,Biotechnology,False
CDNS,XEL,0.042549378108121934,Software - Application,Utilities - Regulated Electric,False
EA,ODFL,0.0424534197548365,Electronic Gaming & Multimedia,Trucking,False
DASH,VRSK,0.04229332610458738,Internet Retail,Consulting Services,False
APP,BIIB,0.04200216693549983,Advertising Agencies,Drug Manufacturers - General,False
CDNS,GILD,0.04184290762879761,Software - Application,Drug Manufacturers - General,False
CCEP,MSTR,0.04142949864308433,Beverages - Non-Alcoholic,Software - Application,False
KHC,LRCX,0.04103640785264897,Packaged Foods,Semiconductor Equipment & Materials,False
BIIB,TEAM,0.03983689775187722,Drug Manufacturers - General,Software - Application,False
AMGN,META,0.03971913627465775,Drug Manufacturers - General,Internet Content & Information,False
CCEP,MSFT,0.03970765195107054,Beverages - Non-Alcoholic,Software - Infrastructure,False
AMAT,KDP,0.03970571138152545,Semiconductor Equipment & Materials,Beverages - Non-Alcoholic,False
BIIB,MELI,0.039678405030052766,Drug Manufacturers - General,Internet Retail,False
ARM,VRSK,0.03923095695258061,Semiconductors,Consulting Services,False
AEP,NFLX,0.039116460443737795,Utilities - Regulated Electric,Entertainment,False
ABNB,MDLZ,0.038736982269012836,Travel Services,Confectioners,False
KHC,KLAC,0.038485680249554816,Packaged Foods,Semiconductor Equipment & Materials,False
DDOG,ORLY,0.038370800033261314,Software - Application,Auto Parts,False
AMGN,TTD,0.03803033314784933,Drug Manufacturers - General,Advertising Agencies,False
AMGN,NVDA,0.03789077916506503,Drug Manufacturers - General,Semiconductors,False
BKR,PEP,0.03741668479878925,Oil & Gas Equipment & Services,Beverages - Non-Alcoholic,False
GOOGL,KHC,0.03728297240053626,Internet Content & Information,Packaged Foods,False
NXPI,TMUS,0.03667749001111182,Semiconductors,Telecom Services,False
AMAT,XEL,0.03662263351021738,Semiconductor Equipment & Materials,Utilities - Regulated Electric,False
FANG,ORLY,0.03644717957347269,Oil & Gas E&P,Auto Parts,False
AXON,CCEP,0.036169524683520485,Aerospace & Defense,Beverages - Non-Alcoholic,False
MCHP,XEL,0.03554510111703703,Semiconductors,Utilities - Regulated Electric,False
AMGN,DASH,0.035366490246976766,Drug Manufacturers - General,Internet Retail,False
BIIB,PLTR,0.03499159963434512,Drug Manufacturers - General,Software - Infrastructure,False
APP,XEL,0.03486749010161797,Advertising Agencies,Utilities - Regulated Electric,False
TEAM,TMUS,0.0348173627696018,Software - Application,Telecom Services,False
MNST,NVDA,0.03450192442103827,Beverages - Non-Alcoholic,Semiconductors,False
AVGO,BIIB,0.03437045264770704,Semiconductors,Drug Manufacturers - General,False
CEG,FAST,0.034353398336212496,Utilities - Independent Power Producers,Industrial Distribution,False
CCEP,PLTR,0.03404716750524291,Beverages - Non-Alcoholic,Software - Infrastructure,False
AAPL,AEP,0.03385504851550943,Consumer Electronics,Utilities - Regulated Electric,False
TMUS,ZS,0.033834632664527915,Telecom Services,Software - Infrastructure,False
EXC,TTWO,0.03369440918825437,Utilities - Regulated Electric,Electronic Gaming & Multimedia,False
EXC,MAR,0.033155939993317465,Utilities - Regulated Electric,Lodging,False
GILD,MRVL,0.03300868471389803,Drug Manufacturers - General,Semiconductors,False
MDLZ,PANW,0.032672415610423146,Confectioners,Software - Infrastructure,False
AEP,SBUX,0.03263892278141611,Utilities - Regulated Electric,Restaurants,False
AMD,KDP,0.03245545897060292,Semiconductors,Beverages - Non-Alcoholic,False
ARM,KHC,0.032250188068538,Semiconductors,Packaged Foods,False
CCEP,VRTX,0.03221555971188308,Beverages - Non-Alcoholic,Biotechnology,False
AEP,CSCO,0.03215685416585796,Utilities - Regulated Electric,Communication Equipment,False
ARM,TMUS,0.03210611108778153,Semiconductors,Telecom Services,False
AEP,BKNG,0.032032483031283594,Utilities - Regulated Electric,Travel Services,False
ISRG,MDLZ,0.031570157889186136,Medical Instruments & Supplies,Confectioners,False
KDP,KLAC,0.03155804323690388,Beverages - Non-Alcoholic,Semiconductor Equipment & Materials,False
EA,TTD,0.03137155005982481,Electronic Gaming & Multimedia,Advertising Agencies,False
TSLA,VRSK,0.03129279261258594,Auto Manufacturers,Consulting Services,False
SNPS,XEL,0.031280975637103,Software - Infrastructure,Utilities - Regulated Electric,False
AVGO,GILD,0.031102642108388406,Semiconductors,Drug Manufacturers - General,False
CTSH,EXC,0.03098688797076548,Information Technology Services,Utilities - Regulated Electric,False
AEP,FANG,0.030632068385640462,Utilities - Regulated Electric,Oil & Gas E&P,False
AZN,NFLX,0.030585098469727075,Drug Manufacturers - General,Entertainment,False
BIIB,DASH,0.030479467347106364,Drug Manufacturers - General,Internet Retail,False
BKR,MDLZ,0.03023509595752631,Oil & Gas Equipment & Services,Confectioners,False
AMGN,AVGO,0.030073912776334373,Drug Manufacturers - General,Semiconductors,False
CDNS,ORLY,0.029957689323961798,Software - Application,Auto Parts,False
AEP,CSGP,0.029615930599552413,Utilities - Regulated Electric,Real Estate Services,False
KDP,TEAM,0.029531684052270187,Beverages - Non-Alcoholic,Software - Application,False
CDNS,TMUS,0.029390761289609667,Software - Application,Telecom Services,False
EA,TEAM,0.029105849967096396,Electronic Gaming & Multimedia,Software - Application,False
REGN,TEAM,0.029104196259260147,Biotechnology,Software - Application,False
CDNS,KHC,0.028364757923198085,Software - Application,Packaged Foods,False
ORLY,TXN,0.028349344760886557,Auto Parts,Semiconductors,False
AEP,GEHC,0.02787313678452493,Utilities - Regulated Electric,Medical Devices,False
AEP,TTWO,0.02756594470522322,Utilities - Regulated Electric,Electronic Gaming & Multimedia,False
GOOGL,KDP,0.027519061440521922,Internet Content & Information,Beverages - Non-Alcoholic,False
MCHP,TMUS,0.026947250852532616,Semiconductors,Telecom Services,False
MDLZ,MELI,0.026917046611531062,Confectioners,Internet Retail,False
LULU,TMUS,0.026732639072133836,Apparel Retail,Telecom Services,False
AZN,META,0.02643072661008258,Drug Manufacturers - General,Internet Content & Information,False
AEP,INTC,0.02579671911372784,Utilities - Regulated Electric,Semiconductors,False
CCEP,LRCX,0.025755002612584735,Beverages - Non-Alcoholic,Semiconductor Equipment & Materials,False
CSCO,EXC,0.02534162198334667,Communication Equipment,Utilities - Regulated Electric,False
AMGN,CRWD,0.02532953112112697,Drug Manufacturers - General,Software - Infrastructure,False
AZN,TEAM,0.025221975954882465,Drug Manufacturers - General,Software - Application,False
GILD,PDD,0.025221251620539356,Drug Manufacturers - General,Internet Retail,False
KDP,MDB,0.0247922118669574,Beverages - Non-Alcoholic,Software - Infrastructure,False
AMAT,PEP,0.024163213079464316,Semiconductor Equipment & Materials,Beverages - Non-Alcoholic,False
PEP,SNPS,0.0240235724036355,Beverages - Non-Alcoholic,Software - Infrastructure,False
BIIB,MDB,0.023835339453766775,Drug Manufacturers - General,Software - Infrastructure,False
ARM,CCEP,0.023816438017643913,Semiconductors,Beverages - Non-Alcoholic,False
ON,VRSK,0.02376867655948587,Semiconductors,Consulting Services,False
ORLY,TEAM,0.022427446063120988,Auto Parts,Software - Application,False
PDD,PEP,0.0223775965438655,Internet Retail,Beverages - Non-Alcoholic,False
LRCX,XEL,0.022151228794843488,Semiconductor Equipment & Materials,Utilities - Regulated Electric,False
DDOG,REGN,0.022059404226767297,Software - Application,Biotechnology,False
KLAC,XEL,0.02167815185798491,Semiconductor Equipment & Materials,Utilities - Regulated Electric,False
KDP,WDAY,0.021636356922707444,Beverages - Non-Alcoholic,Software - Application,False
BKNG,EA,0.02150185189850224,Travel Services,Electronic Gaming & Multimedia,False
DDOG,MNST,0.021444499803802516,Software - Application,Beverages - Non-Alcoholic,False
AEP,DASH,0.021365462523260513,Utilities - Regulated Electric,Internet Retail,False
PDD,VRSK,0.020913758340019968,Internet Retail,Consulting Services,False
AEP,BKR,0.020046398794493343,Utilities - Regulated Electric,Oil & Gas Equipment & Services,False
GILD,MSTR,0.01910755908461653,Drug Manufacturers - General,Software - Application,False
ADBE,EXC,0.018907341625628495,Software - Application,Utilities - Regulated Electric,False
KHC,MSTR,0.01881419896872898,Packaged Foods,Software - Application,False
GILD,PLTR,0.018265836722139762,Drug Manufacturers - General,Software - Infrastructure,False
CCEP,GFS,0.017926082617243884,Beverages - Non-Alcoholic,Semiconductors,False
TEAM,XEL,0.017851684500604578,Software - Application,Utilities - Regulated Electric,False
GFS,TMUS,0.017410754515442096,Semiconductors,Telecom Services,False
MRVL,XEL,0.017386825684961336,Semiconductors,Utilities - Regulated Electric,False
NXPI,XEL,0.016793052450965296,Semiconductors,Utilities - Regulated Electric,False
META,VRSK,0.016756563725816673,Internet Content & Information,Consulting Services,False
BKNG,EXC,0.016733624545016177,Travel Services,Utilities - Regulated Electric,False
META,ORLY,0.015822057245186535,Internet Content & Information,Auto Parts,False
CCEP,ON,0.01560473003132665,Beverages - Non-Alcoholic,Semiconductors,False
MSFT,ORLY,0.015387043777085899,Software - Infrastructure,Auto Parts,False
EA,GOOGL,0.015322857453870355,Electronic Gaming & Multimedia,Internet Content & Information,False
ADI,ORLY,0.015274870480577107,Semiconductors,Auto Parts,False
AEP,TXN,0.015128753292296345,Utilities - Regulated Electric,Semiconductors,False
CRWD,ORLY,0.015080963559266511,Software - Infrastructure,Auto Parts,False
MSTR,REGN,0.014818426435435668,Software - Application,Biotechnology,False
KDP,NFLX,0.014747459997499908,Beverages - Non-Alcoholic,Entertainment,False
REGN,TTD,0.014551221410407112,Biotechnology,Advertising Agencies,False
FTNT,KDP,0.014460819029443383,Software - Infrastructure,Beverages - Non-Alcoholic,False
INTU,PEP,0.01440658507580222,Software - Application,Beverages - Non-Alcoholic,False
FANG,MDLZ,0.014322060576453329,Oil & Gas E&P,Confectioners,False
AEP,PYPL,0.014290984518171677,Utilities - Regulated Electric,Credit Services,False
CRWD,GILD,0.013647530680929242,Software - Infrastructure,Drug Manufacturers - General,False
COST,REGN,0.01357572487082129,Discount Stores,Biotechnology,False
ON,XEL,0.013384521110443498,Semiconductors,Utilities - Regulated Electric,False
AMGN,MDB,0.012461057889771195,Drug Manufacturers - General,Software - Infrastructure,False
MDLZ,WBD,0.012438379636777007,Confectioners,Entertainment,False
CRWD,XEL,0.012411752159021754,Software - Infrastructure,Utilities - Regulated Electric,False
CEG,EA,0.012298996663654731,Utilities - Independent Power Producers,Electronic Gaming & Multimedia,False
EA,META,0.012278328709660133,Electronic Gaming & Multimedia,Internet Content & Information,False
KHC,TTWO,0.011978770198321768,Packaged Foods,Electronic Gaming & Multimedia,False
MDB,REGN,0.011888194266544826,Software - Infrastructure,Biotechnology,False
EXC,ROST,0.011108580993740897,Utilities - Regulated Electric,Apparel Retail,False
MDLZ,WDAY,0.010412949349499732,Confectioners,Software - Application,False
AEP,WBD,0.010274000992201144,Utilities - Regulated Electric,Entertainment,False
EA,PDD,0.010221374438688967,Electronic Gaming & Multimedia,Internet Retail,False
MU,XEL,0.008891483173575847,Semiconductors,Utilities - Regulated Electric,False
EA,SNPS,0.008162020176031928,Electronic Gaming & Multimedia,Software - Infrastructure,False
MELI,ORLY,0.007808694215908093,Internet Retail,Auto Parts,False
APP,GILD,0.007248002292499339,Advertising Agencies,Drug Manufacturers - General,False
APP,AZN,0.007085690203980877,Advertising Agencies,Drug Manufacturers - General,False
AXON,VRSK,0.006864153251469313,Aerospace & Defense,Consulting Services,False
AMGN,DXCM,0.006732979999058245,Drug Manufacturers - General,Medical Devices,False
APP,KDP,0.006524632334728314,Advertising Agencies,Beverages - Non-Alcoholic,False
MELI,REGN,0.0059150696636602555,Internet Retail,Biotechnology,False
GILD,MSFT,0.005903474907629441,Drug Manufacturers - General,Software - Infrastructure,False
LRCX,VRSK,0.005157575131097891,Semiconductor Equipment & Materials,Consulting Services,False
KDP,TTD,0.004786417654629047,Beverages - Non-Alcoholic,Advertising Agencies,False
AMD,CCEP,0.004556500423658813,Semiconductors,Beverages - Non-Alcoholic,False
PEP,TTD,0.004516835696741313,Beverages - Non-Alcoholic,Advertising Agencies,False
MDB,TMUS,0.0043142122491983586,Software - Infrastructure,Telecom Services,False
AMZN,EA,0.0038877864238910926,Internet Retail,Electronic Gaming & Multimedia,False
CDW,ORLY,0.003828874806611032,Information Technology Services,Auto Parts,False
KDP,MSFT,0.003581382320390671,Beverages - Non-Alcoholic,Software - Infrastructure,False
AEP,CDW,0.0033116092388621775,Utilities - Regulated Electric,Information Technology Services,False
AEP,DXCM,0.0032463560474702198,Utilities - Regulated Electric,Medical Devices,False
PEP,TSLA,0.0029763894844761635,Beverages - Non-Alcoholic,Auto Manufacturers,False
CCEP,MRVL,0.0022793985276820007,Beverages - Non-Alcoholic,Semiconductors,False
EXC,PYPL,0.001959720058080553,Utilities - Regulated Electric,Credit Services,False
AEP,PCAR,0.001919772150463266,Utilities - Regulated Electric,Farm & Heavy Construction Machinery,False
MRVL,TMUS,0.0018345703651375333,Semiconductors,Telecom Services,False
BIIB,CRWD,0.0012853046811435907,Drug Manufacturers - General,Software - Infrastructure,False
GOOGL,XEL,0.0003026977722280929,Internet Content & Information,Utilities - Regulated Electric,False
EXC,INTU,-0.0006008378875520755,Utilities - Regulated Electric,Software - Application,False
EXC,ODFL,-0.000628726592646908,Utilities - Regulated Electric,Trucking,False
AMZN,TMUS,-0.0006647632675048239,Internet Retail,Telecom Services,False
CEG,VRTX,-0.0008299571253806752,Utilities - Independent Power Producers,Biotechnology,False
EA,LULU,-0.0010502703932980632,Electronic Gaming & Multimedia,Apparel Retail,False
DDOG,KDP,-0.0015971803012538217,Software - Application,Beverages - Non-Alcoholic,False
CRWD,REGN,-0.0016969420829525555,Software - Infrastructure,Biotechnology,False
DXCM,EXC,-0.0017772231680424802,Medical Devices,Utilities - Regulated Electric,False
DDOG,XEL,-0.0019018787283448873,Software - Application,Utilities - Regulated Electric,False
LULU,XEL,-0.0026512218766561674,Apparel Retail,Utilities - Regulated Electric,False
NFLX,REGN,-0.0026798152602542087,Entertainment,Biotechnology,False
MDB,VRSK,-0.003352132471855475,Software - Infrastructure,Consulting Services,False
MSTR,VRSK,-0.003503027612486355,Software - Application,Consulting Services,False
AXON,TMUS,-0.003923861740887435,Aerospace & Defense,Telecom Services,False
CRWD,TMUS,-0.004034033658167131,Software - Infrastructure,Telecom Services,False
ARM,PEP,-0.00444549774736014,Semiconductors,Beverages - Non-Alcoholic,False
MDB,XEL,-0.00447436382201517,Software - Infrastructure,Utilities - Regulated Electric,False
AEP,MSFT,-0.004667501057049838,Utilities - Regulated Electric,Software - Infrastructure,False
AEP,ISRG,-0.006491574974093988,Utilities - Regulated Electric,Medical Instruments & Supplies,False
MELI,PEP,-0.007063851033002009,Internet Retail,Beverages - Non-Alcoholic,False
KLAC,TMUS,-0.007223308260480784,Semiconductor Equipment & Materials,Telecom Services,False
PLTR,XEL,-0.0072943611595038095,Software - Infrastructure,Utilities - Regulated Electric,False
LRCX,PEP,-0.007511410735572525,Semiconductor Equipment & Materials,Beverages - Non-Alcoholic,False
ADSK,EXC,-0.008608273740497444,Software - Application,Utilities - Regulated Electric,False
INTC,ORLY,-0.00932191917216076,Semiconductors,Auto Parts,False
XEL,ZS,-0.009639079489944418,Utilities - Regulated Electric,Software - Infrastructure,False
AMZN,KHC,-0.010166087157526649,Internet Retail,Packaged Foods,False
CCEP,KLAC,-0.010231174949169385,Beverages - Non-Alcoholic,Semiconductor Equipment & Materials,False
ORLY,TTD,-0.010452480615226323,Auto Parts,Advertising Agencies,False
NFLX,PCAR,-0.010552149797790313,Entertainment,Farm & Heavy Construction Machinery,False
KDP,MRVL,-0.010704093564683721,Beverages - Non-Alcoholic,Semiconductors,False
DASH,EXC,-0.010916805042207336,Internet Retail,Utilities - Regulated Electric,False
KLAC,VRSK,-0.010962245225589399,Semiconductor Equipment & Materials,Consulting Services,False
ORLY,PDD,-0.011013493474128291,Auto Parts,Internet Retail,False
PANW,PEP,-0.011135848949385036,Software - Infrastructure,Beverages - Non-Alcoholic,False
KDP,ZS,-0.011236189515143201,Beverages - Non-Alcoholic,Software - Infrastructure,False
ASML,TMUS,-0.0119319869132097,Semiconductor Equipment & Materials,Telecom Services,False
META,XEL,-0.012623620170078544,Internet Content & Information,Utilities - Regulated Electric,False
CRWD,VRSK,-0.012712765125827079,Software - Infrastructure,Consulting Services,False
KHC,TEAM,-0.013257095340152613,Packaged Foods,Software - Application,False
GILD,MDB,-0.013614301013085745,Drug Manufacturers - General,Software - Infrastructure,False
CCEP,META,-0.013623985514595451,Beverages - Non-Alcoholic,Internet Content & Information,False
ASML,PEP,-0.014247344575907567,Semiconductor Equipment & Materials,Beverages - Non-Alcoholic,False
EA,MDB,-0.014379273092157484,Electronic Gaming & Multimedia,Software - Infrastructure,False
AXON,AZN,-0.015288177343897544,Aerospace & Defense,Drug Manufacturers - General,False
ADI,AEP,-0.015656723090943892,Semiconductors,Utilities - Regulated Electric,False
AEP,GFS,-0.015753839046110208,Utilities - Regulated Electric,Semiconductors,False
MDLZ,TTD,-0.015789238746676735,Confectioners,Advertising Agencies,False
EXC,TXN,-0.016659966537629082,Utilities - Regulated Electric,Semiconductors,False
PANW,REGN,-0.016708875241596442,Software - Infrastructure,Biotechnology,False
FTNT,KHC,-0.016887785381219305,Software - Infrastructure,Packaged Foods,False
EXC,NFLX,-0.017253164980155267,Utilities - Regulated Electric,Entertainment,False
ABNB,AEP,-0.01780691025973095,Travel Services,Utilities - Regulated Electric,False
EXC,PDD,-0.0179826085323595,Utilities - Regulated Electric,Internet Retail,False
ORLY,TSLA,-0.01798998786975529,Auto Parts,Auto Manufacturers,False
CRWD,KDP,-0.01825768820704485,Software - Infrastructure,Beverages - Non-Alcoholic,False
AEP,MELI,-0.018270104399931174,Utilities - Regulated Electric,Internet Retail,False
CEG,GILD,-0.01830080235203715,Utilities - Independent Power Producers,Drug Manufacturers - General,False
CEG,TMUS,-0.01844066623781141,Utilities - Independent Power Producers,Telecom Services,False
PEP,TTWO,-0.01867701223896738,Beverages - Non-Alcoholic,Electronic Gaming & Multimedia,False
AEP,INTU,-0.019350337517321885,Utilities - Regulated Electric,Software - Application,False
BKR,EXC,-0.019557648922492905,Oil & Gas Equipment & Services,Utilities - Regulated Electric,False
AMD,KHC,-0.02035657383815121,Semiconductors,Packaged Foods,False
MDLZ,SNPS,-0.020600173497774252,Confectioners,Software - Infrastructure,False
AEP,TTD,-0.020647212959659274,Utilities - Regulated Electric,Advertising Agencies,False
ASML,VRSK,-0.02080498971344471,Semiconductor Equipment & Materials,Consulting Services,False
DASH,KHC,-0.020845667691932048,Internet Retail,Packaged Foods,False
KHC,ZS,-0.02095258024770402,Packaged Foods,Software - Infrastructure,False
AEP,CEG,-0.021074215412186896,Utilities - Regulated Electric,Utilities - Independent Power Producers,False
AMAT,CCEP,-0.021340779639794496,Semiconductor Equipment & Materials,Beverages - Non-Alcoholic,False
AXON,ORLY,-0.021844675118802906,Aerospace & Defense,Auto Parts,False
CCEP,MDB,-0.02230042698532892,Beverages - Non-Alcoholic,Software - Infrastructure,False
BIIB,NFLX,-0.022516341335976783,Drug Manufacturers - General,Entertainment,False
KLAC,PEP,-0.022612526704739955,Semiconductor Equipment & Materials,Beverages - Non-Alcoholic,False
GFS,ORLY,-0.022839193489315717,Semiconductors,Auto Parts,False
AEP,AMD,-0.02334562122244223,Utilities - Regulated Electric,Semiconductors,False
KHC,TTD,-0.023723455685319243,Packaged Foods,Advertising Agencies,False
AMD,TMUS,-0.024094067131565977,Semiconductors,Telecom Services,False
MDLZ,MSTR,-0.024406308900391818,Confectioners,Software - Application,False
MSTR,XEL,-0.02464157457448773,Software - Application,Utilities - Regulated Electric,False
TMUS,TTD,-0.0246615206995697,Telecom Services,Advertising Agencies,False
AAPL,EXC,-0.024973495822756216,Consumer Electronics,Utilities - Regulated Electric,False
PLTR,TMUS,-0.025166876863373017,Software - Infrastructure,Telecom Services,False
AZN,MELI,-0.025436113398555713,Drug Manufacturers - General,Internet Retail,False
MDB,MNST,-0.026216520151559102,Software - Infrastructure,Beverages - Non-Alcoholic,False
AMZN,XEL,-0.026352698652238604,Internet Retail,Utilities - Regulated Electric,False
AEP,WDAY,-0.026389039045128498,Utilities - Regulated Electric,Software - Application,False
ORLY,QCOM,-0.02693695147241916,Auto Parts,Semiconductors,False
MDB,ORLY,-0.026947117438291004,Software - Infrastructure,Auto Parts,False
TTD,XEL,-0.027039745604224785,Advertising Agencies,Utilities - Regulated Electric,False
EXC,WDAY,-0.027219059940123906,Utilities - Regulated Electric,Software - Application,False
CCEP,GOOGL,-0.028130204228054005,Beverages - Non-Alcoholic,Internet Content & Information,False
BIIB,CEG,-0.0287159601565867,Drug Manufacturers - General,Utilities - Independent Power Producers,False
AEP,PANW,-0.028793226175529554,Utilities - Regulated Electric,Software - Infrastructure,False
AMAT,VRSK,-0.028889058280376103,Semiconductor Equipment & Materials,Consulting Services,False
DXCM,MDLZ,-0.029058366102440485,Medical Devices,Confectioners,False
APP,KHC,-0.02917135849826437,Advertising Agencies,Packaged Foods,False
GOOGL,ORLY,-0.02970302733923687,Internet Content & Information,Auto Parts,False
ASML,CCEP,-0.030552778839542393,Semiconductor Equipment & Materials,Beverages - Non-Alcoholic,False
CEG,REGN,-0.03140006236392186,Utilities - Independent Power Producers,Biotechnology,False
EXC,PCAR,-0.03283925081135436,Utilities - Regulated Electric,Farm & Heavy Construction Machinery,False
ASML,XEL,-0.03296989963333752,Semiconductor Equipment & Materials,Utilities - Regulated Electric,False
EXC,ISRG,-0.033000700627076655,Utilities - Regulated Electric,Medical Instruments & Supplies,False
NFLX,PEP,-0.03334538889273797,Entertainment,Beverages - Non-Alcoholic,False
AVGO,MNST,-0.033506514869992385,Semiconductors,Beverages - Non-Alcoholic,False
AEP,SNPS,-0.03373478076782165,Utilities - Regulated Electric,Software - Infrastructure,False
KDP,PLTR,-0.03379237310569266,Beverages - Non-Alcoholic,Software - Infrastructure,False
AEP,ODFL,-0.034220448518785945,Utilities - Regulated Electric,Trucking,False
AMZN,ORLY,-0.034497201947190886,Internet Retail,Auto Parts,False
AEP,QCOM,-0.03478972748584025,Utilities - Regulated Electric,Semiconductors,False
KHC,MU,-0.03492444095572308,Packaged Foods,Semiconductors,False
AEP,PDD,-0.03514173066930843,Utilities - Regulated Electric,Internet Retail,False
ON,TMUS,-0.035348268867527836,Semiconductors,Telecom Services,False
AMAT,TMUS,-0.03552402273547938,Semiconductor Equipment & Materials,Telecom Services,False
CCEP,TTD,-0.035951435324223874,Beverages - Non-Alcoholic,Advertising Agencies,False
APP,REGN,-0.036556638885416284,Advertising Agencies,Biotechnology,False
REGN,TTWO,-0.036967151099125135,Biotechnology,Electronic Gaming & Multimedia,False
MDLZ,TSLA,-0.03724624911052174,Confectioners,Auto Manufacturers,False
EXC,FANG,-0.037793049825546085,Utilities - Regulated Electric,Oil & Gas E&P,False
AMGN,CEG,-0.037813089769236446,Drug Manufacturers - General,Utilities - Independent Power Producers,False
AXON,KDP,-0.0387426522480765,Aerospace & Defense,Beverages - Non-Alcoholic,False
CCEP,LULU,-0.03918796143500602,Beverages - Non-Alcoholic,Apparel Retail,False
EXC,MELI,-0.03956613355166136,Utilities - Regulated Electric,Internet Retail,False
DASH,PEP,-0.03981181639936491,Internet Retail,Beverages - Non-Alcoholic,False
MSTR,PEP,-0.040109559890096076,Software - Application,Beverages - Non-Alcoholic,False
AXON,MNST,-0.04019549041450111,Aerospace & Defense,Beverages - Non-Alcoholic,False
ASML,MDLZ,-0.040294912053555405,Semiconductor Equipment & Materials,Confectioners,False
LRCX,TMUS,-0.040502655102335826,Semiconductor Equipment & Materials,Telecom Services,False
GILD,NVDA,-0.04209302495536447,Drug Manufacturers - General,Semiconductors,False
FTNT,MDLZ,-0.04209897733792675,Software - Infrastructure,Confectioners,False
GOOGL,TMUS,-0.042283200605280916,Internet Content & Information,Telecom Services,False
MU,TMUS,-0.04294567494296497,Semiconductors,Telecom Services,False
MDB,PEP,-0.04375258169089393,Software - Infrastructure,Beverages - Non-Alcoholic,False
NVDA,TMUS,-0.04463361306571422,Semiconductors,Telecom Services,False
AVGO,XEL,-0.045015107677991696,Semiconductors,Utilities - Regulated Electric,False
KHC,NFLX,-0.04559671218204229,Packaged Foods,Entertainment,False
MSTR,ORLY,-0.047232696916256665,Software - Application,Auto Parts,False
AMGN,APP,-0.047348946942889776,Drug Manufacturers - General,Advertising Agencies,False
KDP,META,-0.04740274464484285,Beverages - Non-Alcoholic,Internet Content & Information,False
KHC,PLTR,-0.04743377416322033,Packaged Foods,Software - Infrastructure,False
DXCM,ORLY,-0.047889322155334625,Medical Devices,Auto Parts,False
AEP,LRCX,-0.04857593779220382,Utilities - Regulated Electric,Semiconductor Equipment & Materials,False
DDOG,TMUS,-0.04911593722070457,Software - Application,Telecom Services,False
DASH,MDLZ,-0.04969682831170151,Internet Retail,Confectioners,False
REGN,ZS,-0.049877952581151026,Biotechnology,Software - Infrastructure,False
KHC,MSFT,-0.05068265908103346,Packaged Foods,Software - Infrastructure,False
PEP,TEAM,-0.05087732113925398,Beverages - Non-Alcoholic,Software - Application,False
DDOG,MDLZ,-0.05203616851224733,Software - Application,Confectioners,False
AXON,GILD,-0.0525580461728834,Aerospace & Defense,Drug Manufacturers - General,False
AMD,VRSK,-0.052565166551068875,Semiconductors,Consulting Services,False
MRVL,VRSK,-0.05259629384024843,Semiconductors,Consulting Services,False
AXON,REGN,-0.05291483763118836,Aerospace & Defense,Biotechnology,False
AEP,TSLA,-0.05363757976222282,Utilities - Regulated Electric,Auto Manufacturers,False
ARM,ORLY,-0.05383881477263207,Semiconductors,Auto Parts,False
CEG,MNST,-0.05451272239689142,Utilities - Independent Power Producers,Beverages - Non-Alcoholic,False
AMZN,KDP,-0.05492359642248057,Internet Retail,Beverages - Non-Alcoholic,False
AEP,ROST,-0.05503542540838103,Utilities - Regulated Electric,Apparel Retail,False
KHC,MDB,-0.0552551365546808,Packaged Foods,Software - Infrastructure,False
AEP,FTNT,-0.05567307324721253,Utilities - Regulated Electric,Software - Infrastructure,False
NVDA,XEL,-0.05662047645834473,Semiconductors,Utilities - Regulated Electric,False
EXC,FTNT,-0.0577590985047722,Utilities - Regulated Electric,Software - Infrastructure,False
AVGO,KDP,-0.057859109189446103,Semiconductors,Beverages - Non-Alcoholic,False
DDOG,PEP,-0.05825674474905513,Software - Application,Beverages - Non-Alcoholic,False
EXC,PANW,-0.05854029724689463,Utilities - Regulated Electric,Software - Infrastructure,False
AVGO,TMUS,-0.058634933853004,Semiconductors,Telecom Services,False
CDW,EXC,-0.058842682019239194,Information Technology Services,Utilities - Regulated Electric,False
AEP,KLAC,-0.059732805900053094,Utilities - Regulated Electric,Semiconductor Equipment & Materials,False
AEP,CDNS,-0.0599738560150508,Utilities - Regulated Electric,Software - Application,False
AMD,PEP,-0.060271922334260555,Semiconductors,Beverages - Non-Alcoholic,False
CEG,XEL,-0.06039985995664432,Utilities - Independent Power Producers,Utilities - Regulated Electric,False
APP,ORLY,-0.06042863744289101,Advertising Agencies,Auto Parts,False
AEP,PLTR,-0.06073377146709592,Utilities - Regulated Electric,Software - Infrastructure,False
CCEP,NVDA,-0.06091107491820425,Beverages - Non-Alcoholic,Semiconductors,False
AXON,BIIB,-0.06185748440770109,Aerospace & Defense,Drug Manufacturers - General,False
AEP,DDOG,-0.06223267492954874,Utilities - Regulated Electric,Software - Application,False
AMZN,CCEP,-0.06233800604116512,Internet Retail,Beverages - Non-Alcoholic,False
EXC,WBD,-0.06281225276811445,Utilities - Regulated Electric,Entertainment,False
PLTR,VRSK,-0.06315743223362998,Software - Infrastructure,Consulting Services,False
AEP,MCHP,-0.06363066308636346,Utilities - Regulated Electric,Semiconductors,False
GOOGL,VRSK,-0.0647124020824367,Internet Content & Information,Consulting Services,False
AMAT,MDLZ,-0.06519793383291858,Semiconductor Equipment & Materials,Confectioners,False
CDNS,PEP,-0.06689180885835935,Software - Application,Beverages - Non-Alcoholic,False
EXC,MSTR,-0.06715130762808313,Utilities - Regulated Electric,Software - Application,False
ORLY,PLTR,-0.06750100860036226,Auto Parts,Software - Infrastructure,False
MU,PEP,-0.06878866215325728,Semiconductors,Beverages - Non-Alcoholic,False
AEP,AMAT,-0.06922328496116609,Utilities - Regulated Electric,Semiconductor Equipment & Materials,False
ADBE,AEP,-0.06941632274723845,Software - Application,Utilities - Regulated Electric,False
MNST,TTD,-0.06969980838365888,Beverages - Non-Alcoholic,Advertising Agencies,False
EXC,SNPS,-0.07013910319427634,Utilities - Regulated Electric,Software - Infrastructure,False
NXPI,ORLY,-0.0712963747358818,Semiconductors,Auto Parts,False
EXC,GFS,-0.07159533130801445,Utilities - Regulated Electric,Semiconductors,False
LRCX,MDLZ,-0.07160275510388966,Semiconductor Equipment & Materials,Confectioners,False
KLAC,MDLZ,-0.07325836170746848,Semiconductor Equipment & Materials,Confectioners,False
MDLZ,TEAM,-0.0735115260260198,Confectioners,Software - Application,False
ADI,EXC,-0.07389424164224016,Semiconductors,Utilities - Regulated Electric,False
EXC,MSFT,-0.07423258906152509,Utilities - Regulated Electric,Software - Infrastructure,False
MDLZ,MSFT,-0.07476528015027939,Confectioners,Software - Infrastructure,False
AEP,ARM,-0.07628105522379366,Utilities - Regulated Electric,Semiconductors,False
ARM,MDLZ,-0.07701267813045054,Semiconductors,Confectioners,False
CRWD,KHC,-0.07721533058475528,Software - Infrastructure,Packaged Foods,False
MSTR,TMUS,-0.07862061453995234,Software - Application,Telecom Services,False
KDP,NVDA,-0.07968021466177128,Beverages - Non-Alcoholic,Semiconductors,False
ADSK,AEP,-0.07993451807962187,Software - Application,Utilities - Regulated Electric,False
AMZN,PEP,-0.08261462958123476,Internet Retail,Beverages - Non-Alcoholic,False
KHC,META,-0.08290071067199903,Packaged Foods,Internet Content & Information,False
AVGO,KHC,-0.08321379637477622,Semiconductors,Packaged Foods,False
CDNS,MDLZ,-0.08324658503061871,Software - Application,Confectioners,False
ASML,ORLY,-0.0837254640901318,Semiconductor Equipment & Materials,Auto Parts,False
AXON,XEL,-0.08384387541784727,Aerospace & Defense,Utilities - Regulated Electric,False
DDOG,KHC,-0.08407753028252125,Software - Application,Packaged Foods,False
ABNB,EXC,-0.08412162241863554,Travel Services,Utilities - Regulated Electric,False
AMGN,AXON,-0.08460192587004423,Drug Manufacturers - General,Aerospace & Defense,False
EXC,QCOM,-0.08626959174717141,Utilities - Regulated Electric,Semiconductors,False
NVDA,VRSK,-0.0862966977650891,Semiconductors,Consulting Services,False
AMD,EXC,-0.08713105040520103,Semiconductors,Utilities - Regulated Electric,False
GOOGL,PEP,-0.08780371041010152,Internet Content & Information,Beverages - Non-Alcoholic,False
CCEP,CEG,-0.08826846013706455,Beverages - Non-Alcoholic,Utilities - Independent Power Producers,False
MSFT,PEP,-0.08988126871030892,Software - Infrastructure,Beverages - Non-Alcoholic,False
EXC,TTD,-0.09159476912068096,Utilities - Regulated Electric,Advertising Agencies,False
AXON,KHC,-0.09193090805974811,Aerospace & Defense,Packaged Foods,False
META,PEP,-0.092027535318509,Internet Content & Information,Beverages - Non-Alcoholic,False
CDNS,EXC,-0.09231227869346048,Software - Application,Utilities - Regulated Electric,False
AMAT,ORLY,-0.09288221290648635,Semiconductor Equipment & Materials,Auto Parts,False
MDLZ,META,-0.0936071681399575,Confectioners,Internet Content & Information,False
AEP,NXPI,-0.0939361685650832,Utilities - Regulated Electric,Semiconductors,False
FTNT,PEP,-0.09409216937115016,Software - Infrastructure,Beverages - Non-Alcoholic,False
MDLZ,NFLX,-0.09444459724251071,Confectioners,Entertainment,False
AVGO,VRSK,-0.09453236267503544,Semiconductors,Consulting Services,False
KLAC,ORLY,-0.0953409468338607,Semiconductor Equipment & Materials,Auto Parts,False
AEP,MU,-0.09578437528397869,Utilities - Regulated Electric,Semiconductors,False
AEP,META,-0.09579155106666087,Utilities - Regulated Electric,Internet Content & Information,False
TMUS,TSLA,-0.09669186614310359,Telecom Services,Auto Manufacturers,False
ON,ORLY,-0.09708546113975326,Semiconductors,Auto Parts,False
MU,VRSK,-0.09748848443200908,Semiconductors,Consulting Services,False
AEP,MDB,-0.09752501571922266,Utilities - Regulated Electric,Software - Infrastructure,False
MCHP,ORLY,-0.09840321150727088,Semiconductors,Auto Parts,False
MDLZ,ZS,-0.09843256706614632,Confectioners,Software - Infrastructure,False
AEP,AXON,-0.09878441398281884,Utilities - Regulated Electric,Aerospace & Defense,False
APP,MDLZ,-0.10027722413420463,Advertising Agencies,Confectioners,False
AMD,MDLZ,-0.10079465246453721,Semiconductors,Confectioners,False
GILD,TTD,-0.10088371170549906,Drug Manufacturers - General,Advertising Agencies,False
AXON,EXC,-0.1017028916231451,Aerospace & Defense,Utilities - Regulated Electric,False
KHC,NVDA,-0.10311668218752054,Packaged Foods,Semiconductors,False
EXC,TSLA,-0.10504208090122462,Utilities - Regulated Electric,Auto Manufacturers,False
EXC,LULU,-0.1053185426743531,Utilities - Regulated Electric,Apparel Retail,False
NVDA,ORLY,-0.10814858728957123,Semiconductors,Auto Parts,False
MDB,MDLZ,-0.10915310571078944,Software - Infrastructure,Confectioners,False
AEP,GOOGL,-0.11014339602524251,Utilities - Regulated Electric,Internet Content & Information,False
AEP,ON,-0.11042119342291244,Utilities - Regulated Electric,Semiconductors,False
AEP,ZS,-0.11044083842390962,Utilities - Regulated Electric,Software - Infrastructure,False
AEP,TEAM,-0.11044141486121425,Utilities - Regulated Electric,Software - Application,False
CEG,KDP,-0.11073908437470892,Utilities - Independent Power Producers,Beverages - Non-Alcoholic,False
AEP,APP,-0.11272866195937695,Utilities - Regulated Electric,Advertising Agencies,False
EXC,LRCX,-0.11355001317672343,Utilities - Regulated Electric,Semiconductor Equipment & Materials,False
MRVL,ORLY,-0.11355359366324888,Semiconductors,Auto Parts,False
MRVL,PEP,-0.11535432950347829,Semiconductors,Beverages - Non-Alcoholic,False
APP,PEP,-0.11596590499189996,Advertising Agencies,Beverages - Non-Alcoholic,False
AEP,MRVL,-0.1186436446669661,Utilities - Regulated Electric,Semiconductors,False
CEG,ORLY,-0.11955139621675205,Utilities - Independent Power Producers,Auto Parts,False
AVGO,CCEP,-0.11969199119068068,Semiconductors,Beverages - Non-Alcoholic,False
AMAT,EXC,-0.12095222512900573,Semiconductor Equipment & Materials,Utilities - Regulated Electric,False
LRCX,ORLY,-0.12134926555532702,Semiconductor Equipment & Materials,Auto Parts,False
EXC,TEAM,-0.12136377204213682,Utilities - Regulated Electric,Software - Application,False
AEP,CRWD,-0.12226474749485294,Utilities - Regulated Electric,Software - Infrastructure,False
EXC,META,-0.12279154756459866,Utilities - Regulated Electric,Internet Content & Information,False
APP,EXC,-0.12379016867852535,Advertising Agencies,Utilities - Regulated Electric,False
KHC,MRVL,-0.12397049972673975,Packaged Foods,Semiconductors,False
AEP,MSTR,-0.1256093746664241,Utilities - Regulated Electric,Software - Application,False
EXC,KLAC,-0.12584700815591038,Utilities - Regulated Electric,Semiconductor Equipment & Materials,False
EXC,MU,-0.1267178687259135,Utilities - Regulated Electric,Semiconductors,False
AEP,AVGO,-0.1272899209907138,Utilities - Regulated Electric,Semiconductors,False
CRWD,EXC,-0.12832870959944254,Software - Infrastructure,Utilities - Regulated Electric,False
EXC,MCHP,-0.12875480080234958,Utilities - Regulated Electric,Semiconductors,False
EXC,MDB,-0.12973472565085192,Utilities - Regulated Electric,Software - Infrastructure,False
GOOGL,MDLZ,-0.1315338812933103,Internet Content & Information,Confectioners,False
PEP,ZS,-0.13368949507442346,Beverages - Non-Alcoholic,Software - Infrastructure,False
ARM,EXC,-0.13632585341548906,Semiconductors,Utilities - Regulated Electric,False
MDLZ,MRVL,-0.13650590180745442,Confectioners,Semiconductors,False
AMZN,MDLZ,-0.1369053962014493,Internet Retail,Confectioners,False
CEG,EXC,-0.13724459779335133,Utilities - Independent Power Producers,Utilities - Regulated Electric,False
AEP,LULU,-0.13853989542168638,Utilities - Regulated Electric,Apparel Retail,False
EXC,PLTR,-0.138625105810777,Utilities - Regulated Electric,Software - Infrastructure,False
MDLZ,MU,-0.14088746976117833,Confectioners,Semiconductors,False
DDOG,EXC,-0.14226268693495508,Software - Application,Utilities - Regulated Electric,False
ASML,EXC,-0.1423568463733195,Semiconductor Equipment & Materials,Utilities - Regulated Electric,False
AEP,ASML,-0.14429799917220557,Utilities - Regulated Electric,Semiconductor Equipment & Materials,False
EXC,ON,-0.14579523115101278,Utilities - Regulated Electric,Semiconductors,False
AXON,VRTX,-0.14743866846422773,Aerospace & Defense,Biotechnology,False
EXC,NXPI,-0.14838701869633608,Utilities - Regulated Electric,Semiconductors,False
MDLZ,PLTR,-0.15383758284235585,Confectioners,Software - Infrastructure,False
PEP,PLTR,-0.15745777987496046,Beverages - Non-Alcoholic,Software - Infrastructure,False
CEG,VRSK,-0.15752344162379672,Utilities - Independent Power Producers,Consulting Services,False
AEP,AMZN,-0.15836045277315092,Utilities - Regulated Electric,Internet Retail,False
AEP,NVDA,-0.1587480781233548,Utilities - Regulated Electric,Semiconductors,False
AMD,ORLY,-0.15914110708176674,Semiconductors,Auto Parts,False
AXON,PEP,-0.15968942012770712,Aerospace & Defense,Beverages - Non-Alcoholic,False
AVGO,PEP,-0.16210609671548934,Semiconductors,Beverages - Non-Alcoholic,False
AVGO,MDLZ,-0.16219121073546372,Semiconductors,Confectioners,False
MU,ORLY,-0.16242650711053858,Semiconductors,Auto Parts,False
EXC,ZS,-0.1648234755009201,Utilities - Regulated Electric,Software - Infrastructure,False
AVGO,ORLY,-0.1683697038245791,Semiconductors,Auto Parts,False
CRWD,MDLZ,-0.16961300133794407,Software - Infrastructure,Confectioners,False
AVGO,EXC,-0.1719243459430035,Semiconductors,Utilities - Regulated Electric,False
NVDA,PEP,-0.1728132248966467,Semiconductors,Beverages - Non-Alcoholic,False
EXC,GOOGL,-0.1762830228372032,Utilities - Regulated Electric,Internet Content & Information,False
AXON,MDLZ,-0.17707960602122189,Aerospace & Defense,Confectioners,False
AMZN,EXC,-0.18543454872703538,Internet Retail,Utilities - Regulated Electric,False
CEG,PEP,-0.2018438769725559,Utilities - Independent Power Producers,Beverages - Non-Alcoholic,False
CEG,KHC,-0.20401531395855896,Utilities - Independent Power Producers,Packaged Foods,False
CRWD,PEP,-0.20805148016892913,Software - Infrastructure,Beverages - Non-Alcoholic,False
CEG,MDLZ,-0.2102502355271264,Utilities - Independent Power Producers,Confectioners,False
EXC,MRVL,-0.21039189216379148,Utilities - Regulated Electric,Semiconductors,False
MDLZ,NVDA,-0.23072052351493424,Confectioners,Semiconductors,False
EXC,NVDA,-0.2314728009852864,Utilities - Regulated Electric,Semiconductors,False
