Stock_A,Stock_B,Correlation,Industry_A,Industry_B,Same_Industry
CDNS,SNPS,0.8210694204665353,Software - Application,Software - Infrastructure,False
AMAT,MCHP,0.736637231272513,Semiconductor Equipment & Materials,Semiconductors,False
ADI,AMAT,0.7365185768033801,Semiconductors,Semiconductor Equipment & Materials,False
LRCX,MCHP,0.7358253634205021,Semiconductor Equipment & Materials,Semiconductors,False
ADI,KLAC,0.7355198035093689,Semiconductors,Semiconductor Equipment & Materials,False
ADI,LRCX,0.7330272642847059,Semiconductors,Semiconductor Equipment & Materials,False
KLAC,MCHP,0.7310980482438183,Semiconductor Equipment & Materials,Semiconductors,False
LRCX,MU,0.7247109216927485,Semiconductor Equipment & Materials,Semiconductors,False
KLAC,TXN,0.7141950995833771,Semiconductor Equipment & Materials,Semiconductors,False
AMAT,TXN,0.7138538927515302,Semiconductor Equipment & Materials,Semiconductors,False
LRCX,TXN,0.7083436439372172,Semiconductor Equipment & Materials,Semiconductors,False
AMAT,MU,0.7049104998227894,Semiconductor Equipment & Materials,Semiconductors,False
GOOGL,MSFT,0.7048224207638131,Internet Content & Information,Software - Infrastructure,False
ADBE,MSFT,0.6945946826049753,Software - Application,Software - Infrastructure,False
LRCX,ON,0.6921387465443493,Semiconductor Equipment & Materials,Semiconductors,False
ADI,ASML,0.6902016322192197,Semiconductors,Semiconductor Equipment & Materials,False
AMAT,ON,0.6899046932046886,Semiconductor Equipment & Materials,Semiconductors,False
ASML,MCHP,0.6897333234365735,Semiconductor Equipment & Materials,Semiconductors,False
LRCX,NXPI,0.688295330148665,Semiconductor Equipment & Materials,Semiconductors,False
AMAT,NXPI,0.6851349507393178,Semiconductor Equipment & Materials,Semiconductors,False
MDLZ,PEP,0.6840550741230679,Confectioners,Beverages - Non-Alcoholic,False
AAPL,MSFT,0.6774226920021055,Consumer Electronics,Software - Infrastructure,False
INTU,MSFT,0.6747012643362928,Software - Application,Software - Infrastructure,False
KLAC,NXPI,0.6693813321777781,Semiconductor Equipment & Materials,Semiconductors,False
ASML,NXPI,0.6672172998957886,Semiconductor Equipment & Materials,Semiconductors,False
KLAC,MU,0.6664002975702396,Semiconductor Equipment & Materials,Semiconductors,False
AMZN,MSFT,0.6656909616303448,Internet Retail,Software - Infrastructure,False
KLAC,ON,0.6654435918712394,Semiconductor Equipment & Materials,Semiconductors,False
AMAT,AVGO,0.6632858824393261,Semiconductor Equipment & Materials,Semiconductors,False
AVGO,LRCX,0.662133206740393,Semiconductors,Semiconductor Equipment & Materials,False
DDOG,MDB,0.6591151017290838,Software - Application,Software - Infrastructure,False
ASML,ON,0.657807347253261,Semiconductor Equipment & Materials,Semiconductors,False
AMAT,QCOM,0.6559506544570929,Semiconductor Equipment & Materials,Semiconductors,False
ASML,TXN,0.6559271414816903,Semiconductor Equipment & Materials,Semiconductors,False
CDNS,KLAC,0.6537947911567321,Software - Application,Semiconductor Equipment & Materials,False
CDNS,MSFT,0.65359389943165,Software - Application,Software - Infrastructure,False
AMAT,NVDA,0.6521402931098363,Semiconductor Equipment & Materials,Semiconductors,False
AVGO,KLAC,0.650638583933308,Semiconductors,Semiconductor Equipment & Materials,False
ASML,AVGO,0.646557253725052,Semiconductor Equipment & Materials,Semiconductors,False
KLAC,NVDA,0.6442197341730069,Semiconductor Equipment & Materials,Semiconductors,False
KLAC,QCOM,0.6407184831567407,Semiconductor Equipment & Materials,Semiconductors,False
ASML,CDNS,0.6404848800340636,Semiconductor Equipment & Materials,Software - Application,False
ASML,NVDA,0.6403003442225025,Semiconductor Equipment & Materials,Semiconductors,False
CDNS,LRCX,0.6380948316919259,Software - Application,Semiconductor Equipment & Materials,False
LRCX,QCOM,0.6377586740853705,Semiconductor Equipment & Materials,Semiconductors,False
AMZN,GOOGL,0.6374416256261421,Internet Retail,Internet Content & Information,False
LRCX,NVDA,0.6373261683668888,Semiconductor Equipment & Materials,Semiconductors,False
LRCX,MRVL,0.6362152992295311,Semiconductor Equipment & Materials,Semiconductors,False
AMAT,MRVL,0.63509308535859,Semiconductor Equipment & Materials,Semiconductors,False
KLAC,MRVL,0.6341278623459812,Semiconductor Equipment & Materials,Semiconductors,False
INTU,SNPS,0.6332334067372333,Software - Application,Software - Infrastructure,False
AMAT,CDNS,0.6309011008576935,Semiconductor Equipment & Materials,Software - Application,False
BKR,FANG,0.6264056635804179,Oil & Gas Equipment & Services,Oil & Gas E&P,False
ASML,MU,0.6232201102981368,Semiconductor Equipment & Materials,Semiconductors,False
CTAS,HON,0.6221763100263387,Specialty Business Services,Conglomerates,False
ASML,QCOM,0.6220300892794886,Semiconductor Equipment & Materials,Semiconductors,False
HON,PAYX,0.6213818738995255,Conglomerates,Software - Application,False
CDNS,NVDA,0.6213237645871551,Software - Application,Semiconductors,False
ASML,MRVL,0.6186123927523615,Semiconductor Equipment & Materials,Semiconductors,False
MSFT,NVDA,0.6183809604266812,Software - Infrastructure,Semiconductors,False
KLAC,SNPS,0.6175518898471113,Semiconductor Equipment & Materials,Software - Infrastructure,False
ADSK,MSFT,0.6126781348323144,Software - Application,Software - Infrastructure,False
BKNG,MAR,0.6122818699087126,Travel Services,Lodging,False
HON,LIN,0.611601254970537,Conglomerates,Specialty Chemicals,False
AAPL,GOOGL,0.6103086077868064,Consumer Electronics,Internet Content & Information,False
AMZN,META,0.6084853610024354,Internet Retail,Internet Content & Information,False
ADP,CTAS,0.6072144409361018,Software - Application,Specialty Business Services,False
CRWD,DDOG,0.607088650586897,Software - Infrastructure,Software - Application,False
AMAT,SNPS,0.6064354240635168,Semiconductor Equipment & Materials,Software - Infrastructure,False
PAYX,VRSK,0.6056365185264018,Software - Application,Consulting Services,False
ASML,SNPS,0.6053752433465922,Semiconductor Equipment & Materials,Software - Infrastructure,False
LRCX,SNPS,0.6051848686863702,Semiconductor Equipment & Materials,Software - Infrastructure,False
ADP,HON,0.603771648975025,Software - Application,Conglomerates,False
ADP,VRSK,0.6030358475892516,Software - Application,Consulting Services,False
HON,ROP,0.6012405697398797,Conglomerates,Software - Application,False
ASML,MSFT,0.6008476854165827,Semiconductor Equipment & Materials,Software - Infrastructure,False
META,MSFT,0.6008184676596767,Internet Content & Information,Software - Infrastructure,False
ADI,CDNS,0.5975682007492956,Semiconductors,Software - Application,False
PEP,XEL,0.596836444049849,Beverages - Non-Alcoholic,Utilities - Regulated Electric,False
KLAC,MSFT,0.596561406246825,Semiconductor Equipment & Materials,Software - Infrastructure,False
CTAS,PAYX,0.5963003398628358,Specialty Business Services,Software - Application,False
NVDA,SNPS,0.5947542154811251,Semiconductors,Software - Infrastructure,False
CTAS,ROP,0.5917491876021884,Specialty Business Services,Software - Application,False
GFS,KLAC,0.5916996345750838,Semiconductors,Semiconductor Equipment & Materials,False
AMAT,MSFT,0.5912386890316783,Semiconductor Equipment & Materials,Software - Infrastructure,False
GFS,LRCX,0.5910338822727947,Semiconductors,Semiconductor Equipment & Materials,False
ADBE,SNPS,0.5902952426337272,Software - Application,Software - Infrastructure,False
ROP,VRSK,0.5900530424441054,Software - Application,Consulting Services,False
ADBE,GOOGL,0.589828199210837,Software - Application,Internet Content & Information,False
AMAT,GFS,0.5898014289466016,Semiconductor Equipment & Materials,Semiconductors,False
CDW,MCHP,0.588079368267096,Information Technology Services,Semiconductors,False
LRCX,MSFT,0.5872783244666208,Semiconductor Equipment & Materials,Software - Infrastructure,False
HON,PCAR,0.5872578953683993,Conglomerates,Farm & Heavy Construction Machinery,False
MSFT,TXN,0.5863584398261503,Software - Infrastructure,Semiconductors,False
INTU,ISRG,0.5854193452375386,Software - Application,Medical Instruments & Supplies,False
AAPL,TXN,0.5849619079207887,Consumer Electronics,Semiconductors,False
AVGO,CDNS,0.5845999572769418,Semiconductors,Software - Application,False
ISRG,MSFT,0.5845600118190264,Medical Instruments & Supplies,Software - Infrastructure,False
DDOG,ZS,0.5840965834436589,Software - Application,Software - Infrastructure,False
ADI,MSFT,0.5836064299182471,Semiconductors,Software - Infrastructure,False
CDNS,TXN,0.5834034058736244,Software - Application,Semiconductors,False
ADBE,AMZN,0.5829846809987859,Software - Application,Internet Retail,False
CSX,HON,0.5821347815196003,Railroads,Conglomerates,False
GOOGL,INTU,0.5810864008268561,Internet Content & Information,Software - Application,False
CDNS,MCHP,0.5790706733333563,Software - Application,Semiconductors,False
INTU,KLAC,0.5784567504363624,Software - Application,Semiconductor Equipment & Materials,False
AAPL,ADI,0.5781777120175717,Consumer Electronics,Semiconductors,False
ADI,CDW,0.5772782966673424,Semiconductors,Information Technology Services,False
INTU,PYPL,0.5752043865999198,Software - Application,Credit Services,False
AAPL,AMZN,0.5749743477476406,Consumer Electronics,Internet Retail,False
LIN,PAYX,0.5732020526035355,Specialty Chemicals,Software - Application,False
AAPL,ADBE,0.573089137724544,Consumer Electronics,Software - Application,False
CTAS,VRSK,0.5724665636298181,Specialty Business Services,Consulting Services,False
MDB,TEAM,0.5722450002569043,Software - Infrastructure,Software - Application,False
AAPL,INTU,0.5718545156284582,Consumer Electronics,Software - Application,False
CSCO,PAYX,0.5690348272007307,Communication Equipment,Software - Application,False
ADSK,ASML,0.5676383299872628,Software - Application,Semiconductor Equipment & Materials,False
ADI,INTU,0.5675725595392687,Semiconductors,Software - Application,False
AMAT,INTC,0.5674384355582627,Semiconductor Equipment & Materials,Semiconductors,False
HON,MAR,0.5673112926638625,Conglomerates,Lodging,False
AAPL,MCHP,0.5667594948181032,Consumer Electronics,Semiconductors,False
CSCO,MSFT,0.5659863488033291,Communication Equipment,Software - Infrastructure,False
AMZN,INTU,0.5658890232368667,Internet Retail,Software - Application,False
ADSK,SNPS,0.5648168574107163,Software - Application,Software - Infrastructure,False
LIN,ROP,0.5638005943572546,Specialty Chemicals,Software - Application,False
ADI,ADSK,0.5636160182590901,Semiconductors,Software - Application,False
AAPL,KLAC,0.5634021555309094,Consumer Electronics,Semiconductor Equipment & Materials,False
ADP,MSFT,0.563392332904561,Software - Application,Software - Infrastructure,False
ADI,SNPS,0.5632930468502129,Semiconductors,Software - Infrastructure,False
CDW,TXN,0.5629163370155695,Information Technology Services,Semiconductors,False
AEP,PEP,0.5615127340542464,Utilities - Regulated Electric,Beverages - Non-Alcoholic,False
ADP,LIN,0.5602312942390044,Software - Application,Specialty Chemicals,False
ADBE,PYPL,0.5599548311106041,Software - Application,Credit Services,False
CDW,PAYX,0.5596537979867412,Information Technology Services,Software - Application,False
KHC,MDLZ,0.5591457336274887,Packaged Foods,Confectioners,False
INTU,LRCX,0.5585833204094911,Software - Application,Semiconductor Equipment & Materials,False
CDNS,QCOM,0.558301341210983,Software - Application,Semiconductors,False
MSFT,WDAY,0.5576692536572257,Software - Infrastructure,Software - Application,False
CDNS,MRVL,0.5566788487640957,Software - Application,Semiconductors,False
CDW,NXPI,0.556608418802592,Information Technology Services,Semiconductors,False
CDNS,GOOGL,0.5562881680386549,Software - Application,Internet Content & Information,False
EXC,PEP,0.5562487814160596,Utilities - Regulated Electric,Beverages - Non-Alcoholic,False
AVGO,MSFT,0.5559382871610219,Semiconductors,Software - Infrastructure,False
MSFT,PYPL,0.5557844680267583,Software - Infrastructure,Credit Services,False
INTU,NVDA,0.5556047129730907,Software - Application,Semiconductors,False
AAPL,CDNS,0.5555085210358762,Consumer Electronics,Software - Application,False
INTC,KLAC,0.5552887660184395,Semiconductors,Semiconductor Equipment & Materials,False
AAPL,ASML,0.554131666090522,Consumer Electronics,Semiconductor Equipment & Materials,False
ASML,INTU,0.5539948689018205,Semiconductor Equipment & Materials,Software - Application,False
ARM,KLAC,0.5539541891491222,Semiconductors,Semiconductor Equipment & Materials,False
AAPL,LRCX,0.5537980446724344,Consumer Electronics,Semiconductor Equipment & Materials,False
MCHP,MSFT,0.5536913436517833,Semiconductors,Software - Infrastructure,False
INTC,LRCX,0.5536375598505214,Semiconductors,Semiconductor Equipment & Materials,False
CTSH,PAYX,0.5530385342217565,Information Technology Services,Software - Application,False
MSFT,ROP,0.5529423708748474,Software - Infrastructure,Software - Application,False
AAPL,QCOM,0.5528772536520158,Consumer Electronics,Semiconductors,False
AAPL,AMAT,0.5528322788675912,Consumer Electronics,Semiconductor Equipment & Materials,False
MCHP,SNPS,0.5516050798835296,Semiconductors,Software - Infrastructure,False
ARM,LRCX,0.5515339920032873,Semiconductors,Semiconductor Equipment & Materials,False
CDNS,ISRG,0.5513587266790919,Software - Application,Medical Instruments & Supplies,False
ADSK,AMAT,0.5510966078525134,Software - Application,Semiconductor Equipment & Materials,False
INTU,TXN,0.5506201424686961,Software - Application,Semiconductors,False
CDNS,NXPI,0.5501477783824466,Software - Application,Semiconductors,False
ADP,CSCO,0.5497198953610076,Software - Application,Communication Equipment,False
CTAS,LIN,0.5489839687333116,Specialty Business Services,Specialty Chemicals,False
ADSK,PYPL,0.548865702401948,Software - Application,Credit Services,False
FAST,ROP,0.5487400581839103,Industrial Distribution,Software - Application,False
CTAS,INTU,0.5483967067679466,Specialty Business Services,Software - Application,False
CPRT,INTU,0.5483736843855915,Specialty Business Services,Software - Application,False
MSFT,PAYX,0.5479738477590512,Software - Infrastructure,Software - Application,False
ADSK,KLAC,0.5479575980814866,Software - Application,Semiconductor Equipment & Materials,False
SNPS,TXN,0.5475572012496732,Software - Infrastructure,Semiconductors,False
CSCO,TXN,0.5471903607517119,Communication Equipment,Semiconductors,False
ADSK,LRCX,0.5470898868134105,Software - Application,Semiconductor Equipment & Materials,False
AMAT,INTU,0.5469304919785458,Semiconductor Equipment & Materials,Software - Application,False
GOOGL,LRCX,0.5465500881012543,Internet Content & Information,Semiconductor Equipment & Materials,False
ADSK,TXN,0.546285486234515,Software - Application,Semiconductors,False
ADSK,MCHP,0.5447700147499787,Software - Application,Semiconductors,False
AMZN,CDNS,0.5441279919479705,Internet Retail,Software - Application,False
ADBE,NVDA,0.5439768521698258,Software - Application,Semiconductors,False
AMAT,GOOGL,0.5433336094561386,Semiconductor Equipment & Materials,Internet Content & Information,False
ASML,GOOGL,0.542846123559753,Semiconductor Equipment & Materials,Internet Content & Information,False
AMAT,CDW,0.542565156654618,Semiconductor Equipment & Materials,Information Technology Services,False
CDW,CSCO,0.5419495110795842,Information Technology Services,Communication Equipment,False
ABNB,DASH,0.5414052674499356,Travel Services,Internet Retail,False
GOOGL,NVDA,0.5413668444437634,Internet Content & Information,Semiconductors,False
FAST,PCAR,0.5413526563603288,Industrial Distribution,Farm & Heavy Construction Machinery,False
ADBE,ASML,0.5412501908294577,Software - Application,Semiconductor Equipment & Materials,False
IDXX,INTU,0.5410174080091287,Diagnostics & Research,Software - Application,False
AMAT,AMD,0.5409718542900195,Semiconductor Equipment & Materials,Semiconductors,False
FAST,PAYX,0.5407923262339202,Industrial Distribution,Software - Application,False
AMAT,ARM,0.5407580951388572,Semiconductor Equipment & Materials,Semiconductors,False
MDB,WDAY,0.540308286577133,Software - Infrastructure,Software - Application,False
AAPL,SNPS,0.5401083349226082,Consumer Electronics,Software - Infrastructure,False
ASML,GFS,0.5400185159435196,Semiconductor Equipment & Materials,Semiconductors,False
MAR,ROST,0.539634972257571,Lodging,Apparel Retail,False
CSX,PCAR,0.5396001147645421,Railroads,Farm & Heavy Construction Machinery,False
AMZN,NVDA,0.5391793961588688,Internet Retail,Semiconductors,False
GOOGL,KLAC,0.5388331227827178,Internet Content & Information,Semiconductor Equipment & Materials,False
CSCO,HON,0.5384704115240779,Communication Equipment,Conglomerates,False
ADBE,ADI,0.5379667961447103,Software - Application,Semiconductors,False
CDW,KLAC,0.5375207910735624,Information Technology Services,Semiconductor Equipment & Materials,False
AAPL,NVDA,0.5371782021460982,Consumer Electronics,Semiconductors,False
ISRG,SNPS,0.5367780440295639,Medical Instruments & Supplies,Software - Infrastructure,False
AAPL,ADSK,0.5364651704524184,Consumer Electronics,Software - Application,False
CDW,HON,0.5363262265923731,Information Technology Services,Conglomerates,False
CPRT,PAYX,0.5357721657880712,Specialty Business Services,Software - Application,False
ADP,CTSH,0.5353045431626743,Software - Application,Information Technology Services,False
AMD,LRCX,0.5350647266704539,Semiconductors,Semiconductor Equipment & Materials,False
CSX,ROP,0.5349884386711773,Railroads,Software - Application,False
ADSK,ISRG,0.5345992234989342,Software - Application,Medical Instruments & Supplies,False
INTU,MCHP,0.5341813181589895,Software - Application,Semiconductors,False
CTAS,MSFT,0.5341695062833366,Specialty Business Services,Software - Infrastructure,False
ADSK,GOOGL,0.5338776271596729,Software - Application,Internet Content & Information,False
ADI,ISRG,0.5336652614244276,Semiconductors,Medical Instruments & Supplies,False
CDNS,ON,0.5335874761728809,Software - Application,Semiconductors,False
IDXX,ISRG,0.5334989951525666,Diagnostics & Research,Medical Instruments & Supplies,False
ADBE,TXN,0.5324590286390857,Software - Application,Semiconductors,False
ABNB,MAR,0.5323398735286798,Travel Services,Lodging,False
CDW,ON,0.5323193097082868,Information Technology Services,Semiconductors,False
CDW,LRCX,0.5315774982955047,Information Technology Services,Semiconductor Equipment & Materials,False
CSX,PAYX,0.5314315495598091,Railroads,Software - Application,False
MRVL,SNPS,0.5312654673784609,Semiconductors,Software - Infrastructure,False
ADP,CDW,0.5311753222405822,Software - Application,Information Technology Services,False
PEP,VRSK,0.5307976502325984,Beverages - Non-Alcoholic,Consulting Services,False
MSFT,QCOM,0.5302845207920653,Software - Infrastructure,Semiconductors,False
PAYX,PEP,0.5301452898646809,Software - Application,Beverages - Non-Alcoholic,False
AAPL,ISRG,0.5301407411234508,Consumer Electronics,Medical Instruments & Supplies,False
CSX,ODFL,0.5298543418913714,Railroads,Trucking,False
GOOGL,SNPS,0.5291717089741407,Internet Content & Information,Software - Infrastructure,False
ADI,GOOGL,0.529078270625572,Semiconductors,Internet Content & Information,False
CSCO,ROP,0.5285591494528996,Communication Equipment,Software - Application,False
ADBE,ISRG,0.5284076073762212,Software - Application,Medical Instruments & Supplies,False
ASML,INTC,0.5281167559718535,Semiconductor Equipment & Materials,Semiconductors,False
AAPL,CSCO,0.527816423020794,Consumer Electronics,Communication Equipment,False
QCOM,SNPS,0.527601879899866,Semiconductors,Software - Infrastructure,False
ADSK,ON,0.5271788887671423,Software - Application,Semiconductors,False
CDW,INTU,0.5267956470422923,Information Technology Services,Software - Application,False
CPRT,MSFT,0.5266767265375213,Specialty Business Services,Software - Infrastructure,False
AMZN,SNPS,0.5264353961109992,Internet Retail,Software - Infrastructure,False
ISRG,KLAC,0.5258820255234874,Medical Instruments & Supplies,Semiconductor Equipment & Materials,False
CPRT,ROP,0.5257236054130632,Specialty Business Services,Software - Application,False
MAR,ON,0.5254276182501063,Lodging,Semiconductors,False
AAPL,NXPI,0.5253926784104253,Consumer Electronics,Semiconductors,False
ADBE,KLAC,0.5249083608961259,Software - Application,Semiconductor Equipment & Materials,False
CTSH,HON,0.5248484991012653,Information Technology Services,Conglomerates,False
AMD,KLAC,0.5247776402562669,Semiconductors,Semiconductor Equipment & Materials,False
AAPL,AVGO,0.5247548611719866,Consumer Electronics,Semiconductors,False
GOOGL,TXN,0.5246807859764443,Internet Content & Information,Semiconductors,False
AMZN,PYPL,0.5245845123824694,Internet Retail,Credit Services,False
AMZN,NFLX,0.5245620261725986,Internet Retail,Entertainment,False
CDNS,CPRT,0.5245588582120652,Software - Application,Specialty Business Services,False
CPRT,VRSK,0.5244173885690775,Specialty Business Services,Consulting Services,False
META,PYPL,0.5240905190681635,Internet Content & Information,Credit Services,False
ISRG,LRCX,0.5239646685217525,Medical Instruments & Supplies,Semiconductor Equipment & Materials,False
ASML,ISRG,0.5237532243160476,Semiconductor Equipment & Materials,Medical Instruments & Supplies,False
ADI,CTSH,0.5234988292491805,Semiconductors,Information Technology Services,False
ADSK,AMZN,0.5233024149932259,Software - Application,Internet Retail,False
CTSH,ROP,0.5231571234091695,Information Technology Services,Software - Application,False
INTU,VRSK,0.5230751171588712,Software - Application,Consulting Services,False
CTSH,INTU,0.5224374441242408,Information Technology Services,Software - Application,False
ADI,CSCO,0.5224045032555934,Semiconductors,Communication Equipment,False
ADBE,META,0.5223871614137108,Software - Application,Internet Content & Information,False
AAPL,META,0.5220492998743076,Consumer Electronics,Internet Content & Information,False
CDW,MSFT,0.5220481896336647,Information Technology Services,Software - Infrastructure,False
FTNT,INTU,0.5218673306199262,Software - Infrastructure,Software - Application,False
GOOGL,ISRG,0.5215136467033598,Internet Content & Information,Medical Instruments & Supplies,False
KHC,PEP,0.5213598381946616,Packaged Foods,Beverages - Non-Alcoholic,False
CDNS,IDXX,0.5208455051015802,Software - Application,Diagnostics & Research,False
ADP,PEP,0.5208096452154187,Software - Application,Beverages - Non-Alcoholic,False
ADI,HON,0.5205582439437475,Semiconductors,Conglomerates,False
PAYX,TXN,0.5203526552411873,Software - Application,Semiconductors,False
MSFT,VRSK,0.5198347326037739,Software - Infrastructure,Consulting Services,False
AAPL,CDW,0.5198070442798106,Consumer Electronics,Information Technology Services,False
CTSH,TXN,0.5194870555968818,Information Technology Services,Semiconductors,False
TEAM,ZS,0.519389555168423,Software - Application,Software - Infrastructure,False
CPRT,HON,0.5193461006146295,Specialty Business Services,Conglomerates,False
MRVL,MSFT,0.5192472607420334,Semiconductors,Software - Infrastructure,False
ADSK,CPRT,0.5192027877888011,Software - Application,Specialty Business Services,False
ADBE,FTNT,0.5191504060594151,Software - Application,Software - Infrastructure,False
AAPL,PYPL,0.5186994917739778,Consumer Electronics,Credit Services,False
EXC,PAYX,0.5183883329071588,Utilities - Regulated Electric,Software - Application,False
CDW,CTAS,0.5181344384333144,Information Technology Services,Specialty Business Services,False
ADP,TXN,0.5177991617512185,Software - Application,Semiconductors,False
FAST,HON,0.5177507721438818,Industrial Distribution,Conglomerates,False
CTAS,MAR,0.5175703512117278,Specialty Business Services,Lodging,False
ADI,CTAS,0.517431353008883,Semiconductors,Specialty Business Services,False
ADSK,NVDA,0.5171702755795519,Software - Application,Semiconductors,False
LIN,MSFT,0.5167350803722663,Specialty Chemicals,Software - Infrastructure,False
ADBE,AMAT,0.5166872740648527,Software - Application,Semiconductor Equipment & Materials,False
ADP,FAST,0.5166054309963756,Software - Application,Industrial Distribution,False
CSGP,INTU,0.5162993853058656,Real Estate Services,Software - Application,False
AMD,ASML,0.5162810758406077,Semiconductors,Semiconductor Equipment & Materials,False
HON,ROST,0.51577295356237,Conglomerates,Apparel Retail,False
ADBE,LRCX,0.5148548034489896,Software - Application,Semiconductor Equipment & Materials,False
CTAS,ISRG,0.5146405720601944,Specialty Business Services,Medical Instruments & Supplies,False
AVGO,SNPS,0.5146309395570893,Semiconductors,Software - Infrastructure,False
AMAT,ISRG,0.5140521665070185,Semiconductor Equipment & Materials,Medical Instruments & Supplies,False
CTSH,MSFT,0.5139614828768615,Information Technology Services,Software - Infrastructure,False
EXC,MDLZ,0.5139426303917762,Utilities - Regulated Electric,Confectioners,False
AMZN,ASML,0.5139231374429363,Internet Retail,Semiconductor Equipment & Materials,False
INTU,META,0.5136621880888232,Software - Application,Internet Content & Information,False
AAPL,ON,0.5135180141542621,Consumer Electronics,Semiconductors,False
INTU,MDB,0.5134337336424145,Software - Application,Software - Infrastructure,False
ADSK,NXPI,0.5132893645577173,Software - Application,Semiconductors,False
ADP,CPRT,0.5131704028814646,Software - Application,Specialty Business Services,False
IDXX,MSFT,0.5126007759691998,Diagnostics & Research,Software - Infrastructure,False
CSX,FAST,0.5112877872710974,Railroads,Industrial Distribution,False
NXPI,SNPS,0.5111614621745187,Semiconductors,Software - Infrastructure,False
MDLZ,XEL,0.5107689561179516,Confectioners,Utilities - Regulated Electric,False
CDNS,CRWD,0.5106776383305289,Software - Application,Software - Infrastructure,False
ADSK,CDW,0.5106189652885593,Software - Application,Information Technology Services,False
CSX,LIN,0.5103982424961636,Railroads,Specialty Chemicals,False
CTSH,MCHP,0.5099842412200413,Information Technology Services,Semiconductors,False
CPRT,SNPS,0.5099744562800409,Specialty Business Services,Software - Infrastructure,False
CSX,CTAS,0.5099514709817419,Railroads,Specialty Business Services,False
ROP,TXN,0.5094231788409729,Software - Application,Semiconductors,False
ADI,ROP,0.5092197847777175,Semiconductors,Software - Application,False
ASML,CDW,0.508849211678823,Semiconductor Equipment & Materials,Information Technology Services,False
ISRG,TXN,0.5084486815812821,Medical Instruments & Supplies,Semiconductors,False
CDW,GFS,0.507482735669101,Information Technology Services,Semiconductors,False
CSCO,LIN,0.5072010618200462,Communication Equipment,Specialty Chemicals,False
BKNG,HON,0.507155439549045,Travel Services,Conglomerates,False
ADP,CSX,0.5070492785494982,Software - Application,Railroads,False
LIN,TXN,0.5070258505179818,Specialty Chemicals,Semiconductors,False
PYPL,WDAY,0.5070073187719043,Credit Services,Software - Application,False
FAST,ODFL,0.5069624702921711,Industrial Distribution,Trucking,False
SNPS,WDAY,0.5068243794746964,Software - Infrastructure,Software - Application,False
ADSK,FTNT,0.5068046919185345,Software - Application,Software - Infrastructure,False
HON,TXN,0.5067315731598296,Conglomerates,Semiconductors,False
GOOGL,MCHP,0.5063662078951761,Internet Content & Information,Semiconductors,False
LIN,PCAR,0.5062615478230039,Specialty Chemicals,Farm & Heavy Construction Machinery,False
ADI,PYPL,0.5060755906738301,Semiconductors,Credit Services,False
MAR,NXPI,0.5060642002612199,Lodging,Semiconductors,False
CDNS,PYPL,0.5058308752251783,Software - Application,Credit Services,False
MDLZ,PAYX,0.5056135671348834,Confectioners,Software - Application,False
ADSK,MDB,0.5052861535135668,Software - Application,Software - Infrastructure,False
CDW,CPRT,0.505182506941121,Information Technology Services,Specialty Business Services,False
ODFL,PCAR,0.5050986349273483,Trucking,Farm & Heavy Construction Machinery,False
MSFT,NXPI,0.504711320324989,Software - Infrastructure,Semiconductors,False
ADBE,MCHP,0.5046845248793832,Software - Application,Semiconductors,False
COST,MSFT,0.5046788670447901,Discount Stores,Software - Infrastructure,False
CTAS,CTSH,0.5046181001592115,Specialty Business Services,Information Technology Services,False
ISRG,PAYX,0.5044679020288381,Medical Instruments & Supplies,Software - Application,False
ADBE,MDB,0.5043635448372503,Software - Application,Software - Infrastructure,False
MDLZ,VRSK,0.5043142017356976,Confectioners,Consulting Services,False
ASML,PYPL,0.504179226905024,Semiconductor Equipment & Materials,Credit Services,False
CDNS,MU,0.5040563674685258,Software - Application,Semiconductors,False
GOOGL,PYPL,0.504043532923965,Internet Content & Information,Credit Services,False
BKNG,MCHP,0.5039510269723309,Travel Services,Semiconductors,False
CSCO,INTU,0.5037115792735881,Communication Equipment,Software - Application,False
AMZN,WDAY,0.5032991631004391,Internet Retail,Software - Application,False
CPRT,ISRG,0.5028181381902913,Specialty Business Services,Medical Instruments & Supplies,False
PYPL,SNPS,0.5028024323818069,Credit Services,Software - Infrastructure,False
ADI,CSX,0.5022911372899571,Semiconductors,Railroads,False
PYPL,TXN,0.5021188558472269,Credit Services,Semiconductors,False
HON,ISRG,0.5018571763070335,Conglomerates,Medical Instruments & Supplies,False
ADI,LIN,0.5018571223666205,Semiconductors,Specialty Chemicals,False
ADP,ISRG,0.5017562222112211,Software - Application,Medical Instruments & Supplies,False
ON,SNPS,0.5011648099888284,Semiconductors,Software - Infrastructure,False
INTU,NXPI,0.5011626283281547,Software - Application,Semiconductors,False
ADI,PCAR,0.5009807622947415,Semiconductors,Farm & Heavy Construction Machinery,False
INTU,LIN,0.500771572010759,Software - Application,Specialty Chemicals,False
AMZN,DDOG,0.5006818691456856,Internet Retail,Software - Application,False
ADSK,QCOM,0.5006553660567642,Software - Application,Semiconductors,False
CRWD,TEAM,0.5003725085488984,Software - Infrastructure,Software - Application,False
ISRG,NVDA,0.4994258696185195,Medical Instruments & Supplies,Semiconductors,False
CTAS,TXN,0.4993180831156178,Specialty Business Services,Semiconductors,False
CSCO,MCHP,0.49910489395145063,Communication Equipment,Semiconductors,False
CTAS,ROST,0.49902350512691274,Specialty Business Services,Apparel Retail,False
ISRG,PYPL,0.49875611788534213,Medical Instruments & Supplies,Credit Services,False
ISRG,MCHP,0.49867416401566417,Medical Instruments & Supplies,Semiconductors,False
CDW,SBUX,0.4985039614236306,Information Technology Services,Restaurants,False
FAST,LIN,0.49823365207058823,Industrial Distribution,Specialty Chemicals,False
PCAR,TXN,0.4980371930208099,Farm & Heavy Construction Machinery,Semiconductors,False
CDW,LIN,0.4975559979997112,Information Technology Services,Specialty Chemicals,False
PAYX,SBUX,0.4973323521656484,Software - Application,Restaurants,False
AAPL,ROP,0.49715529296855493,Consumer Electronics,Software - Application,False
DASH,ZS,0.4970333467328088,Internet Retail,Software - Infrastructure,False
CTAS,KLAC,0.49700172319907454,Specialty Business Services,Semiconductor Equipment & Materials,False
ARM,ASML,0.4969987843759244,Semiconductors,Semiconductor Equipment & Materials,False
INTU,ZS,0.49680070576225344,Software - Application,Software - Infrastructure,False
ADI,ADP,0.49664764334329453,Semiconductors,Software - Application,False
ADBE,CPRT,0.4965815727630107,Software - Application,Specialty Business Services,False
AVGO,GOOGL,0.4963492746629406,Semiconductors,Internet Content & Information,False
LIN,VRSK,0.49627745846245636,Specialty Chemicals,Consulting Services,False
ADSK,AVGO,0.49627485483226985,Software - Application,Semiconductors,False
CPRT,KLAC,0.4962739191761838,Specialty Business Services,Semiconductor Equipment & Materials,False
INTU,QCOM,0.495991674758595,Software - Application,Semiconductors,False
MSFT,ON,0.4959531696112809,Software - Infrastructure,Semiconductors,False
ADP,EXC,0.49581751696106857,Software - Application,Utilities - Regulated Electric,False
IDXX,SNPS,0.4958144861317614,Diagnostics & Research,Software - Infrastructure,False
ODFL,TXN,0.4957080516562135,Trucking,Semiconductors,False
ADSK,CSGP,0.4956910729623353,Software - Application,Real Estate Services,False
AMZN,MRVL,0.4953566115491268,Internet Retail,Semiconductors,False
MCHP,ODFL,0.4950407868828749,Semiconductors,Trucking,False
HON,MCHP,0.49493204643919464,Conglomerates,Semiconductors,False
CSGP,MSFT,0.4948089410463691,Real Estate Services,Software - Infrastructure,False
CSX,TXN,0.49474061777700823,Railroads,Semiconductors,False
LIN,MCHP,0.4944352283510811,Specialty Chemicals,Semiconductors,False
AMZN,MDB,0.49414909790988076,Internet Retail,Software - Infrastructure,False
INTU,MRVL,0.4940657187478006,Software - Application,Semiconductors,False
MCHP,PYPL,0.4939755581391244,Semiconductors,Credit Services,False
ADBE,QCOM,0.4936859394639659,Software - Application,Semiconductors,False
PCAR,ROP,0.493625162999966,Farm & Heavy Construction Machinery,Software - Application,False
ADI,BKNG,0.49346527676543994,Semiconductors,Travel Services,False
CPRT,FAST,0.4934137217846328,Specialty Business Services,Industrial Distribution,False
DDOG,MSFT,0.4932448443873484,Software - Application,Software - Infrastructure,False
AMZN,ZS,0.4928664950534631,Internet Retail,Software - Infrastructure,False
ADI,MAR,0.4928018285317394,Semiconductors,Lodging,False
ADI,CPRT,0.49244244129375164,Semiconductors,Specialty Business Services,False
MSFT,MU,0.49228230038290294,Software - Infrastructure,Semiconductors,False
META,NVDA,0.4922275746550833,Internet Content & Information,Semiconductors,False
CTSH,LIN,0.49215038144477047,Information Technology Services,Specialty Chemicals,False
AAPL,GFS,0.49199476073053083,Consumer Electronics,Semiconductors,False
ISRG,LIN,0.4919039517694568,Medical Instruments & Supplies,Specialty Chemicals,False
CDW,PCAR,0.4917381146697959,Information Technology Services,Farm & Heavy Construction Machinery,False
MELI,MSFT,0.49168043094976416,Internet Retail,Software - Infrastructure,False
CDNS,CDW,0.49167658874847686,Software - Application,Information Technology Services,False
CSCO,CTSH,0.49156128221334,Communication Equipment,Information Technology Services,False
INTC,MSFT,0.4910789671947502,Semiconductors,Software - Infrastructure,False
CTAS,FAST,0.4910643581034141,Specialty Business Services,Industrial Distribution,False
INTU,MELI,0.49083772606088805,Software - Application,Internet Retail,False
ADP,MDLZ,0.4907715605642651,Software - Application,Confectioners,False
CDNS,FTNT,0.49073505201800716,Software - Application,Software - Infrastructure,False
CDNS,MDB,0.4902298790062027,Software - Application,Software - Infrastructure,False
AAPL,CPRT,0.49016732948405706,Consumer Electronics,Specialty Business Services,False
CPRT,ODFL,0.48979727304728954,Specialty Business Services,Trucking,False
AAPL,ADP,0.48949299623943854,Consumer Electronics,Software - Application,False
KLAC,PYPL,0.489197314103101,Semiconductor Equipment & Materials,Credit Services,False
AMD,CDNS,0.48910356452497616,Semiconductors,Software - Application,False
ASML,LIN,0.48910166612839845,Semiconductor Equipment & Materials,Specialty Chemicals,False
CSCO,CSX,0.48893911004140567,Communication Equipment,Railroads,False
ISRG,ROP,0.4888581878758837,Medical Instruments & Supplies,Software - Application,False
CDNS,META,0.48876795763403147,Software - Application,Internet Content & Information,False
DDOG,TTD,0.48849728419641414,Software - Application,Advertising Agencies,False
HON,MSFT,0.4883506812029813,Conglomerates,Software - Infrastructure,False
CDNS,ZS,0.4881916047361205,Software - Application,Software - Infrastructure,False
AVGO,INTU,0.48811142361559284,Semiconductors,Software - Application,False
ODFL,ROP,0.4878616598616775,Trucking,Software - Application,False
CDW,MAR,0.4877888749196388,Information Technology Services,Lodging,False
AMZN,KLAC,0.4876851692975168,Internet Retail,Semiconductor Equipment & Materials,False
MAR,PCAR,0.4876585201220168,Lodging,Farm & Heavy Construction Machinery,False
CRWD,DASH,0.4875837295920226,Software - Infrastructure,Internet Retail,False
AMAT,CSCO,0.4873893724544877,Semiconductor Equipment & Materials,Communication Equipment,False
DASH,PLTR,0.4873775354810514,Internet Retail,Software - Infrastructure,False
GOOGL,QCOM,0.48737472453333425,Internet Content & Information,Semiconductors,False
HON,SBUX,0.4873721249477777,Conglomerates,Restaurants,False
CTAS,LRCX,0.4872938558717522,Specialty Business Services,Semiconductor Equipment & Materials,False
CSCO,KLAC,0.486974352150787,Communication Equipment,Semiconductor Equipment & Materials,False
ASML,META,0.48685470853902074,Semiconductor Equipment & Materials,Internet Content & Information,False
ADSK,BKNG,0.4865838331442283,Software - Application,Travel Services,False
MAR,MCHP,0.48647082039401435,Lodging,Semiconductors,False
CRWD,NVDA,0.4864663581510781,Software - Infrastructure,Semiconductors,False
CPRT,LIN,0.4864251695906556,Specialty Business Services,Specialty Chemicals,False
CMCSA,PAYX,0.48632435102385735,Telecom Services,Software - Application,False
CPRT,MCHP,0.48630690972600843,Specialty Business Services,Semiconductors,False
AMAT,AMZN,0.4862110701602193,Semiconductor Equipment & Materials,Internet Retail,False
PAYX,PCAR,0.4861223965452491,Software - Application,Farm & Heavy Construction Machinery,False
AAPL,PAYX,0.486026146570023,Consumer Electronics,Software - Application,False
ADSK,MRVL,0.48577770650415086,Software - Application,Semiconductors,False
FTNT,WDAY,0.48569707782755145,Software - Infrastructure,Software - Application,False
CSX,CTSH,0.48543000135971803,Railroads,Information Technology Services,False
CDW,CSX,0.48519022597313527,Information Technology Services,Railroads,False
WDAY,ZS,0.48486590411374225,Software - Application,Software - Infrastructure,False
ADSK,LIN,0.4844820844852939,Software - Application,Specialty Chemicals,False
BKR,HON,0.48413099949971306,Oil & Gas Equipment & Services,Conglomerates,False
LRCX,PYPL,0.48387763971202297,Semiconductor Equipment & Materials,Credit Services,False
AAPL,CTAS,0.48384350809265914,Consumer Electronics,Specialty Business Services,False
ROP,SNPS,0.48381269841992913,Software - Application,Software - Infrastructure,False
ADSK,CTSH,0.4838052049025989,Software - Application,Information Technology Services,False
AMZN,LRCX,0.48355860770968195,Internet Retail,Semiconductor Equipment & Materials,False
AMAT,PYPL,0.4835265403395829,Semiconductor Equipment & Materials,Credit Services,False
ADSK,IDXX,0.48350853769690016,Software - Application,Diagnostics & Research,False
MSFT,NFLX,0.48290478136803483,Software - Infrastructure,Entertainment,False
MU,SNPS,0.48287695472725584,Semiconductors,Software - Infrastructure,False
CSCO,GOOGL,0.48277222806482767,Communication Equipment,Internet Content & Information,False
ADI,SBUX,0.4827472781414823,Semiconductors,Restaurants,False
CPRT,NXPI,0.4825351041556934,Specialty Business Services,Semiconductors,False
ADSK,CTAS,0.4824479978286288,Software - Application,Specialty Business Services,False
AMZN,TEAM,0.4819917334021532,Internet Retail,Software - Application,False
INTU,ON,0.48191778661064794,Software - Application,Semiconductors,False
AMZN,ISRG,0.4818513132161132,Internet Retail,Medical Instruments & Supplies,False
AAPL,LIN,0.4816987509876669,Consumer Electronics,Specialty Chemicals,False
ADBE,CSCO,0.48153760791658257,Software - Application,Communication Equipment,False
ADP,SBUX,0.4815179176379205,Software - Application,Restaurants,False
CSCO,CTAS,0.48125472556847865,Communication Equipment,Specialty Business Services,False
ADSK,MELI,0.4809286564171795,Software - Application,Internet Retail,False
MELI,PYPL,0.4807995169287893,Internet Retail,Credit Services,False
HON,NXPI,0.4807185650185007,Conglomerates,Semiconductors,False
CDW,QCOM,0.4803925802403306,Information Technology Services,Semiconductors,False
BKNG,INTU,0.47997461622713433,Travel Services,Software - Application,False
ISRG,NXPI,0.479918850039615,Medical Instruments & Supplies,Semiconductors,False
ADBE,NFLX,0.4798294973775416,Software - Application,Entertainment,False
CSGP,PYPL,0.4795719195549254,Real Estate Services,Credit Services,False
ADI,PAYX,0.479541061918091,Semiconductors,Software - Application,False
CDW,ROP,0.4794341579093953,Information Technology Services,Software - Application,False
CSGP,CTAS,0.4794138615535956,Real Estate Services,Specialty Business Services,False
CSCO,LRCX,0.4789218909223834,Communication Equipment,Semiconductor Equipment & Materials,False
CPRT,LRCX,0.478687011462685,Specialty Business Services,Semiconductor Equipment & Materials,False
ADSK,CSCO,0.47854860533802507,Software - Application,Communication Equipment,False
AMZN,TXN,0.4784905901892616,Internet Retail,Semiconductors,False
MCHP,PCAR,0.4783614941018525,Semiconductors,Farm & Heavy Construction Machinery,False
CSCO,FAST,0.4783310701443742,Communication Equipment,Industrial Distribution,False
CTAS,MCHP,0.47814542789686665,Specialty Business Services,Semiconductors,False
CTAS,PCAR,0.4778103906811198,Specialty Business Services,Farm & Heavy Construction Machinery,False
HON,ON,0.4777791114099481,Conglomerates,Semiconductors,False
MDLZ,MNST,0.4777048266542914,Confectioners,Beverages - Non-Alcoholic,False
ODFL,PAYX,0.4776950006799912,Trucking,Software - Application,False
ADBE,ZS,0.47768012060063736,Software - Application,Software - Infrastructure,False
BKNG,LIN,0.4774900812734411,Travel Services,Specialty Chemicals,False
META,SNPS,0.4774861978797648,Internet Content & Information,Software - Infrastructure,False
AAPL,IDXX,0.4774168796638297,Consumer Electronics,Diagnostics & Research,False
BKNG,CDW,0.4773578977237138,Travel Services,Information Technology Services,False
ISRG,WDAY,0.47716439397743077,Medical Instruments & Supplies,Software - Application,False
FAST,TXN,0.47700366401532335,Industrial Distribution,Semiconductors,False
CDW,ISRG,0.47674147282111484,Information Technology Services,Medical Instruments & Supplies,False
CRWD,WDAY,0.47663364018760085,Software - Infrastructure,Software - Application,False
CDNS,GFS,0.47659591536493157,Software - Application,Semiconductors,False
AAPL,MRVL,0.4762839792137825,Consumer Electronics,Semiconductors,False
ADSK,MU,0.47619497475199013,Software - Application,Semiconductors,False
AAPL,COST,0.4758783009192595,Consumer Electronics,Discount Stores,False
ASML,CPRT,0.4758756454428248,Semiconductor Equipment & Materials,Specialty Business Services,False
MDB,TTD,0.4756028758308849,Software - Infrastructure,Advertising Agencies,False
KLAC,LIN,0.4754051442229575,Semiconductor Equipment & Materials,Specialty Chemicals,False
ADSK,ZS,0.47534576359701275,Software - Application,Software - Infrastructure,False
HON,INTU,0.4753153161194429,Conglomerates,Software - Application,False
ADI,AMZN,0.47513760468671035,Semiconductors,Internet Retail,False
CTSH,GOOGL,0.4751140099281315,Information Technology Services,Internet Content & Information,False
ADBE,VRSK,0.4750351339999265,Software - Application,Consulting Services,False
NXPI,PCAR,0.475007180482835,Semiconductors,Farm & Heavy Construction Machinery,False
ADBE,AVGO,0.4748457273280318,Software - Application,Semiconductors,False
AMAT,CTAS,0.4747237047739313,Semiconductor Equipment & Materials,Specialty Business Services,False
NXPI,ODFL,0.4746767541204885,Semiconductors,Trucking,False
GOOGL,WDAY,0.4745154697345612,Internet Content & Information,Software - Application,False
SNPS,TEAM,0.47429644137569993,Software - Infrastructure,Software - Application,False
AAPL,CTSH,0.4740564418803372,Consumer Electronics,Information Technology Services,False
GOOGL,MRVL,0.4740213299499922,Internet Content & Information,Semiconductors,False
CTAS,EXC,0.4737269004258446,Specialty Business Services,Utilities - Regulated Electric,False
KLAC,META,0.4736438510072264,Semiconductor Equipment & Materials,Internet Content & Information,False
INTU,SBUX,0.4736429939765598,Software - Application,Restaurants,False
ADP,CMCSA,0.4736218701630074,Software - Application,Telecom Services,False
FTNT,PYPL,0.47354398380830304,Software - Infrastructure,Credit Services,False
FAST,VRSK,0.47351086272932763,Industrial Distribution,Consulting Services,False
ADBE,MELI,0.47347410766473946,Software - Application,Internet Retail,False
BKNG,ON,0.47330998315330625,Travel Services,Semiconductors,False
ADBE,IDXX,0.4733007788706838,Software - Application,Diagnostics & Research,False
CSGP,ROP,0.4732560406765372,Real Estate Services,Software - Application,False
ADSK,META,0.4731795039025742,Software - Application,Internet Content & Information,False
ASML,WDAY,0.4731022836440611,Semiconductor Equipment & Materials,Software - Application,False
HON,VRSK,0.4729979654773888,Conglomerates,Consulting Services,False
AVGO,CDW,0.4728379443607522,Semiconductors,Information Technology Services,False
IDXX,KLAC,0.4727952771604071,Diagnostics & Research,Semiconductor Equipment & Materials,False
CDW,ODFL,0.47272423314739476,Information Technology Services,Trucking,False
AMAT,CPRT,0.4726434796076808,Semiconductor Equipment & Materials,Specialty Business Services,False
BKNG,NXPI,0.47189784583876365,Travel Services,Semiconductors,False
CTSH,NXPI,0.47173968165611163,Information Technology Services,Semiconductors,False
AMZN,CRWD,0.471592382186884,Internet Retail,Software - Infrastructure,False
LIN,SBUX,0.47153774360357065,Specialty Chemicals,Restaurants,False
AAPL,WDAY,0.4715341183774968,Consumer Electronics,Software - Application,False
ON,PCAR,0.47134793566319805,Semiconductors,Farm & Heavy Construction Machinery,False
CPRT,CSX,0.47132915624932453,Specialty Business Services,Railroads,False
AMAT,LIN,0.47122288684225244,Semiconductor Equipment & Materials,Specialty Chemicals,False
BKNG,TXN,0.47117964819879077,Travel Services,Semiconductors,False
DDOG,NVDA,0.47115971804005197,Software - Application,Semiconductors,False
LRCX,META,0.4711054464735933,Semiconductor Equipment & Materials,Internet Content & Information,False
EXC,VRSK,0.47079732523725826,Utilities - Regulated Electric,Consulting Services,False
ADBE,NXPI,0.47074957999642375,Software - Application,Semiconductors,False
LIN,LRCX,0.4706525496052406,Specialty Chemicals,Semiconductor Equipment & Materials,False
ADSK,DASH,0.4703945914964898,Software - Application,Internet Retail,False
ISRG,VRSK,0.4703800682035268,Medical Instruments & Supplies,Consulting Services,False
CCEP,LIN,0.4701727846951072,Beverages - Non-Alcoholic,Specialty Chemicals,False
AAPL,HON,0.47015093048600115,Consumer Electronics,Conglomerates,False
MCHP,PAYX,0.4700302068252757,Semiconductors,Software - Application,False
CPRT,TXN,0.46991728889348455,Specialty Business Services,Semiconductors,False
AEP,MDLZ,0.4697800677917451,Utilities - Regulated Electric,Confectioners,False
CDNS,MELI,0.46953009043481536,Software - Application,Internet Retail,False
CDNS,INTC,0.4694007528696006,Software - Application,Semiconductors,False
AMZN,MCHP,0.4692682965427542,Internet Retail,Semiconductors,False
CDW,MU,0.469144443706358,Information Technology Services,Semiconductors,False
CPRT,CTSH,0.4691178682996174,Specialty Business Services,Information Technology Services,False
DASH,PYPL,0.46905889155634767,Internet Retail,Credit Services,False
ADI,WDAY,0.46899816626113466,Semiconductors,Software - Application,False
MCHP,SBUX,0.46899745547304056,Semiconductors,Restaurants,False
CSCO,ISRG,0.46894232603526925,Communication Equipment,Medical Instruments & Supplies,False
CTAS,NXPI,0.4689059099025428,Specialty Business Services,Semiconductors,False
CTSH,ISRG,0.4688736023607319,Information Technology Services,Medical Instruments & Supplies,False
ARM,CDNS,0.4688080854108296,Semiconductors,Software - Application,False
ADP,PCAR,0.46875655885779016,Software - Application,Farm & Heavy Construction Machinery,False
ADBE,CDW,0.4686526519452681,Software - Application,Information Technology Services,False
LIN,MAR,0.4685766326274539,Specialty Chemicals,Lodging,False
FTNT,ISRG,0.46821715029675676,Software - Infrastructure,Medical Instruments & Supplies,False
CTAS,SBUX,0.46802264439629837,Specialty Business Services,Restaurants,False
CMCSA,HON,0.4680116047009009,Telecom Services,Conglomerates,False
ADBE,CSGP,0.46783368130712893,Software - Application,Real Estate Services,False
CPRT,PYPL,0.4677565603929847,Specialty Business Services,Credit Services,False
BKNG,LRCX,0.4676084444390508,Travel Services,Semiconductor Equipment & Materials,False
FAST,MSFT,0.4675833959891281,Industrial Distribution,Software - Infrastructure,False
CPRT,WDAY,0.46758178830953834,Specialty Business Services,Software - Application,False
GOOGL,IDXX,0.46747648045061097,Internet Content & Information,Diagnostics & Research,False
CPRT,CSGP,0.46745328167087885,Specialty Business Services,Real Estate Services,False
DASH,INTU,0.4673989674985503,Internet Retail,Software - Application,False
PANW,WDAY,0.4672319483277277,Software - Infrastructure,Software - Application,False
ISRG,META,0.4670184545816656,Medical Instruments & Supplies,Internet Content & Information,False
INTU,PANW,0.4669266446422204,Software - Application,Software - Infrastructure,False
AVGO,CSCO,0.46692061595840373,Semiconductors,Communication Equipment,False
CDNS,CTAS,0.4668935101279473,Software - Application,Specialty Business Services,False
ABNB,ADSK,0.46679673987390563,Travel Services,Software - Application,False
ADI,ODFL,0.4666906440222283,Semiconductors,Trucking,False
ADBE,CTSH,0.4666624182984984,Software - Application,Information Technology Services,False
CTSH,LRCX,0.4664565772536682,Information Technology Services,Semiconductor Equipment & Materials,False
HON,LRCX,0.4663938143246064,Conglomerates,Semiconductor Equipment & Materials,False
ADP,GOOGL,0.46639024915342764,Software - Application,Internet Content & Information,False
HON,KLAC,0.46632620799040153,Conglomerates,Semiconductor Equipment & Materials,False
IDXX,TXN,0.4659503786706131,Diagnostics & Research,Semiconductors,False
AMZN,AVGO,0.46591446481538434,Internet Retail,Semiconductors,False
HON,ODFL,0.46589730200864465,Conglomerates,Trucking,False
CSCO,PCAR,0.4657881245141961,Communication Equipment,Farm & Heavy Construction Machinery,False
AMAT,BKNG,0.4657602225329896,Semiconductor Equipment & Materials,Travel Services,False
GOOGL,PAYX,0.46573070997551597,Internet Content & Information,Software - Application,False
CSX,MCHP,0.4656287976866882,Railroads,Semiconductors,False
COST,VRSK,0.465617066832941,Discount Stores,Consulting Services,False
ASML,IDXX,0.46527601784793093,Semiconductor Equipment & Materials,Diagnostics & Research,False
AVGO,ISRG,0.4651742491279959,Semiconductors,Medical Instruments & Supplies,False
ADSK,CRWD,0.46514860262303104,Software - Application,Software - Infrastructure,False
DASH,TTD,0.4651423455820558,Internet Retail,Advertising Agencies,False
CTAS,ON,0.4650515191191457,Specialty Business Services,Semiconductors,False
ABNB,AMZN,0.4647197538768338,Travel Services,Internet Retail,False
ADBE,ON,0.4646276886907802,Software - Application,Semiconductors,False
MSFT,TEAM,0.46452155551489743,Software - Infrastructure,Software - Application,False
CDW,SNPS,0.4644592939892267,Information Technology Services,Software - Infrastructure,False
ADI,CSGP,0.46416071577074114,Semiconductors,Real Estate Services,False
PAYX,XEL,0.4640426436711197,Software - Application,Utilities - Regulated Electric,False
CRWD,INTU,0.46389226925563715,Software - Infrastructure,Software - Application,False
AMAT,CTSH,0.4637693658583386,Semiconductor Equipment & Materials,Information Technology Services,False
ASML,BKNG,0.4637165464903984,Semiconductor Equipment & Materials,Travel Services,False
NVDA,WDAY,0.46370851788451034,Semiconductors,Software - Application,False
ADSK,HON,0.46350910611968704,Software - Application,Conglomerates,False
DASH,NVDA,0.46346099826922754,Internet Retail,Semiconductors,False
CCEP,HON,0.463382649096358,Beverages - Non-Alcoholic,Conglomerates,False
MAR,SBUX,0.46335223158919076,Lodging,Restaurants,False
KLAC,ROP,0.4633301816678859,Semiconductor Equipment & Materials,Software - Application,False
NXPI,PYPL,0.4632986001822622,Semiconductors,Credit Services,False
AMD,SNPS,0.46321833704567417,Semiconductors,Software - Infrastructure,False
DDOG,SNPS,0.46319435911916057,Software - Application,Software - Infrastructure,False
GOOGL,ON,0.46315046159784706,Internet Content & Information,Semiconductors,False
ABNB,ADI,0.4631159987202845,Travel Services,Semiconductors,False
ADBE,CTAS,0.46299991906384036,Software - Application,Specialty Business Services,False
AMZN,GFS,0.4628939970735671,Internet Retail,Semiconductors,False
CSGP,WDAY,0.46266284933842855,Real Estate Services,Software - Application,False
INTC,SNPS,0.46263489388353196,Semiconductors,Software - Infrastructure,False
CDNS,CSCO,0.4625612638256291,Software - Application,Communication Equipment,False
CSX,VRSK,0.4624264836983565,Railroads,Consulting Services,False
CPRT,ON,0.4623471546575667,Specialty Business Services,Semiconductors,False
CTSH,KLAC,0.4622829518673185,Information Technology Services,Semiconductor Equipment & Materials,False
NVDA,PYPL,0.4621363006269857,Semiconductors,Credit Services,False
CCEP,MDLZ,0.46193867502784025,Beverages - Non-Alcoholic,Confectioners,False
ABNB,PYPL,0.46184377785694025,Travel Services,Credit Services,False
CSGP,ISRG,0.46178538156258453,Real Estate Services,Medical Instruments & Supplies,False
AMAT,HON,0.4617235879942944,Semiconductor Equipment & Materials,Conglomerates,False
CDNS,CSGP,0.46172223600215184,Software - Application,Real Estate Services,False
AMAT,META,0.4615409048841183,Semiconductor Equipment & Materials,Internet Content & Information,False
ADSK,ODFL,0.4615293793622509,Software - Application,Trucking,False
INTU,TTD,0.4612190461630882,Software - Application,Advertising Agencies,False
CSGP,VRSK,0.4611802396527269,Real Estate Services,Consulting Services,False
BKNG,GOOGL,0.4610752292469531,Travel Services,Internet Content & Information,False
ISRG,ON,0.4608139196222713,Medical Instruments & Supplies,Semiconductors,False
BKNG,KLAC,0.460631466426803,Travel Services,Semiconductor Equipment & Materials,False
ADP,MCHP,0.4604234318849827,Software - Application,Semiconductors,False
ADBE,PANW,0.46041337348578837,Software - Application,Software - Infrastructure,False
FAST,INTU,0.46038453504899685,Industrial Distribution,Software - Application,False
BKNG,MSFT,0.46015441334976254,Travel Services,Software - Infrastructure,False
DDOG,MELI,0.45982027685741894,Software - Application,Internet Retail,False
LRCX,ODFL,0.45965407847596085,Semiconductor Equipment & Materials,Trucking,False
META,NFLX,0.4596489787897127,Internet Content & Information,Entertainment,False
GOOGL,MU,0.4595831383956372,Internet Content & Information,Semiconductors,False
PYPL,TTD,0.45943675026496683,Credit Services,Advertising Agencies,False
ADI,FAST,0.45928964033550435,Semiconductors,Industrial Distribution,False
ADP,SNPS,0.4592077611379914,Software - Application,Software - Infrastructure,False
CTAS,ODFL,0.4591350460401208,Specialty Business Services,Trucking,False
PEP,ROP,0.45910082162108456,Beverages - Non-Alcoholic,Software - Application,False
AMGN,REGN,0.4589080215688099,Drug Manufacturers - General,Biotechnology,False
CPRT,PCAR,0.4588081811277963,Specialty Business Services,Farm & Heavy Construction Machinery,False
MDLZ,ROP,0.45880634103126033,Confectioners,Software - Application,False
BKNG,SBUX,0.45860748722301403,Travel Services,Restaurants,False
MDB,NVDA,0.4585347311868801,Software - Infrastructure,Semiconductors,False
ADP,IDXX,0.45832463147233127,Software - Application,Diagnostics & Research,False
KLAC,PAYX,0.4583169838341178,Semiconductor Equipment & Materials,Software - Application,False
LRCX,WDAY,0.45829523820051093,Semiconductor Equipment & Materials,Software - Application,False
SBUX,TXN,0.4582948645313993,Restaurants,Semiconductors,False
PYPL,TEAM,0.4581012206805107,Credit Services,Software - Application,False
AMAT,WDAY,0.4579657021298437,Semiconductor Equipment & Materials,Software - Application,False
ASML,MELI,0.45795640571677315,Semiconductor Equipment & Materials,Internet Retail,False
GFS,MSFT,0.4577233491370304,Semiconductors,Software - Infrastructure,False
CPRT,GOOGL,0.45757771116024926,Specialty Business Services,Internet Content & Information,False
BKNG,CTAS,0.45756819116133574,Travel Services,Specialty Business Services,False
ADI,META,0.4575340048550571,Semiconductors,Internet Content & Information,False
AAPL,FAST,0.4575182283940599,Consumer Electronics,Industrial Distribution,False
COST,INTU,0.4574174289772733,Discount Stores,Software - Application,False
GFS,ODFL,0.4573557167910845,Semiconductors,Trucking,False
MCHP,ROP,0.4573430077792674,Semiconductors,Software - Application,False
INTU,MU,0.4573308513835992,Software - Application,Semiconductors,False
CSGP,TXN,0.4572871092484564,Real Estate Services,Semiconductors,False
APP,PLTR,0.4572773088378566,Advertising Agencies,Software - Infrastructure,False
ADP,KLAC,0.45698470894404625,Software - Application,Semiconductor Equipment & Materials,False
CSX,MAR,0.45670680765721783,Railroads,Lodging,False
CDNS,LIN,0.45660012014329865,Software - Application,Specialty Chemicals,False
ADSK,TTD,0.4565323099106687,Software - Application,Advertising Agencies,False
AMAT,ODFL,0.45652694430631136,Semiconductor Equipment & Materials,Trucking,False
MSFT,SBUX,0.45629285132046093,Software - Infrastructure,Restaurants,False
AMGN,VRTX,0.45590441605273424,Drug Manufacturers - General,Biotechnology,False
IDXX,LRCX,0.4558849398064355,Diagnostics & Research,Semiconductor Equipment & Materials,False
CTAS,SNPS,0.45581459220111287,Specialty Business Services,Software - Infrastructure,False
ABNB,NXPI,0.45581404583776336,Travel Services,Semiconductors,False
ADP,ORLY,0.45574371675012537,Software - Application,Auto Parts,False
PAYX,SNPS,0.45571134522227463,Software - Application,Software - Infrastructure,False
ADBE,MRVL,0.45566744827936023,Software - Application,Semiconductors,False
CDW,ROST,0.4555824162194222,Information Technology Services,Apparel Retail,False
ADP,ROST,0.45557552904179993,Software - Application,Apparel Retail,False
ON,WDAY,0.4555336616982629,Semiconductors,Software - Application,False
PLTR,TSLA,0.45544591381095495,Software - Infrastructure,Auto Manufacturers,False
ADI,IDXX,0.4554180750676302,Semiconductors,Diagnostics & Research,False
AMZN,QCOM,0.45538477376354497,Internet Retail,Semiconductors,False
INTU,ODFL,0.45507786001269357,Software - Application,Trucking,False
BKNG,CCEP,0.4549952670203923,Travel Services,Beverages - Non-Alcoholic,False
GOOGL,NXPI,0.45491276753238796,Internet Content & Information,Semiconductors,False
DASH,MDB,0.45491192090393867,Internet Retail,Software - Infrastructure,False
NVDA,ZS,0.45484585722761106,Semiconductors,Software - Infrastructure,False
AAPL,FTNT,0.45457521232544074,Consumer Electronics,Software - Infrastructure,False
GFS,MAR,0.4545684267737006,Semiconductors,Lodging,False
ASML,FTNT,0.4543550458808933,Semiconductor Equipment & Materials,Software - Infrastructure,False
CTSH,MAR,0.4543431296501312,Information Technology Services,Lodging,False
ADP,CSGP,0.45433801320654194,Software - Application,Real Estate Services,False
ASML,CTAS,0.4543366616944888,Semiconductor Equipment & Materials,Specialty Business Services,False
MDB,PYPL,0.45421137616175733,Software - Infrastructure,Credit Services,False
ISRG,MRVL,0.4541493688695827,Medical Instruments & Supplies,Semiconductors,False
MRVL,PYPL,0.45394750777988935,Semiconductors,Credit Services,False
CDW,GOOGL,0.45392594551126897,Information Technology Services,Internet Content & Information,False
AAPL,MU,0.4538097708012667,Consumer Electronics,Semiconductors,False
AAPL,VRSK,0.45372414853557175,Consumer Electronics,Consulting Services,False
ADSK,PANW,0.4536935172682646,Software - Application,Software - Infrastructure,False
PAYX,ROST,0.4536155187097926,Software - Application,Apparel Retail,False
LIN,PEP,0.4535374544680671,Specialty Chemicals,Beverages - Non-Alcoholic,False
CRWD,TTD,0.45329947586265174,Software - Infrastructure,Advertising Agencies,False
DDOG,PANW,0.45328125856487517,Software - Application,Software - Infrastructure,False
ADSK,MAR,0.45310171952994904,Software - Application,Lodging,False
CSGP,IDXX,0.45298748175568126,Real Estate Services,Diagnostics & Research,False
CSGP,SNPS,0.4528677177453823,Real Estate Services,Software - Infrastructure,False
MCHP,WDAY,0.45283426160499246,Semiconductors,Software - Application,False
KLAC,ODFL,0.45277379231189485,Semiconductor Equipment & Materials,Trucking,False
ASML,CSCO,0.4526758027334381,Semiconductor Equipment & Materials,Communication Equipment,False
CDW,CSGP,0.4525589998961662,Information Technology Services,Real Estate Services,False
CRWD,MELI,0.45241710396506857,Software - Infrastructure,Internet Retail,False
ADP,ODFL,0.45216018837549626,Software - Application,Trucking,False
ABNB,DDOG,0.4521222494566553,Travel Services,Software - Application,False
ADP,COST,0.4519995780348047,Software - Application,Discount Stores,False
AAPL,INTC,0.45196990157303946,Consumer Electronics,Semiconductors,False
BKNG,CTSH,0.45191388481193806,Travel Services,Information Technology Services,False
ADP,PYPL,0.45184983714214016,Software - Application,Credit Services,False
VRSK,XEL,0.4517020667772637,Consulting Services,Utilities - Regulated Electric,False
MCHP,META,0.4516955209012023,Semiconductors,Internet Content & Information,False
AMAT,ROP,0.45163517673085,Semiconductor Equipment & Materials,Software - Application,False
BKNG,ROST,0.4514798228857683,Travel Services,Apparel Retail,False
CDW,FAST,0.45146839453603654,Information Technology Services,Industrial Distribution,False
COST,PAYX,0.4514070021129612,Discount Stores,Software - Application,False
ADBE,CRWD,0.451388398296447,Software - Application,Software - Infrastructure,False
ADBE,COST,0.45137265806083776,Software - Application,Discount Stores,False
LRCX,ROP,0.4513692463709624,Semiconductor Equipment & Materials,Software - Application,False
IDXX,PAYX,0.4513259776767813,Diagnostics & Research,Software - Application,False
CDNS,CTSH,0.4511861500150808,Software - Application,Information Technology Services,False
BKNG,ISRG,0.4509814865450769,Travel Services,Medical Instruments & Supplies,False
LRCX,MAR,0.45090914165191015,Semiconductor Equipment & Materials,Lodging,False
LIN,ODFL,0.45082936819523034,Specialty Chemicals,Trucking,False
CTSH,ON,0.45056522707154223,Information Technology Services,Semiconductors,False
AAPL,SBUX,0.45051496396725726,Consumer Electronics,Restaurants,False
MELI,WDAY,0.45050917421465064,Internet Retail,Software - Application,False
CSGP,PAYX,0.4504820154386362,Real Estate Services,Software - Application,False
TXN,WDAY,0.4504633838963641,Semiconductors,Software - Application,False
BKNG,PAYX,0.4502549351800942,Travel Services,Software - Application,False
MSFT,TTWO,0.4502247978357,Software - Infrastructure,Electronic Gaming & Multimedia,False
CDNS,ODFL,0.45020375279042674,Software - Application,Trucking,False
ABNB,MDB,0.4500468894782824,Travel Services,Software - Infrastructure,False
CSCO,VRSK,0.44993467563748285,Communication Equipment,Consulting Services,False
HON,MDLZ,0.4498810247352629,Conglomerates,Confectioners,False
ABNB,ZS,0.4497078113313971,Travel Services,Software - Infrastructure,False
ABNB,MCHP,0.44954696210649664,Travel Services,Semiconductors,False
AMD,MSFT,0.4495298045821338,Semiconductors,Software - Infrastructure,False
CDNS,PANW,0.4495236454858518,Software - Application,Software - Infrastructure,False
ROST,SBUX,0.4494670876224345,Apparel Retail,Restaurants,False
PAYX,PYPL,0.44931286993109526,Software - Application,Credit Services,False
LIN,NXPI,0.44927924300347316,Specialty Chemicals,Semiconductors,False
LRCX,PCAR,0.4491280229497793,Semiconductor Equipment & Materials,Farm & Heavy Construction Machinery,False
GOOGL,ROP,0.4490436124516999,Internet Content & Information,Software - Application,False
ISRG,SBUX,0.44903078709285155,Medical Instruments & Supplies,Restaurants,False
ADP,NXPI,0.44889324055726104,Software - Application,Semiconductors,False
LIN,MDLZ,0.4488614891875669,Specialty Chemicals,Confectioners,False
CSX,MSFT,0.4486556703041528,Railroads,Software - Infrastructure,False
NXPI,SBUX,0.448637992144139,Semiconductors,Restaurants,False
IDXX,PYPL,0.4484615391784084,Diagnostics & Research,Credit Services,False
CPRT,SBUX,0.4484429459082218,Specialty Business Services,Restaurants,False
CPRT,ROST,0.4483652161058942,Specialty Business Services,Apparel Retail,False
ON,PYPL,0.4483632241279204,Semiconductors,Credit Services,False
FTNT,NVDA,0.4483083977610948,Software - Infrastructure,Semiconductors,False
CSX,NXPI,0.44829418958553535,Railroads,Semiconductors,False
DASH,META,0.4482778915448447,Internet Retail,Internet Content & Information,False
ASML,ODFL,0.44821381393623216,Semiconductor Equipment & Materials,Trucking,False
ADP,LRCX,0.4481573505997552,Software - Application,Semiconductor Equipment & Materials,False
ABNB,NVDA,0.44806190064807283,Travel Services,Semiconductors,False
ADSK,GFS,0.4479889099870213,Software - Application,Semiconductors,False
TTD,WDAY,0.4478846899538594,Advertising Agencies,Software - Application,False
INTU,NFLX,0.44780760963941735,Software - Application,Entertainment,False
AAPL,CSX,0.4476270540814794,Consumer Electronics,Railroads,False
AMAT,IDXX,0.44759665681009564,Semiconductor Equipment & Materials,Diagnostics & Research,False
ADI,FTNT,0.4474184397792366,Semiconductors,Software - Infrastructure,False
DDOG,PYPL,0.4473678487486924,Software - Application,Credit Services,False
MELI,NVDA,0.44731624760046135,Internet Retail,Semiconductors,False
LRCX,PAYX,0.4473107218331731,Semiconductor Equipment & Materials,Software - Application,False
ADP,MNST,0.4472382887571559,Software - Application,Beverages - Non-Alcoholic,False
AAPL,ODFL,0.4472171511717642,Consumer Electronics,Trucking,False
CSCO,SBUX,0.4468634643503166,Communication Equipment,Restaurants,False
CSCO,INTC,0.4467796775504777,Communication Equipment,Semiconductors,False
ADP,TMUS,0.4465236961443983,Software - Application,Telecom Services,False
ABNB,INTU,0.4464782060247991,Travel Services,Software - Application,False
CMCSA,CTSH,0.4464643624741436,Telecom Services,Information Technology Services,False
AAPL,CSGP,0.44641792958459575,Consumer Electronics,Real Estate Services,False
META,TXN,0.4463419578652129,Internet Content & Information,Semiconductors,False
ODFL,ON,0.4462779390557192,Trucking,Semiconductors,False
COST,PEP,0.4462353237449808,Discount Stores,Beverages - Non-Alcoholic,False
ABNB,MELI,0.4462199170870668,Travel Services,Internet Retail,False
GOOGL,MELI,0.44603262385545756,Internet Content & Information,Internet Retail,False
TTD,ZS,0.4460200898216753,Advertising Agencies,Software - Infrastructure,False
CSCO,MU,0.445790386776568,Communication Equipment,Semiconductors,False
AMAT,PCAR,0.4456065212584484,Semiconductor Equipment & Materials,Farm & Heavy Construction Machinery,False
CSCO,NXPI,0.4454842912479844,Communication Equipment,Semiconductors,False
ASML,DASH,0.44537339833215284,Semiconductor Equipment & Materials,Internet Retail,False
NVDA,PLTR,0.4453479976658837,Semiconductors,Software - Infrastructure,False
KLAC,WDAY,0.44528955595750164,Semiconductor Equipment & Materials,Software - Application,False
CDW,MRVL,0.44508247488605784,Information Technology Services,Semiconductors,False
ADP,AMAT,0.4447734688096359,Software - Application,Semiconductor Equipment & Materials,False
AMZN,APP,0.4447559912563193,Internet Retail,Advertising Agencies,False
NXPI,WDAY,0.44448863513970505,Semiconductors,Software - Application,False
INTU,LULU,0.4444178246227493,Software - Application,Apparel Retail,False
MAR,TXN,0.4444120619694759,Lodging,Semiconductors,False
AMAT,MAR,0.44436472165285934,Semiconductor Equipment & Materials,Lodging,False
AMZN,TTD,0.44425929939101133,Internet Retail,Advertising Agencies,False
ADP,BKNG,0.4440349101670832,Software - Application,Travel Services,False
MELI,SNPS,0.4439743202784652,Internet Retail,Software - Infrastructure,False
ABNB,TTD,0.44384807114728214,Travel Services,Advertising Agencies,False
CTSH,GFS,0.44370765119589417,Information Technology Services,Semiconductors,False
ASML,MAR,0.4436093022849443,Semiconductor Equipment & Materials,Lodging,False
APP,CRWD,0.443565870598606,Advertising Agencies,Software - Infrastructure,False
AAPL,MELI,0.44335263991059365,Consumer Electronics,Internet Retail,False
ADP,XEL,0.4432722613840509,Software - Application,Utilities - Regulated Electric,False
PYPL,QCOM,0.44325973839425176,Credit Services,Semiconductors,False
AAPL,AMD,0.4430176495869007,Consumer Electronics,Semiconductors,False
MSFT,TTD,0.4429461263043909,Software - Infrastructure,Advertising Agencies,False
KLAC,PCAR,0.44289689254698605,Semiconductor Equipment & Materials,Farm & Heavy Construction Machinery,False
ADP,MAR,0.44266904801316737,Software - Application,Lodging,False
CPRT,CSCO,0.4426011924392829,Specialty Business Services,Communication Equipment,False
AVGO,META,0.4424000688091816,Semiconductors,Internet Content & Information,False
ADSK,VRSK,0.4422246381562814,Software - Application,Consulting Services,False
GOOGL,NFLX,0.4420346788679984,Internet Content & Information,Entertainment,False
CDNS,VRSK,0.4419375863950268,Software - Application,Consulting Services,False
AMAT,PAYX,0.44187288379032025,Semiconductor Equipment & Materials,Software - Application,False
CTAS,ORLY,0.441850299175447,Specialty Business Services,Auto Parts,False
CSCO,MRVL,0.4416653935871715,Communication Equipment,Semiconductors,False
CTAS,GOOGL,0.44153157952746347,Specialty Business Services,Internet Content & Information,False
CCEP,PAYX,0.44151088311533115,Beverages - Non-Alcoholic,Software - Application,False
CTSH,VRSK,0.44127194246026996,Information Technology Services,Consulting Services,False
CSCO,ON,0.4410419969174989,Communication Equipment,Semiconductors,False
CPRT,NVDA,0.4410353813931096,Specialty Business Services,Semiconductors,False
ASML,HON,0.4407691019947866,Semiconductor Equipment & Materials,Conglomerates,False
ISRG,MU,0.4407493532947071,Medical Instruments & Supplies,Semiconductors,False
FAST,KLAC,0.44068136861530927,Industrial Distribution,Semiconductor Equipment & Materials,False
ORLY,PAYX,0.44067519531420124,Auto Parts,Software - Application,False
MNST,PAYX,0.44057006273690735,Beverages - Non-Alcoholic,Software - Application,False
AMZN,CSGP,0.4403448706924372,Internet Retail,Real Estate Services,False
AAPL,TSLA,0.4403296738441988,Consumer Electronics,Auto Manufacturers,False
ABNB,PLTR,0.4398039364733883,Travel Services,Software - Infrastructure,False
AMD,AMZN,0.43979541602361694,Semiconductors,Internet Retail,False
CTSH,FAST,0.4396460717042008,Information Technology Services,Industrial Distribution,False
GFS,INTU,0.4396163620139316,Semiconductors,Software - Application,False
CSCO,QCOM,0.43914407902682456,Communication Equipment,Semiconductors,False
COST,TXN,0.4390544125956355,Discount Stores,Semiconductors,False
CTSH,PCAR,0.4389007517840928,Information Technology Services,Farm & Heavy Construction Machinery,False
ADBE,TTD,0.4388970174425786,Software - Application,Advertising Agencies,False
AMD,DASH,0.4387989707524413,Semiconductors,Internet Retail,False
CDNS,COST,0.43871372775418666,Software - Application,Discount Stores,False
NFLX,PYPL,0.4386719491766227,Entertainment,Credit Services,False
ABNB,GFS,0.4383393818750308,Travel Services,Semiconductors,False
CPRT,MAR,0.4382883417911421,Specialty Business Services,Lodging,False
BKNG,CPRT,0.43828378351125125,Travel Services,Specialty Business Services,False
ISRG,QCOM,0.43807189810621644,Medical Instruments & Supplies,Semiconductors,False
AMGN,PEP,0.43795239752236886,Drug Manufacturers - General,Beverages - Non-Alcoholic,False
EXC,LIN,0.43791491675578403,Utilities - Regulated Electric,Specialty Chemicals,False
IDXX,ROP,0.4378907954128272,Diagnostics & Research,Software - Application,False
MAR,PAYX,0.4374411449767319,Lodging,Software - Application,False
KLAC,MELI,0.4374381290905848,Semiconductor Equipment & Materials,Internet Retail,False
ADSK,AMD,0.43742591135416176,Software - Application,Semiconductors,False
CPRT,GFS,0.43742269844476345,Specialty Business Services,Semiconductors,False
CMCSA,CTAS,0.43740631006787845,Telecom Services,Specialty Business Services,False
MNST,MSFT,0.43737542283393666,Beverages - Non-Alcoholic,Software - Infrastructure,False
AMAT,MELI,0.43735842446168116,Semiconductor Equipment & Materials,Internet Retail,False
CDNS,TTD,0.4372564482481451,Software - Application,Advertising Agencies,False
ON,SBUX,0.437202276897913,Semiconductors,Restaurants,False
MDB,MELI,0.4371730278685543,Software - Infrastructure,Internet Retail,False
ON,TSLA,0.4370991474508311,Semiconductors,Auto Manufacturers,False
META,WDAY,0.437084997872035,Internet Content & Information,Software - Application,False
TEAM,TTD,0.43673889315351905,Software - Application,Advertising Agencies,False
APP,DASH,0.43666887293901346,Advertising Agencies,Internet Retail,False
APP,ZS,0.43656709436288915,Advertising Agencies,Software - Infrastructure,False
ADSK,NFLX,0.4365327066853658,Software - Application,Entertainment,False
BKR,MAR,0.4364838966585882,Oil & Gas Equipment & Services,Lodging,False
CTAS,PEP,0.43643158085581485,Specialty Business Services,Beverages - Non-Alcoholic,False
SNPS,TTD,0.43643151698389143,Software - Infrastructure,Advertising Agencies,False
CTSH,PYPL,0.43633245967419165,Information Technology Services,Credit Services,False
CDW,NVDA,0.43615963453150497,Information Technology Services,Semiconductors,False
EXC,HON,0.4360575644988266,Utilities - Regulated Electric,Conglomerates,False
INTC,INTU,0.435992942620448,Semiconductors,Software - Application,False
ADBE,TTWO,0.4359859442034692,Software - Application,Electronic Gaming & Multimedia,False
NFLX,NVDA,0.43576623736417,Entertainment,Semiconductors,False
ODFL,SNPS,0.43570282455436443,Trucking,Software - Infrastructure,False
IDXX,MCHP,0.4356450762848811,Diagnostics & Research,Semiconductors,False
META,MRVL,0.43553866171552463,Internet Content & Information,Semiconductors,False
CTAS,IDXX,0.4355270698331177,Specialty Business Services,Diagnostics & Research,False
CTSH,SNPS,0.4354251372368717,Information Technology Services,Software - Infrastructure,False
CMCSA,CSCO,0.4354124745049528,Telecom Services,Communication Equipment,False
KLAC,SBUX,0.4353742752874545,Semiconductor Equipment & Materials,Restaurants,False
CMCSA,LIN,0.43514823495563376,Telecom Services,Specialty Chemicals,False
DASH,DDOG,0.4350455642264202,Internet Retail,Software - Application,False
PYPL,SBUX,0.4349866761353281,Credit Services,Restaurants,False
CRWD,MRVL,0.4349790639043647,Software - Infrastructure,Semiconductors,False
ADP,ASML,0.4346962041722431,Software - Application,Semiconductor Equipment & Materials,False
CSX,INTU,0.4345525693236891,Railroads,Software - Application,False
ADBE,LIN,0.43453200082878807,Software - Application,Specialty Chemicals,False
ABNB,ON,0.43433917543313144,Travel Services,Semiconductors,False
MSFT,ODFL,0.4340365308551008,Software - Infrastructure,Trucking,False
GFS,SNPS,0.43386218831188644,Semiconductors,Software - Infrastructure,False
ADBE,ODFL,0.4337196425475329,Software - Application,Trucking,False
DDOG,FTNT,0.43349015771394195,Software - Application,Software - Infrastructure,False
FTNT,TEAM,0.4334392066711195,Software - Infrastructure,Software - Application,False
ADBE,GFS,0.43343070685128354,Software - Application,Semiconductors,False
DDOG,MRVL,0.43337877660166635,Software - Application,Semiconductors,False
ASML,ROP,0.4327387191973556,Semiconductor Equipment & Materials,Software - Application,False
ASML,CTSH,0.4326541429319369,Semiconductor Equipment & Materials,Information Technology Services,False
CTSH,QCOM,0.43248644646488665,Information Technology Services,Semiconductors,False
CPRT,IDXX,0.43247637101520986,Specialty Business Services,Diagnostics & Research,False
ADSK,FAST,0.43243252936117077,Software - Application,Industrial Distribution,False
GFS,TSLA,0.43232932508262123,Semiconductors,Auto Manufacturers,False
MNST,VRSK,0.4323032555628021,Beverages - Non-Alcoholic,Consulting Services,False
PYPL,ZS,0.4322259930940701,Credit Services,Software - Infrastructure,False
CSGP,CTSH,0.43209227005065354,Real Estate Services,Information Technology Services,False
GOOGL,HON,0.432090468710036,Internet Content & Information,Conglomerates,False
CMCSA,CSX,0.4319776537343678,Telecom Services,Railroads,False
CSCO,NVDA,0.4319650920039848,Communication Equipment,Semiconductors,False
FAST,MCHP,0.4319312195437089,Industrial Distribution,Semiconductors,False
AMAT,CSX,0.43165587358248964,Semiconductor Equipment & Materials,Railroads,False
COST,CSCO,0.4316137257566424,Discount Stores,Communication Equipment,False
HON,PEP,0.4315915195486158,Conglomerates,Beverages - Non-Alcoholic,False
IDXX,NVDA,0.4315628379190274,Diagnostics & Research,Semiconductors,False
CTSH,ODFL,0.43153455608508895,Information Technology Services,Trucking,False
ADP,CCEP,0.4315201193757958,Software - Application,Beverages - Non-Alcoholic,False
CSGP,MCHP,0.43151126108880156,Real Estate Services,Semiconductors,False
CDW,IDXX,0.43146116484795566,Information Technology Services,Diagnostics & Research,False
MAR,ODFL,0.43139486039928915,Lodging,Trucking,False
ADBE,AMD,0.43137541361608744,Software - Application,Semiconductors,False
IDXX,VRSK,0.43116404616500376,Diagnostics & Research,Consulting Services,False
ODFL,QCOM,0.43113303280885623,Trucking,Semiconductors,False
AAPL,NFLX,0.4311224935804819,Consumer Electronics,Entertainment,False
CDW,WDAY,0.4310948916780289,Information Technology Services,Software - Application,False
AMZN,CPRT,0.43086232468423435,Internet Retail,Specialty Business Services,False
GOOGL,LIN,0.43048884658342185,Internet Content & Information,Specialty Chemicals,False
LIN,ROST,0.43030715992905005,Specialty Chemicals,Apparel Retail,False
CMCSA,TXN,0.4302821470065162,Telecom Services,Semiconductors,False
AMZN,ON,0.4302798228328958,Internet Retail,Semiconductors,False
LRCX,SBUX,0.4298966785698165,Semiconductor Equipment & Materials,Restaurants,False
BKR,CSX,0.4298441176858463,Oil & Gas Equipment & Services,Railroads,False
CSX,ISRG,0.4297990875734257,Railroads,Medical Instruments & Supplies,False
CPRT,DASH,0.4295908421345954,Specialty Business Services,Internet Retail,False
BKR,PCAR,0.42958435609534007,Oil & Gas Equipment & Services,Farm & Heavy Construction Machinery,False
FTNT,KLAC,0.4295752530374879,Software - Infrastructure,Semiconductor Equipment & Materials,False
CSX,ROST,0.42953238580211905,Railroads,Apparel Retail,False
EXC,ROP,0.42951545935767566,Utilities - Regulated Electric,Software - Application,False
CPRT,FTNT,0.429391563830116,Specialty Business Services,Software - Infrastructure,False
BKNG,PCAR,0.42937551432590615,Travel Services,Farm & Heavy Construction Machinery,False
AMZN,IDXX,0.4293496545155298,Internet Retail,Diagnostics & Research,False
CTSH,SBUX,0.42920610632803763,Information Technology Services,Restaurants,False
ABNB,TEAM,0.42896988142511994,Travel Services,Software - Application,False
LULU,MSFT,0.428959748823199,Apparel Retail,Software - Infrastructure,False
DASH,NXPI,0.4288839285620293,Internet Retail,Semiconductors,False
FTNT,GOOGL,0.42886041671407854,Software - Infrastructure,Internet Content & Information,False
CSX,ON,0.4288383262813652,Railroads,Semiconductors,False
APP,NVDA,0.42883170181988034,Advertising Agencies,Semiconductors,False
ADSK,APP,0.428528540773645,Software - Application,Advertising Agencies,False
MNST,ROP,0.42831641312110413,Beverages - Non-Alcoholic,Software - Application,False
CPRT,QCOM,0.4282350658934852,Specialty Business Services,Semiconductors,False
MRVL,WDAY,0.4281726826543644,Semiconductors,Software - Application,False
FTNT,MCHP,0.4281514199124887,Software - Infrastructure,Semiconductors,False
ORLY,ROST,0.42804454174185075,Auto Parts,Apparel Retail,False
COST,ROP,0.4278001477306293,Discount Stores,Software - Application,False
MDB,MRVL,0.42775049217789507,Software - Infrastructure,Semiconductors,False
CTAS,MDLZ,0.4276275061875688,Specialty Business Services,Confectioners,False
ABNB,MRVL,0.42754978577678204,Travel Services,Semiconductors,False
CSCO,SNPS,0.42746730902395963,Communication Equipment,Software - Infrastructure,False
AMZN,NXPI,0.42746519235782454,Internet Retail,Semiconductors,False
AVGO,PYPL,0.4274159082435487,Semiconductors,Credit Services,False
ISRG,MELI,0.42724081145337295,Medical Instruments & Supplies,Internet Retail,False
LIN,SNPS,0.4272292853981654,Specialty Chemicals,Software - Infrastructure,False
NFLX,WDAY,0.42707713518171825,Entertainment,Software - Application,False
ROP,SBUX,0.42683155244016335,Software - Application,Restaurants,False
CDW,PYPL,0.426605104379916,Information Technology Services,Credit Services,False
MELI,ZS,0.4265631543367768,Internet Retail,Software - Infrastructure,False
LIN,QCOM,0.42643014100507287,Specialty Chemicals,Semiconductors,False
APP,MRVL,0.42631341676408213,Advertising Agencies,Semiconductors,False
META,NXPI,0.4261189733576204,Internet Content & Information,Semiconductors,False
AEP,PAYX,0.42608076049917193,Utilities - Regulated Electric,Software - Application,False
CSX,KLAC,0.42605743294606296,Railroads,Semiconductor Equipment & Materials,False
CCEP,CTAS,0.42590580936929284,Beverages - Non-Alcoholic,Specialty Business Services,False
CSGP,KLAC,0.42565962089724235,Real Estate Services,Semiconductor Equipment & Materials,False
ADBE,MU,0.42541990528329987,Software - Application,Semiconductors,False
AMZN,PLTR,0.4253226564010896,Internet Retail,Software - Infrastructure,False
ADSK,PLTR,0.42531922859020793,Software - Application,Software - Infrastructure,False
CCEP,MAR,0.4252797990966977,Beverages - Non-Alcoholic,Lodging,False
ADBE,LULU,0.42514494689799254,Software - Application,Apparel Retail,False
ADSK,INTC,0.42514346794424224,Software - Application,Semiconductors,False
AAPL,BKNG,0.42507269575751155,Consumer Electronics,Travel Services,False
LIN,ON,0.4250078551997711,Specialty Chemicals,Semiconductors,False
ABNB,AMD,0.4249963362984888,Travel Services,Semiconductors,False
ADSK,SBUX,0.424745074372656,Software - Application,Restaurants,False
CSX,SBUX,0.42469255408927586,Railroads,Restaurants,False
AMAT,SBUX,0.42467605745951076,Semiconductor Equipment & Materials,Restaurants,False
PYPL,VRSK,0.4246190572267177,Credit Services,Consulting Services,False
LRCX,TSLA,0.42446344262962793,Semiconductor Equipment & Materials,Auto Manufacturers,False
ISRG,TEAM,0.4244217732936912,Medical Instruments & Supplies,Software - Application,False
AMAT,FTNT,0.42435619948598935,Semiconductor Equipment & Materials,Software - Infrastructure,False
CDW,INTC,0.4243494414178469,Information Technology Services,Semiconductors,False
AMD,INTU,0.4243046532571445,Semiconductors,Software - Application,False
LRCX,MELI,0.4242896899171333,Semiconductor Equipment & Materials,Internet Retail,False
CDNS,HON,0.4240044080479365,Software - Application,Conglomerates,False
COST,CTAS,0.4240002111320539,Discount Stores,Specialty Business Services,False
DXCM,ISRG,0.42385594760466355,Medical Devices,Medical Instruments & Supplies,False
ISRG,MAR,0.4236990164464927,Medical Instruments & Supplies,Lodging,False
AVGO,CTAS,0.423649336492513,Semiconductors,Specialty Business Services,False
META,TTD,0.4235602199188938,Internet Content & Information,Advertising Agencies,False
CTAS,WDAY,0.4235542044083901,Specialty Business Services,Software - Application,False
ABNB,META,0.4234433969559504,Travel Services,Internet Content & Information,False
TXN,VRSK,0.4234237219175285,Semiconductors,Consulting Services,False
FTNT,LRCX,0.4233540347706467,Software - Infrastructure,Semiconductor Equipment & Materials,False
FAST,NXPI,0.4232666902227099,Industrial Distribution,Semiconductors,False
CSX,LRCX,0.423223635213882,Railroads,Semiconductor Equipment & Materials,False
AMZN,CSCO,0.4232040585675284,Internet Retail,Communication Equipment,False
CSGP,LIN,0.4231920831998011,Real Estate Services,Specialty Chemicals,False
CRWD,PYPL,0.42305624501838707,Software - Infrastructure,Credit Services,False
FTNT,TXN,0.42272706116235265,Software - Infrastructure,Semiconductors,False
IDXX,NXPI,0.4226648916980639,Diagnostics & Research,Semiconductors,False
CDNS,FAST,0.4225652929130705,Software - Application,Industrial Distribution,False
QCOM,ROP,0.4225586750036335,Semiconductors,Software - Application,False
AXON,PLTR,0.42253222300273063,Aerospace & Defense,Software - Infrastructure,False
MELI,TTD,0.42250973064524394,Internet Retail,Advertising Agencies,False
ASML,TTD,0.4222823077325131,Semiconductor Equipment & Materials,Advertising Agencies,False
GOOGL,INTC,0.42223681949538255,Internet Content & Information,Semiconductors,False
ASML,PCAR,0.42220205898714097,Semiconductor Equipment & Materials,Farm & Heavy Construction Machinery,False
DASH,MRVL,0.42209704665493664,Internet Retail,Semiconductors,False
HON,QCOM,0.42203592021107367,Conglomerates,Semiconductors,False
DASH,LRCX,0.4219954158779988,Internet Retail,Semiconductor Equipment & Materials,False
NXPI,PAYX,0.4219808772844727,Semiconductors,Software - Application,False
NVDA,TSLA,0.42193794958318603,Semiconductors,Auto Manufacturers,False
AVGO,CEG,0.4218527121120448,Semiconductors,Utilities - Independent Power Producers,False
AAPL,ABNB,0.42184894330608613,Consumer Electronics,Travel Services,False
ADI,GEHC,0.421830139367852,Semiconductors,Medical Devices,False
CDW,FTNT,0.4217828587521487,Information Technology Services,Software - Infrastructure,False
COST,MDLZ,0.4217561950347105,Discount Stores,Confectioners,False
LIN,MNST,0.4217340855058155,Specialty Chemicals,Beverages - Non-Alcoholic,False
CSGP,LRCX,0.421712722290967,Real Estate Services,Semiconductor Equipment & Materials,False
CDW,VRSK,0.4216737354680615,Information Technology Services,Consulting Services,False
CMCSA,ROP,0.4216534715739293,Telecom Services,Software - Application,False
CSCO,FTNT,0.42163482258612534,Communication Equipment,Software - Infrastructure,False
CMCSA,MSFT,0.42159344481038236,Telecom Services,Software - Infrastructure,False
PCAR,ROST,0.4215680057330767,Farm & Heavy Construction Machinery,Apparel Retail,False
CSGP,NXPI,0.4214156941551038,Real Estate Services,Semiconductors,False
PYPL,ROP,0.42136157619774217,Credit Services,Software - Application,False
COST,CPRT,0.42127902560969727,Discount Stores,Specialty Business Services,False
AMZN,FTNT,0.42116334024275764,Internet Retail,Software - Infrastructure,False
CTSH,WDAY,0.4209535648217575,Information Technology Services,Software - Application,False
CDNS,DASH,0.4209492980706775,Software - Application,Internet Retail,False
CSCO,PEP,0.42088724333671335,Communication Equipment,Beverages - Non-Alcoholic,False
MELI,NFLX,0.4207903868149003,Internet Retail,Entertainment,False
DDOG,PLTR,0.42077962795285145,Software - Application,Software - Infrastructure,False
APP,META,0.4207424762261597,Advertising Agencies,Internet Content & Information,False
AMAT,FAST,0.4206718577294892,Semiconductor Equipment & Materials,Industrial Distribution,False
CDNS,TTWO,0.42061367609431405,Software - Application,Electronic Gaming & Multimedia,False
PAYX,TMUS,0.4204651703229455,Software - Application,Telecom Services,False
NXPI,TSLA,0.4204505756717906,Semiconductors,Auto Manufacturers,False
SNPS,VRSK,0.4202972294018032,Software - Infrastructure,Consulting Services,False
ASML,CRWD,0.420155358438176,Semiconductor Equipment & Materials,Software - Infrastructure,False
KLAC,MAR,0.41978796583764455,Semiconductor Equipment & Materials,Lodging,False
CSGP,HON,0.41964125270391184,Real Estate Services,Conglomerates,False
CTAS,PYPL,0.41939738187425096,Specialty Business Services,Credit Services,False
CTAS,TMUS,0.4193418194711384,Specialty Business Services,Telecom Services,False
DASH,MSFT,0.4192797525304344,Internet Retail,Software - Infrastructure,False
AMGN,ROP,0.41913131108218166,Drug Manufacturers - General,Software - Application,False
CDW,CMCSA,0.4190715293196099,Information Technology Services,Telecom Services,False
DASH,KLAC,0.41902170578523046,Internet Retail,Semiconductor Equipment & Materials,False
IDXX,WDAY,0.4188974508653461,Diagnostics & Research,Software - Application,False
NXPI,ROP,0.41889098471425734,Semiconductors,Software - Application,False
AMZN,COST,0.41866994856757844,Internet Retail,Discount Stores,False
AMD,PLTR,0.4186668185126017,Semiconductors,Software - Infrastructure,False
MELI,META,0.41844026484771796,Internet Retail,Internet Content & Information,False
FANG,HON,0.41839873771656244,Oil & Gas E&P,Conglomerates,False
ASML,MDB,0.41838498947033653,Semiconductor Equipment & Materials,Software - Infrastructure,False
DASH,TEAM,0.4183810586357396,Internet Retail,Software - Application,False
CTAS,MNST,0.41832956594616705,Specialty Business Services,Beverages - Non-Alcoholic,False
META,ON,0.4183211821340451,Internet Content & Information,Semiconductors,False
LULU,MCHP,0.4182752560119236,Apparel Retail,Semiconductors,False
ABNB,QCOM,0.4182436899147721,Travel Services,Semiconductors,False
ADI,MELI,0.41790536494288705,Semiconductors,Internet Retail,False
GFS,ZS,0.41784880950131087,Semiconductors,Software - Infrastructure,False
MELI,TEAM,0.4178342628903811,Internet Retail,Software - Application,False
CSCO,ODFL,0.4178204218517521,Communication Equipment,Trucking,False
AMZN,BKNG,0.4177123256476206,Internet Retail,Travel Services,False
AVGO,BKNG,0.417708980837375,Semiconductors,Travel Services,False
GILD,REGN,0.41767456694833177,Drug Manufacturers - General,Biotechnology,False
CSCO,PYPL,0.41748018056121666,Communication Equipment,Credit Services,False
AMD,CRWD,0.41747081768589883,Semiconductors,Software - Infrastructure,False
ADSK,CSX,0.41731961519173255,Software - Application,Railroads,False
ADI,TSLA,0.4171754498304893,Semiconductors,Auto Manufacturers,False
LIN,PYPL,0.4170786807468559,Specialty Chemicals,Credit Services,False
GFS,PYPL,0.41706993995430913,Semiconductors,Credit Services,False
BKNG,CDNS,0.4170559856245518,Travel Services,Software - Application,False
ADP,ON,0.4169931141472084,Software - Application,Semiconductors,False
AMD,GOOGL,0.4169902360970894,Semiconductors,Internet Content & Information,False
AVGO,WDAY,0.41694618525225635,Semiconductors,Software - Application,False
AMZN,MU,0.4169179414372723,Internet Retail,Semiconductors,False
GEHC,MAR,0.41685469419908544,Medical Devices,Lodging,False
ISRG,PANW,0.4168313063441888,Medical Instruments & Supplies,Software - Infrastructure,False
ADI,CMCSA,0.41678015656289996,Semiconductors,Telecom Services,False
ORLY,PEP,0.4166797905897837,Auto Parts,Beverages - Non-Alcoholic,False
GFS,WDAY,0.4165915043974114,Semiconductors,Software - Application,False
ASML,SBUX,0.416559352263709,Semiconductor Equipment & Materials,Restaurants,False
NXPI,ROST,0.41636751290067897,Semiconductors,Apparel Retail,False
PANW,TEAM,0.4163190286368322,Software - Infrastructure,Software - Application,False
NVDA,PANW,0.4162265911486009,Semiconductors,Software - Infrastructure,False
PANW,PYPL,0.41609056963991686,Software - Infrastructure,Credit Services,False
ABNB,ASML,0.4158488373323763,Travel Services,Semiconductor Equipment & Materials,False
BKNG,CSX,0.4157629342388453,Travel Services,Railroads,False
DASH,WDAY,0.4157547466262432,Internet Retail,Software - Application,False
CSGP,GOOGL,0.415614775079183,Real Estate Services,Internet Content & Information,False
HON,INTC,0.41543842824715943,Conglomerates,Semiconductors,False
GFS,GOOGL,0.41538078626019354,Semiconductors,Internet Content & Information,False
INTU,MAR,0.41537252436919797,Software - Application,Lodging,False
CDNS,PLTR,0.4151554011527457,Software - Application,Software - Infrastructure,False
MSFT,TSLA,0.41495122821655034,Software - Infrastructure,Auto Manufacturers,False
FANG,MAR,0.4148769979590832,Oil & Gas E&P,Lodging,False
TMUS,VRSK,0.41476142233234836,Telecom Services,Consulting Services,False
MCHP,TSLA,0.4146540763723697,Semiconductors,Auto Manufacturers,False
MSFT,TMUS,0.41461309181170974,Software - Infrastructure,Telecom Services,False
ADP,AEP,0.4145905864482381,Software - Application,Utilities - Regulated Electric,False
ADI,DASH,0.4144041313833763,Semiconductors,Internet Retail,False
GEHC,TXN,0.41439693364291513,Medical Devices,Semiconductors,False
HON,SNPS,0.4143650002385747,Conglomerates,Software - Infrastructure,False
COST,ISRG,0.41416919058371715,Discount Stores,Medical Instruments & Supplies,False
ADI,TTD,0.41414935648364587,Semiconductors,Advertising Agencies,False
CPRT,MELI,0.41392282104276734,Specialty Business Services,Internet Retail,False
ABNB,LRCX,0.4138764173778554,Travel Services,Semiconductor Equipment & Materials,False
BKNG,CSCO,0.41377568278956606,Travel Services,Communication Equipment,False
NVDA,TTD,0.41367770288957817,Semiconductors,Advertising Agencies,False
AVGO,HON,0.4136291553201112,Semiconductors,Conglomerates,False
KLAC,TSLA,0.413626052996878,Semiconductor Equipment & Materials,Auto Manufacturers,False
AMAT,TSLA,0.41356962916568607,Semiconductor Equipment & Materials,Auto Manufacturers,False
ABNB,MSFT,0.4133012098036804,Travel Services,Software - Infrastructure,False
ADI,ROST,0.4132770263664221,Semiconductors,Apparel Retail,False
FAST,LRCX,0.4131780184251894,Industrial Distribution,Semiconductor Equipment & Materials,False
GOOGL,SBUX,0.4129174312774354,Internet Content & Information,Restaurants,False
AMAT,TTD,0.4126265890836527,Semiconductor Equipment & Materials,Advertising Agencies,False
INTU,ROST,0.4125562872346252,Software - Application,Apparel Retail,False
CSGP,MELI,0.4125494941165161,Real Estate Services,Internet Retail,False
ABNB,CRWD,0.41245071698864905,Travel Services,Software - Infrastructure,False
AXON,DASH,0.41234348434716206,Aerospace & Defense,Internet Retail,False
INTU,TTWO,0.41225000502705633,Software - Application,Electronic Gaming & Multimedia,False
CDNS,TSLA,0.4120368007430793,Software - Application,Auto Manufacturers,False
AAPL,PCAR,0.4120072952940815,Consumer Electronics,Farm & Heavy Construction Machinery,False
MU,PCAR,0.4118838673506269,Semiconductors,Farm & Heavy Construction Machinery,False
IDXX,LIN,0.41178938762207246,Diagnostics & Research,Specialty Chemicals,False
ADP,AMGN,0.41177511404955297,Software - Application,Drug Manufacturers - General,False
ISRG,ROST,0.41176357650021705,Medical Instruments & Supplies,Apparel Retail,False
AMAT,CSGP,0.41166771168074223,Semiconductor Equipment & Materials,Real Estate Services,False
APP,DDOG,0.4116537999065902,Advertising Agencies,Software - Application,False
DDOG,KLAC,0.41160467695782677,Software - Application,Semiconductor Equipment & Materials,False
CSGP,TEAM,0.4115999103703649,Real Estate Services,Software - Application,False
AMZN,PANW,0.41146045737381803,Internet Retail,Software - Infrastructure,False
MCHP,MELI,0.41143827385798065,Semiconductors,Internet Retail,False
MRVL,PLTR,0.41140947566449443,Semiconductors,Software - Infrastructure,False
BKNG,MU,0.41113317589433845,Travel Services,Semiconductors,False
CDNS,NFLX,0.4111125093606231,Software - Application,Entertainment,False
AVGO,CRWD,0.41111242068570814,Semiconductors,Software - Infrastructure,False
AVGO,TSLA,0.4109611771990314,Semiconductors,Auto Manufacturers,False
DDOG,ISRG,0.4107474251839747,Software - Application,Medical Instruments & Supplies,False
ABNB,CDNS,0.41070495051430433,Travel Services,Software - Application,False
ADBE,SBUX,0.4102020481348054,Software - Application,Restaurants,False
KLAC,TTD,0.4101578291250375,Semiconductor Equipment & Materials,Advertising Agencies,False
APP,MDB,0.410026812673205,Advertising Agencies,Software - Infrastructure,False
ABNB,WDAY,0.4099244267325576,Travel Services,Software - Application,False
MAR,MU,0.4099057759356833,Lodging,Semiconductors,False
MELI,TXN,0.4098227983249901,Internet Retail,Semiconductors,False
AMZN,TSLA,0.40980667053550335,Internet Retail,Auto Manufacturers,False
CSCO,MDLZ,0.4097284698204346,Communication Equipment,Confectioners,False
CPRT,MRVL,0.4095071860545065,Specialty Business Services,Semiconductors,False
ISRG,MDB,0.4094873987414429,Medical Instruments & Supplies,Software - Infrastructure,False
AMZN,INTC,0.40930123763688825,Internet Retail,Semiconductors,False
CMCSA,PEP,0.4092753492647916,Telecom Services,Beverages - Non-Alcoholic,False
FTNT,ON,0.40924512110930944,Software - Infrastructure,Semiconductors,False
FTNT,NXPI,0.40921645809616053,Software - Infrastructure,Semiconductors,False
AMAT,DASH,0.40914991935059064,Semiconductor Equipment & Materials,Internet Retail,False
AMD,DDOG,0.4091422399284696,Semiconductors,Software - Application,False
ADBE,BKNG,0.40897146123745115,Software - Application,Travel Services,False
CMCSA,FAST,0.40870424401374983,Telecom Services,Industrial Distribution,False
ASML,NFLX,0.4085796503393675,Semiconductor Equipment & Materials,Entertainment,False
CCEP,ROST,0.40847713026698373,Beverages - Non-Alcoholic,Apparel Retail,False
AVGO,FTNT,0.40846888613222054,Semiconductors,Software - Infrastructure,False
ADBE,INTC,0.408263414315831,Software - Application,Semiconductors,False
BKNG,SNPS,0.4081815516283933,Travel Services,Software - Infrastructure,False
LULU,PYPL,0.4080309893840715,Apparel Retail,Credit Services,False
AVGO,CTSH,0.4080106382021251,Semiconductors,Information Technology Services,False
PLTR,TTD,0.4079783109993149,Software - Infrastructure,Advertising Agencies,False
FTNT,MRVL,0.40761131163097036,Software - Infrastructure,Semiconductors,False
GFS,PCAR,0.4076014069438321,Semiconductors,Farm & Heavy Construction Machinery,False
ASML,DDOG,0.4076006148517522,Semiconductor Equipment & Materials,Software - Application,False
MELI,PLTR,0.4075794275537886,Internet Retail,Software - Infrastructure,False
IDXX,MELI,0.40757778257373783,Diagnostics & Research,Internet Retail,False
MCHP,ROST,0.4075347276636682,Semiconductors,Apparel Retail,False
VRSK,WDAY,0.4074198543126999,Consulting Services,Software - Application,False
ADSK,LULU,0.40719796267876485,Software - Application,Apparel Retail,False
INTU,MNST,0.407188494152458,Software - Application,Beverages - Non-Alcoholic,False
AAPL,DDOG,0.40715842922521056,Consumer Electronics,Software - Application,False
MAR,ROP,0.4071405484262717,Lodging,Software - Application,False
ABNB,AMAT,0.40711244262863117,Travel Services,Semiconductor Equipment & Materials,False
PEP,SBUX,0.4068604181665073,Beverages - Non-Alcoholic,Restaurants,False
HON,MNST,0.406842727457037,Conglomerates,Beverages - Non-Alcoholic,False
CDNS,SBUX,0.4068049201277613,Software - Application,Restaurants,False
ADBE,FAST,0.4067722250166231,Software - Application,Industrial Distribution,False
META,QCOM,0.4066051159965766,Internet Content & Information,Semiconductors,False
ABNB,KLAC,0.40658505889798924,Travel Services,Semiconductor Equipment & Materials,False
ADI,VRSK,0.4065827422900392,Semiconductors,Consulting Services,False
MELI,ON,0.4064780241042871,Internet Retail,Semiconductors,False
PAYX,QCOM,0.406396608940351,Software - Application,Semiconductors,False
BKR,LIN,0.4063151890283489,Oil & Gas Equipment & Services,Specialty Chemicals,False
ASML,TSLA,0.4059898442888201,Semiconductor Equipment & Materials,Auto Manufacturers,False
GOOGL,TTD,0.40595581205363324,Internet Content & Information,Advertising Agencies,False
CSX,PEP,0.40594627461162713,Railroads,Beverages - Non-Alcoholic,False
AMGN,PAYX,0.40587245457872984,Drug Manufacturers - General,Software - Application,False
DASH,NFLX,0.4058262674667704,Internet Retail,Entertainment,False
AVGO,CPRT,0.4055556904385737,Semiconductors,Specialty Business Services,False
GEHC,MCHP,0.40552387049622574,Medical Devices,Semiconductors,False
APP,LRCX,0.4054852039923876,Advertising Agencies,Semiconductor Equipment & Materials,False
GILD,VRTX,0.4053169041580972,Drug Manufacturers - General,Biotechnology,False
PCAR,QCOM,0.40526357202279534,Farm & Heavy Construction Machinery,Semiconductors,False
ADBE,HON,0.40518312243310656,Software - Application,Conglomerates,False
CDNS,LULU,0.4049958214237786,Software - Application,Apparel Retail,False
CPRT,LULU,0.40497057363678773,Specialty Business Services,Apparel Retail,False
META,MU,0.4048254915001601,Internet Content & Information,Semiconductors,False
INTU,PLTR,0.40466382595488476,Software - Application,Software - Infrastructure,False
GFS,HON,0.4046128840796659,Semiconductors,Conglomerates,False
ORLY,VRSK,0.404551720625883,Auto Parts,Consulting Services,False
ADP,QCOM,0.4044380997499042,Software - Application,Semiconductors,False
AMZN,CDW,0.40439978472394605,Internet Retail,Information Technology Services,False
MU,PYPL,0.4042416444615927,Semiconductors,Credit Services,False
ODFL,VRSK,0.4042355046067534,Trucking,Consulting Services,False
ASML,PANW,0.4041678638679183,Semiconductor Equipment & Materials,Software - Infrastructure,False
APP,ASML,0.4041051202911405,Advertising Agencies,Semiconductor Equipment & Materials,False
CTSH,INTC,0.40397568012464125,Information Technology Services,Semiconductors,False
INTC,ODFL,0.403972970839525,Semiconductors,Trucking,False
AMD,ZS,0.40377554555072553,Semiconductors,Software - Infrastructure,False
ISRG,ODFL,0.40355513196272386,Medical Instruments & Supplies,Trucking,False
BKNG,PYPL,0.4035328674598532,Travel Services,Credit Services,False
CTSH,ROST,0.403422307137433,Information Technology Services,Apparel Retail,False
MRVL,TTD,0.40330414085590827,Semiconductors,Advertising Agencies,False
CMCSA,SBUX,0.403287454152326,Telecom Services,Restaurants,False
ADP,INTC,0.4032792082575268,Software - Application,Semiconductors,False
ON,ROP,0.4032640939844403,Semiconductors,Software - Application,False
DASH,MCHP,0.4032049835391256,Internet Retail,Semiconductors,False
AVGO,LIN,0.4031875673659045,Semiconductors,Specialty Chemicals,False
IDXX,META,0.40318139998747105,Diagnostics & Research,Internet Content & Information,False
DDOG,GOOGL,0.403130788874528,Software - Application,Internet Content & Information,False
GOOGL,VRSK,0.40308970616183676,Internet Content & Information,Consulting Services,False
PEP,TMUS,0.4030098721386389,Beverages - Non-Alcoholic,Telecom Services,False
COST,GOOGL,0.4029142623517457,Discount Stores,Internet Content & Information,False
ROP,ROST,0.4028021105934628,Software - Application,Apparel Retail,False
ABNB,CPRT,0.40269994433570205,Travel Services,Specialty Business Services,False
CMCSA,INTU,0.40265714566216043,Telecom Services,Software - Application,False
AVGO,ROP,0.4026347563871639,Semiconductors,Software - Application,False
CEG,MRVL,0.4025701319546826,Utilities - Independent Power Producers,Semiconductors,False
INTC,LIN,0.4024935876397946,Semiconductors,Specialty Chemicals,False
DASH,ON,0.4024474335638807,Internet Retail,Semiconductors,False
CCEP,EXC,0.4022248462756124,Beverages - Non-Alcoholic,Utilities - Regulated Electric,False
AMZN,TTWO,0.40219238138798197,Internet Retail,Electronic Gaming & Multimedia,False
ADBE,DASH,0.40212431625395495,Software - Application,Internet Retail,False
LRCX,TTD,0.4020644633808348,Semiconductor Equipment & Materials,Advertising Agencies,False
AAPL,TTD,0.4020103875505847,Consumer Electronics,Advertising Agencies,False
CSGP,ON,0.4019768139598476,Real Estate Services,Semiconductors,False
ABNB,ADBE,0.4018507138089947,Travel Services,Software - Application,False
CRWD,KLAC,0.4018219525388065,Software - Infrastructure,Semiconductor Equipment & Materials,False
CSX,EXC,0.4017667110722423,Railroads,Utilities - Regulated Electric,False
QCOM,SBUX,0.40168909959902377,Semiconductors,Restaurants,False
CTAS,QCOM,0.4016552540016004,Specialty Business Services,Semiconductors,False
APP,INTU,0.40123310393115796,Advertising Agencies,Software - Application,False
CSCO,WDAY,0.40122383401514644,Communication Equipment,Software - Application,False
AMAT,CRWD,0.4010953959818183,Semiconductor Equipment & Materials,Software - Infrastructure,False
ASML,LULU,0.4010505036501629,Semiconductor Equipment & Materials,Apparel Retail,False
HON,PYPL,0.4009956212301373,Conglomerates,Credit Services,False
BKNG,NVDA,0.40084253909673806,Travel Services,Semiconductors,False
AMGN,MDLZ,0.4008266710796027,Drug Manufacturers - General,Confectioners,False
AMD,MDB,0.4007406151895973,Semiconductors,Software - Infrastructure,False
CTSH,MU,0.40072582152612374,Information Technology Services,Semiconductors,False
AMZN,CTSH,0.4006758085702171,Internet Retail,Information Technology Services,False
AAPL,CMCSA,0.40046486854052793,Consumer Electronics,Telecom Services,False
PCAR,SBUX,0.40044173343529965,Farm & Heavy Construction Machinery,Restaurants,False
ADP,AVGO,0.4003966534739539,Software - Application,Semiconductors,False
MDLZ,MSFT,0.4003452977202574,Confectioners,Software - Infrastructure,False
CPRT,META,0.4003056426577154,Specialty Business Services,Internet Content & Information,False
GOOGL,MAR,0.400224523919786,Internet Content & Information,Lodging,False
ADSK,PCAR,0.40020730079103095,Software - Application,Farm & Heavy Construction Machinery,False
CTAS,MU,0.400177709422827,Specialty Business Services,Semiconductors,False
AAPL,PANW,0.4001146861622996,Consumer Electronics,Software - Infrastructure,False
GOOGL,TTWO,0.40001851199455724,Internet Content & Information,Electronic Gaming & Multimedia,False
CCEP,SBUX,0.3998228300311694,Beverages - Non-Alcoholic,Restaurants,False
AAPL,MAR,0.39968032071931636,Consumer Electronics,Lodging,False
QCOM,WDAY,0.3995944204930541,Semiconductors,Software - Application,False
CTSH,MRVL,0.39941857023662286,Information Technology Services,Semiconductors,False
AVGO,SBUX,0.39940243622230703,Semiconductors,Restaurants,False
GOOGL,ZS,0.39937924157470234,Internet Content & Information,Software - Infrastructure,False
MSTR,PLTR,0.3993448423489337,Software - Application,Software - Infrastructure,False
CMCSA,PCAR,0.3992952601947083,Telecom Services,Farm & Heavy Construction Machinery,False
MAR,MSFT,0.39925312277775354,Lodging,Software - Infrastructure,False
MELI,MRVL,0.39912115005698884,Internet Retail,Semiconductors,False
PLTR,TEAM,0.39908129581857293,Software - Infrastructure,Software - Application,False
ADBE,MNST,0.399071521227776,Software - Application,Beverages - Non-Alcoholic,False
ADSK,TTWO,0.39906067071537676,Software - Application,Electronic Gaming & Multimedia,False
BKNG,CMCSA,0.39896170082461246,Travel Services,Telecom Services,False
CPRT,MU,0.3988733462507034,Specialty Business Services,Semiconductors,False
BKNG,WDAY,0.3988349904825324,Travel Services,Software - Application,False
AAPL,GEHC,0.3988320995613975,Consumer Electronics,Medical Devices,False
ADI,LULU,0.3986596588289134,Semiconductors,Apparel Retail,False
AMZN,LULU,0.3985404355782506,Internet Retail,Apparel Retail,False
NVDA,TTWO,0.3984816384542687,Semiconductors,Electronic Gaming & Multimedia,False
CSGP,GFS,0.39840350788285633,Real Estate Services,Semiconductors,False
LULU,NXPI,0.3983504492981758,Apparel Retail,Semiconductors,False
MSFT,PEP,0.3982959539784589,Software - Infrastructure,Beverages - Non-Alcoholic,False
ORLY,ROP,0.3982708109943399,Auto Parts,Software - Application,False
INTU,TSLA,0.3982582730749397,Software - Application,Auto Manufacturers,False
COST,SNPS,0.39817966646700487,Discount Stores,Software - Infrastructure,False
ABNB,TSLA,0.39817782344019315,Travel Services,Auto Manufacturers,False
BKNG,QCOM,0.3979097297421679,Travel Services,Semiconductors,False
AMD,CDW,0.397899985266124,Semiconductors,Information Technology Services,False
MU,WDAY,0.39768203047841383,Semiconductors,Software - Application,False
CMCSA,WBD,0.3976138852464378,Telecom Services,Entertainment,False
ISRG,TTD,0.3974969365725148,Medical Instruments & Supplies,Advertising Agencies,False
CTSH,IDXX,0.39749287419930945,Information Technology Services,Diagnostics & Research,False
AMGN,CSCO,0.39735528361762124,Drug Manufacturers - General,Communication Equipment,False
MNST,SBUX,0.3972547281929261,Beverages - Non-Alcoholic,Restaurants,False
CSGP,SBUX,0.39715991573740805,Real Estate Services,Restaurants,False
MELI,QCOM,0.397134387415096,Internet Retail,Semiconductors,False
IDXX,ODFL,0.3971185128777565,Diagnostics & Research,Trucking,False
NFLX,SNPS,0.3971055225551968,Entertainment,Software - Infrastructure,False
KDP,MDLZ,0.39710230745065467,Beverages - Non-Alcoholic,Confectioners,False
ADI,COST,0.39686365085962544,Semiconductors,Discount Stores,False
CRWD,LRCX,0.3966847067014189,Software - Infrastructure,Semiconductor Equipment & Materials,False
ABNB,TXN,0.3966790610084914,Travel Services,Semiconductors,False
CSCO,IDXX,0.39642904188310174,Communication Equipment,Diagnostics & Research,False
AAPL,MNST,0.3964041066568945,Consumer Electronics,Beverages - Non-Alcoholic,False
ABNB,CDW,0.3964007426519388,Travel Services,Information Technology Services,False
MCHP,TTD,0.39609574287361343,Semiconductors,Advertising Agencies,False
ON,TTD,0.395998149570002,Semiconductors,Advertising Agencies,False
COST,LIN,0.39592905240849874,Discount Stores,Specialty Chemicals,False
AVGO,IDXX,0.3958047006403978,Semiconductors,Diagnostics & Research,False
ASML,PAYX,0.39578199596792446,Semiconductor Equipment & Materials,Software - Application,False
CPRT,MNST,0.39577862533331465,Specialty Business Services,Beverages - Non-Alcoholic,False
COST,ODFL,0.395771991037464,Discount Stores,Trucking,False
AMZN,ARM,0.39576835855270265,Internet Retail,Semiconductors,False
IDXX,MDB,0.3956183732056068,Diagnostics & Research,Software - Infrastructure,False
FAST,GOOGL,0.3955683517186357,Industrial Distribution,Internet Content & Information,False
COST,FAST,0.39551890741924756,Discount Stores,Industrial Distribution,False
AAPL,TTWO,0.3955138134400825,Consumer Electronics,Electronic Gaming & Multimedia,False
PYPL,TSLA,0.39544141027464697,Credit Services,Auto Manufacturers,False
BKNG,ROP,0.39536566214653573,Travel Services,Software - Application,False
CTSH,PEP,0.39534545832013823,Information Technology Services,Beverages - Non-Alcoholic,False
ASML,CSX,0.39524749074738325,Semiconductor Equipment & Materials,Railroads,False
COST,ORLY,0.39524596222960706,Discount Stores,Auto Parts,False
GOOGL,MDB,0.3952006508817008,Internet Content & Information,Software - Infrastructure,False
AMD,TTD,0.3950334525512869,Semiconductors,Advertising Agencies,False
NVDA,ROP,0.39502395797424833,Semiconductors,Software - Application,False
LULU,SNPS,0.39497960066439236,Apparel Retail,Software - Infrastructure,False
INTC,PAYX,0.39497713651810906,Semiconductors,Software - Application,False
ADP,BKR,0.3949466937996973,Software - Application,Oil & Gas Equipment & Services,False
MRVL,ZS,0.3949282586988473,Semiconductors,Software - Infrastructure,False
FAST,QCOM,0.3948236020430334,Industrial Distribution,Semiconductors,False
DDOG,LRCX,0.39475084682120465,Software - Application,Semiconductor Equipment & Materials,False
CTAS,XEL,0.39467394217705487,Specialty Business Services,Utilities - Regulated Electric,False
HON,ORLY,0.3944987357638289,Conglomerates,Auto Parts,False
MSFT,ROST,0.39449305305193927,Software - Infrastructure,Apparel Retail,False
CMCSA,MDLZ,0.39426546164798254,Telecom Services,Confectioners,False
IDXX,SBUX,0.39425328975066826,Diagnostics & Research,Restaurants,False
CSX,QCOM,0.39422497996895123,Railroads,Semiconductors,False
FAST,PEP,0.394177266248567,Industrial Distribution,Beverages - Non-Alcoholic,False
FAST,SNPS,0.3941097610035265,Industrial Distribution,Software - Infrastructure,False
ADI,DDOG,0.3940492420765198,Semiconductors,Software - Application,False
CTSH,EXC,0.3939961656310958,Information Technology Services,Utilities - Regulated Electric,False
NVDA,TEAM,0.3939331535550038,Semiconductors,Software - Application,False
COST,KLAC,0.39375313591465316,Discount Stores,Semiconductor Equipment & Materials,False
GOOGL,TEAM,0.39368146381926156,Internet Content & Information,Software - Application,False
MDLZ,SBUX,0.3936181991869489,Confectioners,Restaurants,False
ON,ROST,0.39360797498518085,Semiconductors,Apparel Retail,False
KLAC,MDB,0.39348923598743246,Semiconductor Equipment & Materials,Software - Infrastructure,False
AAPL,PEP,0.39342743484501036,Consumer Electronics,Beverages - Non-Alcoholic,False
MRVL,TSLA,0.39341643082784233,Semiconductors,Auto Manufacturers,False
ASML,ZS,0.39339532565186747,Semiconductor Equipment & Materials,Software - Infrastructure,False
AVGO,MAR,0.39328377328882075,Semiconductors,Lodging,False
AAPL,LULU,0.3931863139850026,Consumer Electronics,Apparel Retail,False
LRCX,PANW,0.39310991486087093,Semiconductor Equipment & Materials,Software - Infrastructure,False
AAPL,ROST,0.3929652877255497,Consumer Electronics,Apparel Retail,False
FTNT,META,0.39296141571140697,Software - Infrastructure,Internet Content & Information,False
BKNG,MELI,0.3929495291644275,Travel Services,Internet Retail,False
ASML,CSGP,0.39275914855328964,Semiconductor Equipment & Materials,Real Estate Services,False
CSGP,META,0.3927291087028288,Real Estate Services,Internet Content & Information,False
LULU,TXN,0.39262959731206415,Apparel Retail,Semiconductors,False
AMAT,DDOG,0.3926148169439493,Semiconductor Equipment & Materials,Software - Application,False
DASH,TSLA,0.392604823007372,Internet Retail,Auto Manufacturers,False
CMCSA,MAR,0.3925331858148841,Telecom Services,Lodging,False
HON,MU,0.3922933201964636,Conglomerates,Semiconductors,False
IDXX,TEAM,0.3922527209723801,Diagnostics & Research,Software - Application,False
CRWD,GFS,0.3920095810696346,Software - Infrastructure,Semiconductors,False
LULU,WDAY,0.39194779164679633,Apparel Retail,Software - Application,False
CSGP,MDB,0.39181789498177555,Real Estate Services,Software - Infrastructure,False
FTNT,IDXX,0.3917439353531441,Software - Infrastructure,Diagnostics & Research,False
AMZN,ODFL,0.3915639960534045,Internet Retail,Trucking,False
CCEP,CMCSA,0.3914755168166467,Beverages - Non-Alcoholic,Telecom Services,False
ASML,FAST,0.39138802002334133,Semiconductor Equipment & Materials,Industrial Distribution,False
AMAT,ROST,0.39132904950134884,Semiconductor Equipment & Materials,Apparel Retail,False
GOOGL,TSLA,0.39121525032474924,Internet Content & Information,Auto Manufacturers,False
CPRT,ORLY,0.3912139782959331,Specialty Business Services,Auto Parts,False
CEG,KLAC,0.39117099998339405,Utilities - Independent Power Producers,Semiconductor Equipment & Materials,False
MAR,QCOM,0.39088930280287065,Lodging,Semiconductors,False
ON,PAYX,0.39075304470385996,Semiconductors,Software - Application,False
MSFT,PCAR,0.39049950597965705,Software - Infrastructure,Farm & Heavy Construction Machinery,False
CSCO,CSGP,0.3904452940274991,Communication Equipment,Real Estate Services,False
DASH,QCOM,0.39043939068749545,Internet Retail,Semiconductors,False
ABNB,GOOGL,0.3904162916179578,Travel Services,Internet Content & Information,False
CPRT,MDB,0.390234472689418,Specialty Business Services,Software - Infrastructure,False
GEHC,NXPI,0.39018759558553334,Medical Devices,Semiconductors,False
CTSH,META,0.3901486656966424,Information Technology Services,Internet Content & Information,False
CMCSA,MCHP,0.389803857221334,Telecom Services,Semiconductors,False
APP,MSFT,0.3898021997171981,Advertising Agencies,Software - Infrastructure,False
LULU,ON,0.38972477561753377,Apparel Retail,Semiconductors,False
INTC,ISRG,0.38953697661397163,Semiconductors,Medical Instruments & Supplies,False
GOOGL,ODFL,0.3895045805172559,Internet Content & Information,Trucking,False
CDW,LULU,0.38945613132157797,Information Technology Services,Apparel Retail,False
DASH,GOOGL,0.38936189956458356,Internet Retail,Internet Content & Information,False
ASML,TEAM,0.3893548688056253,Semiconductor Equipment & Materials,Software - Application,False
KLAC,PANW,0.3893135275527294,Semiconductor Equipment & Materials,Software - Infrastructure,False
AMAT,PANW,0.38930818679729096,Semiconductor Equipment & Materials,Software - Infrastructure,False
SNPS,TTWO,0.3892702722679486,Software - Infrastructure,Electronic Gaming & Multimedia,False
MRVL,TEAM,0.38923336089795535,Semiconductors,Software - Application,False
SNPS,TSLA,0.3891734085782968,Software - Infrastructure,Auto Manufacturers,False
TSLA,TXN,0.3890146937356203,Auto Manufacturers,Semiconductors,False
EXC,KHC,0.38900730004005046,Utilities - Regulated Electric,Packaged Foods,False
APP,KLAC,0.38897144786284005,Advertising Agencies,Semiconductor Equipment & Materials,False
AMGN,HON,0.3888923747340605,Drug Manufacturers - General,Conglomerates,False
CSCO,GFS,0.3888466835280852,Communication Equipment,Semiconductors,False
CSGP,TTD,0.3887949677612911,Real Estate Services,Advertising Agencies,False
CTSH,MDLZ,0.38876786000879643,Information Technology Services,Confectioners,False
LRCX,ROST,0.38871797138655473,Semiconductor Equipment & Materials,Apparel Retail,False
ROP,TMUS,0.38862154973840224,Software - Application,Telecom Services,False
AMAT,LULU,0.38860757322436057,Semiconductor Equipment & Materials,Apparel Retail,False
CMCSA,CPRT,0.3883780042412015,Telecom Services,Specialty Business Services,False
BKNG,META,0.38828707456838496,Travel Services,Internet Content & Information,False
MDLZ,TMUS,0.38826013088047767,Confectioners,Telecom Services,False
ADP,FTNT,0.3882212442203965,Software - Application,Software - Infrastructure,False
ROST,TXN,0.38812468106144365,Apparel Retail,Semiconductors,False
FTNT,ROP,0.38799659790438185,Software - Infrastructure,Software - Application,False
APP,CDNS,0.3879960494519308,Advertising Agencies,Software - Application,False
ISRG,LULU,0.38797560918904483,Medical Instruments & Supplies,Apparel Retail,False
NVDA,ODFL,0.38791413465327135,Semiconductors,Trucking,False
AMAT,APP,0.3879031713391625,Semiconductor Equipment & Materials,Advertising Agencies,False
IDXX,QCOM,0.3877203786438958,Diagnostics & Research,Semiconductors,False
ISRG,MNST,0.38767240379988654,Medical Instruments & Supplies,Beverages - Non-Alcoholic,False
CRWD,NFLX,0.387638291627086,Software - Infrastructure,Entertainment,False
GFS,MELI,0.38757907789285106,Semiconductors,Internet Retail,False
SBUX,SNPS,0.3875601665430902,Restaurants,Software - Infrastructure,False
CMCSA,VRSK,0.38749117652170484,Telecom Services,Consulting Services,False
CDNS,CSX,0.3872523201281188,Software - Application,Railroads,False
CTAS,NVDA,0.3871379750032345,Specialty Business Services,Semiconductors,False
AAPL,DASH,0.387086968992305,Consumer Electronics,Internet Retail,False
CPRT,DDOG,0.387054651803202,Specialty Business Services,Software - Application,False
AMGN,TXN,0.3869445160709591,Drug Manufacturers - General,Semiconductors,False
AMD,ISRG,0.38693995751167964,Semiconductors,Medical Instruments & Supplies,False
CSCO,ROST,0.3869250982618162,Communication Equipment,Apparel Retail,False
LIN,ORLY,0.386914451142668,Specialty Chemicals,Auto Parts,False
CRWD,ISRG,0.3869050791647519,Software - Infrastructure,Medical Instruments & Supplies,False
ADSK,AXON,0.38673904794127095,Software - Application,Aerospace & Defense,False
MELI,NXPI,0.3866218071225114,Internet Retail,Semiconductors,False
DASH,SNPS,0.3864682059475047,Internet Retail,Software - Infrastructure,False
AAPL,MDB,0.3864047652363377,Consumer Electronics,Software - Infrastructure,False
KLAC,PLTR,0.3863776671762397,Semiconductor Equipment & Materials,Software - Infrastructure,False
IDXX,ZS,0.38634663880426057,Diagnostics & Research,Software - Infrastructure,False
APP,GOOGL,0.3863244421540506,Advertising Agencies,Internet Content & Information,False
FTNT,GFS,0.38615609529296496,Software - Infrastructure,Semiconductors,False
HON,IDXX,0.3861411290008006,Conglomerates,Diagnostics & Research,False
CSX,GOOGL,0.3860381261636735,Railroads,Internet Content & Information,False
BKR,CDW,0.3859362476363056,Oil & Gas Equipment & Services,Information Technology Services,False
FTNT,MELI,0.3856966216471687,Software - Infrastructure,Internet Retail,False
CSCO,TMUS,0.38563257276478546,Communication Equipment,Telecom Services,False
AVGO,CSX,0.3855780887737132,Semiconductors,Railroads,False
MU,ODFL,0.38552486548770726,Semiconductors,Trucking,False
APP,NFLX,0.3854483425281789,Advertising Agencies,Entertainment,False
IDXX,MRVL,0.38538464886482826,Diagnostics & Research,Semiconductors,False
CEG,NVDA,0.38537907658286297,Utilities - Independent Power Producers,Semiconductors,False
CSGP,DDOG,0.3853478553808084,Real Estate Services,Software - Application,False
FAST,ORLY,0.3852471600581189,Industrial Distribution,Auto Parts,False
CEG,LRCX,0.38524178227324357,Utilities - Independent Power Producers,Semiconductor Equipment & Materials,False
MCHP,PANW,0.38522689935987,Semiconductors,Software - Infrastructure,False
INTC,PYPL,0.3852267660539177,Semiconductors,Credit Services,False
ADBE,CSX,0.3851497981516194,Software - Application,Railroads,False
NXPI,TTD,0.3850271460875223,Semiconductors,Advertising Agencies,False
BKNG,MRVL,0.3850056345424325,Travel Services,Semiconductors,False
CCEP,CDW,0.38492270712879717,Beverages - Non-Alcoholic,Information Technology Services,False
CSGP,MAR,0.38488466717378567,Real Estate Services,Lodging,False
AXON,INTU,0.38472937251492184,Aerospace & Defense,Software - Application,False
AMD,MELI,0.38467678467545935,Semiconductors,Internet Retail,False
GEHC,QCOM,0.38460533700149235,Medical Devices,Semiconductors,False
MELI,PANW,0.38455579168008325,Internet Retail,Software - Infrastructure,False
AAPL,ZS,0.38449079666150726,Consumer Electronics,Software - Infrastructure,False
DASH,MSTR,0.38441442750825583,Internet Retail,Software - Application,False
SBUX,VRSK,0.38438331015510685,Restaurants,Consulting Services,False
CSGP,FTNT,0.3838956680028006,Real Estate Services,Software - Infrastructure,False
FTNT,TTD,0.38369204844982846,Software - Infrastructure,Advertising Agencies,False
FTNT,VRSK,0.383676245573923,Software - Infrastructure,Consulting Services,False
LRCX,LULU,0.3834568839339393,Semiconductor Equipment & Materials,Apparel Retail,False
FAST,GFS,0.38344387889460707,Industrial Distribution,Semiconductors,False
CHTR,PAYX,0.38336979303542373,Telecom Services,Software - Application,False
CTAS,LULU,0.38329956292260126,Specialty Business Services,Apparel Retail,False
GOOGL,PANW,0.3832660493732271,Internet Content & Information,Software - Infrastructure,False
ABNB,SNPS,0.38323422016322223,Travel Services,Software - Infrastructure,False
CSCO,MNST,0.3832279545136786,Communication Equipment,Beverages - Non-Alcoholic,False
CDW,META,0.3831649156708166,Information Technology Services,Internet Content & Information,False
LULU,MDB,0.3829230582553722,Apparel Retail,Software - Infrastructure,False
CDW,COST,0.38291818316400394,Information Technology Services,Discount Stores,False
CSCO,MAR,0.38290738978916206,Communication Equipment,Lodging,False
BKNG,ODFL,0.3828459493160453,Travel Services,Trucking,False
ADI,MDB,0.38281662592953464,Semiconductors,Software - Infrastructure,False
NFLX,ZS,0.38278865199006534,Entertainment,Software - Infrastructure,False
GFS,PLTR,0.38274291570865243,Semiconductors,Software - Infrastructure,False
MSFT,VRTX,0.38237545310165577,Software - Infrastructure,Biotechnology,False
ASML,COST,0.3823103821296452,Semiconductor Equipment & Materials,Discount Stores,False
BKNG,BKR,0.3822944817034639,Travel Services,Oil & Gas Equipment & Services,False
LULU,SBUX,0.3822781523334192,Apparel Retail,Restaurants,False
CSGP,FAST,0.38226851792071764,Real Estate Services,Industrial Distribution,False
LIN,WDAY,0.3822301058772783,Specialty Chemicals,Software - Application,False
BKR,CTAS,0.38215748007736866,Oil & Gas Equipment & Services,Specialty Business Services,False
BKNG,GFS,0.3821450331777601,Travel Services,Semiconductors,False
BKR,ON,0.38210372230457923,Oil & Gas Equipment & Services,Semiconductors,False
KLAC,ROST,0.38210370128441523,Semiconductor Equipment & Materials,Apparel Retail,False
AMAT,COST,0.38206407970243256,Semiconductor Equipment & Materials,Discount Stores,False
ADSK,TSLA,0.3819810732080407,Software - Application,Auto Manufacturers,False
AXON,FTNT,0.38195739749958635,Aerospace & Defense,Software - Infrastructure,False
FAST,ISRG,0.38190542388910337,Industrial Distribution,Medical Instruments & Supplies,False
NFLX,TXN,0.38142955955068725,Entertainment,Semiconductors,False
INTC,ROP,0.3814063276552608,Semiconductors,Software - Application,False
CRWD,GOOGL,0.38138603210936367,Software - Infrastructure,Internet Content & Information,False
TTWO,WDAY,0.3813529812005017,Electronic Gaming & Multimedia,Software - Application,False
FAST,PYPL,0.3813353171226578,Industrial Distribution,Credit Services,False
NFLX,TEAM,0.38133444841819253,Entertainment,Software - Application,False
CSGP,NVDA,0.3811692439914371,Real Estate Services,Semiconductors,False
AMGN,VRSK,0.38116533091504096,Drug Manufacturers - General,Consulting Services,False
DASH,GFS,0.38109685652752656,Internet Retail,Semiconductors,False
AXON,CDNS,0.3810067324270649,Aerospace & Defense,Software - Application,False
ASML,ROST,0.38097915299922214,Semiconductor Equipment & Materials,Apparel Retail,False
AVGO,PCAR,0.38088528015677775,Semiconductors,Farm & Heavy Construction Machinery,False
MRVL,ODFL,0.3808722752318436,Semiconductors,Trucking,False
IDXX,MU,0.38082289866204244,Diagnostics & Research,Semiconductors,False
DDOG,NFLX,0.3807839644388984,Software - Application,Entertainment,False
ISRG,ZS,0.38069746033162916,Medical Instruments & Supplies,Software - Infrastructure,False
ADSK,MNST,0.38067272929775503,Software - Application,Beverages - Non-Alcoholic,False
ARM,MSFT,0.3805130774658739,Semiconductors,Software - Infrastructure,False
ADSK,COST,0.38050165399517877,Software - Application,Discount Stores,False
AVGO,ODFL,0.38036950746215126,Semiconductors,Trucking,False
CTAS,FTNT,0.3803595386018909,Specialty Business Services,Software - Infrastructure,False
KLAC,TEAM,0.38017491130881953,Semiconductor Equipment & Materials,Software - Application,False
GEHC,LRCX,0.38015356345947154,Medical Devices,Semiconductor Equipment & Materials,False
GEHC,ISRG,0.3800435735563399,Medical Devices,Medical Instruments & Supplies,False
CSX,MU,0.37996637843753445,Railroads,Semiconductors,False
BKR,CSCO,0.37993075182131764,Oil & Gas Equipment & Services,Communication Equipment,False
CTAS,GFS,0.3799032773485991,Specialty Business Services,Semiconductors,False
AVGO,PANW,0.37978232116665406,Semiconductors,Software - Infrastructure,False
LULU,ZS,0.3796461653572957,Apparel Retail,Software - Infrastructure,False
CEG,MU,0.37945338317327826,Utilities - Independent Power Producers,Semiconductors,False
GEHC,ROP,0.3794210540806871,Medical Devices,Software - Application,False
COST,IDXX,0.37940435561303565,Discount Stores,Diagnostics & Research,False
LRCX,PLTR,0.3793522792723782,Semiconductor Equipment & Materials,Software - Infrastructure,False
DDOG,GFS,0.3792846587917805,Software - Application,Semiconductors,False
CTAS,MRVL,0.3792098983096204,Specialty Business Services,Semiconductors,False
MDB,META,0.3791359786500345,Software - Infrastructure,Internet Content & Information,False
LULU,PAYX,0.37912842234773175,Apparel Retail,Software - Application,False
AMGN,LIN,0.3791260725392886,Drug Manufacturers - General,Specialty Chemicals,False
ABNB,ISRG,0.3789420170833817,Travel Services,Medical Instruments & Supplies,False
GOOGL,MNST,0.3788936432711964,Internet Content & Information,Beverages - Non-Alcoholic,False
QCOM,TSLA,0.3788889806845805,Semiconductors,Auto Manufacturers,False
PYPL,TTWO,0.378751884907504,Credit Services,Electronic Gaming & Multimedia,False
INTU,PEP,0.37866876178326275,Software - Application,Beverages - Non-Alcoholic,False
GFS,PANW,0.378567456623434,Semiconductors,Software - Infrastructure,False
AXON,CRWD,0.3784807974753718,Aerospace & Defense,Software - Infrastructure,False
LIN,TMUS,0.378351580472268,Specialty Chemicals,Telecom Services,False
FTNT,QCOM,0.37832956015909214,Software - Infrastructure,Semiconductors,False
AAPL,CRWD,0.37831664439675644,Consumer Electronics,Software - Infrastructure,False
ON,PANW,0.37821875301368324,Semiconductors,Software - Infrastructure,False
AMD,META,0.37820982558449684,Semiconductors,Internet Content & Information,False
NFLX,TTWO,0.37812118907434944,Entertainment,Electronic Gaming & Multimedia,False
GFS,TEAM,0.37812104755729425,Semiconductors,Software - Application,False
AMZN,ROP,0.3780700057539321,Internet Retail,Software - Application,False
ADBE,TSLA,0.37797412307897194,Software - Application,Auto Manufacturers,False
CRWD,LULU,0.3778919462696529,Software - Infrastructure,Apparel Retail,False
DASH,ISRG,0.3778642850296706,Internet Retail,Medical Instruments & Supplies,False
APP,PYPL,0.3778295563046711,Advertising Agencies,Credit Services,False
ABNB,APP,0.3774456776146341,Travel Services,Advertising Agencies,False
ISRG,NFLX,0.377188742544857,Medical Instruments & Supplies,Entertainment,False
CPRT,PANW,0.3771659796897227,Specialty Business Services,Software - Infrastructure,False
KLAC,LULU,0.3770994480011741,Semiconductor Equipment & Materials,Apparel Retail,False
COST,QCOM,0.3770694899619522,Discount Stores,Semiconductors,False
CMCSA,NXPI,0.37703855220479604,Telecom Services,Semiconductors,False
ASML,PLTR,0.3768843246948272,Semiconductor Equipment & Materials,Software - Infrastructure,False
AMAT,PLTR,0.3767551243188697,Semiconductor Equipment & Materials,Software - Infrastructure,False
DDOG,META,0.3766402212439708,Software - Application,Internet Content & Information,False
INTU,PCAR,0.37657047809564725,Software - Application,Farm & Heavy Construction Machinery,False
AMGN,CMCSA,0.37654214345449155,Drug Manufacturers - General,Telecom Services,False
FAST,IDXX,0.37653410624695727,Industrial Distribution,Diagnostics & Research,False
ADSK,ROST,0.3764344790398554,Software - Application,Apparel Retail,False
MNST,TXN,0.3764277568217221,Beverages - Non-Alcoholic,Semiconductors,False
TTWO,TXN,0.37627156345457147,Electronic Gaming & Multimedia,Semiconductors,False
LIN,MU,0.37625600872354675,Specialty Chemicals,Semiconductors,False
BKR,PAYX,0.37612806649429126,Oil & Gas Equipment & Services,Software - Application,False
ADBE,TMUS,0.37602336868975084,Software - Application,Telecom Services,False
MU,ROP,0.37597022103405336,Semiconductors,Software - Application,False
CSX,INTC,0.37595361743205163,Railroads,Semiconductors,False
MELI,MNST,0.3758205599322907,Internet Retail,Beverages - Non-Alcoholic,False
DDOG,MCHP,0.375712960699696,Software - Application,Semiconductors,False
CSCO,EXC,0.37569620549932936,Communication Equipment,Utilities - Regulated Electric,False
TTD,TXN,0.3756146173723086,Advertising Agencies,Semiconductors,False
IDXX,TTD,0.37558353969210084,Diagnostics & Research,Advertising Agencies,False
GOOGL,LULU,0.3754988678987689,Internet Content & Information,Apparel Retail,False
ADI,TTWO,0.3753521507474695,Semiconductors,Electronic Gaming & Multimedia,False
LRCX,MDB,0.37523794612502254,Semiconductor Equipment & Materials,Software - Infrastructure,False
COST,MCHP,0.37523266721424425,Discount Stores,Semiconductors,False
AAPL,TEAM,0.37521814656332786,Consumer Electronics,Software - Application,False
GEHC,LIN,0.3752035628913849,Medical Devices,Specialty Chemicals,False
MDB,NFLX,0.3751599155114497,Software - Infrastructure,Entertainment,False
ADP,AMZN,0.3751427079604046,Software - Application,Internet Retail,False
AMD,WDAY,0.3750673721948228,Semiconductors,Software - Application,False
ABNB,MU,0.3749538998609264,Travel Services,Semiconductors,False
DDOG,QCOM,0.3748927441197182,Software - Application,Semiconductors,False
ISRG,PCAR,0.3748655248820482,Medical Instruments & Supplies,Farm & Heavy Construction Machinery,False
ADSK,CMCSA,0.37479986999920945,Software - Application,Telecom Services,False
ADBE,CMCSA,0.37479135195034835,Software - Application,Telecom Services,False
ABNB,ARM,0.37478029150296055,Travel Services,Semiconductors,False
CPRT,TTD,0.37473232886895924,Specialty Business Services,Advertising Agencies,False
ASML,TTWO,0.3746753193249897,Semiconductor Equipment & Materials,Electronic Gaming & Multimedia,False
LIN,NVDA,0.37460997366507065,Specialty Chemicals,Semiconductors,False
META,PAYX,0.3744739596978667,Internet Content & Information,Software - Application,False
CSX,FANG,0.3742973784546306,Railroads,Oil & Gas E&P,False
GEHC,PCAR,0.3742867781887907,Medical Devices,Farm & Heavy Construction Machinery,False
MU,SBUX,0.3742045559227811,Semiconductors,Restaurants,False
KHC,XEL,0.3741617585168671,Packaged Foods,Utilities - Regulated Electric,False
IDXX,ON,0.37402008354456356,Diagnostics & Research,Semiconductors,False
ADI,BKR,0.37388965780981503,Semiconductors,Oil & Gas Equipment & Services,False
CRWD,MU,0.3737862494951201,Software - Infrastructure,Semiconductors,False
KLAC,VRSK,0.3737824272302798,Semiconductor Equipment & Materials,Consulting Services,False
CSX,MDLZ,0.3737789341702035,Railroads,Confectioners,False
CSCO,PANW,0.3737771210278969,Communication Equipment,Software - Infrastructure,False
CPRT,PEP,0.37371843890413664,Specialty Business Services,Beverages - Non-Alcoholic,False
ADI,MNST,0.3736279117183269,Semiconductors,Beverages - Non-Alcoholic,False
KHC,PAYX,0.37360858755296705,Packaged Foods,Software - Application,False
AVGO,MELI,0.37358969488265725,Semiconductors,Internet Retail,False
CTSH,NVDA,0.37353465291173493,Information Technology Services,Semiconductors,False
INTC,PCAR,0.37347055409203495,Semiconductors,Farm & Heavy Construction Machinery,False
COST,LRCX,0.3734437636588573,Discount Stores,Semiconductor Equipment & Materials,False
GFS,LULU,0.373335922864685,Semiconductors,Apparel Retail,False
CDNS,MAR,0.37331479639380005,Software - Application,Lodging,False
LULU,ODFL,0.3733049313840338,Apparel Retail,Trucking,False
ADP,LULU,0.3732861467233759,Software - Application,Apparel Retail,False
APP,TEAM,0.37323405885928773,Advertising Agencies,Software - Application,False
FTNT,PAYX,0.37317975611538506,Software - Infrastructure,Software - Application,False
CRWD,META,0.3729817335958841,Software - Infrastructure,Internet Content & Information,False
AMAT,TTWO,0.37289356710329835,Semiconductor Equipment & Materials,Electronic Gaming & Multimedia,False
DASH,IDXX,0.3728749057624043,Internet Retail,Diagnostics & Research,False
BKR,MCHP,0.3728682801236922,Oil & Gas Equipment & Services,Semiconductors,False
ARM,PLTR,0.37279069227226025,Semiconductors,Software - Infrastructure,False
AEP,VRSK,0.3727613547146765,Utilities - Regulated Electric,Consulting Services,False
MAR,WBD,0.37263081916811625,Lodging,Entertainment,False
COST,NVDA,0.37260046226899246,Discount Stores,Semiconductors,False
MRVL,ROP,0.3724390216533647,Semiconductors,Software - Application,False
AAPL,AMGN,0.3724009813633827,Consumer Electronics,Drug Manufacturers - General,False
ROST,VRSK,0.3723311069864719,Apparel Retail,Consulting Services,False
CSGP,QCOM,0.37228296600910465,Real Estate Services,Semiconductors,False
IDXX,MNST,0.3722157611545036,Diagnostics & Research,Beverages - Non-Alcoholic,False
CRWD,IDXX,0.37217145952128783,Software - Infrastructure,Diagnostics & Research,False
GFS,PAYX,0.37217020960302466,Semiconductors,Software - Application,False
EXC,MNST,0.37216391135047994,Utilities - Regulated Electric,Beverages - Non-Alcoholic,False
ISRG,TTWO,0.3721421862690902,Medical Instruments & Supplies,Electronic Gaming & Multimedia,False
COST,MNST,0.3717921863090785,Discount Stores,Beverages - Non-Alcoholic,False
INTU,MDLZ,0.37175675187867147,Software - Application,Confectioners,False
CMCSA,INTC,0.37166219795246,Telecom Services,Semiconductors,False
ABNB,CSGP,0.3716487832304192,Travel Services,Real Estate Services,False
MRVL,PANW,0.37161606198209596,Semiconductors,Software - Infrastructure,False
ROP,XEL,0.3715659362239701,Software - Application,Utilities - Regulated Electric,False
DASH,FTNT,0.3714375277744328,Internet Retail,Software - Infrastructure,False
INTU,TMUS,0.37134789541855756,Software - Application,Telecom Services,False
APP,AXON,0.3713440548025374,Advertising Agencies,Aerospace & Defense,False
META,ZS,0.3713276388819497,Internet Content & Information,Software - Infrastructure,False
INTC,META,0.3711680107775021,Semiconductors,Internet Content & Information,False
KLAC,TTWO,0.37110151187102014,Semiconductor Equipment & Materials,Electronic Gaming & Multimedia,False
MAR,MRVL,0.3710881744911708,Lodging,Semiconductors,False
GOOGL,ROST,0.371087512190237,Internet Content & Information,Apparel Retail,False
ABNB,MSTR,0.37105535124034805,Travel Services,Software - Application,False
FTNT,NFLX,0.371029858885481,Software - Infrastructure,Entertainment,False
CTAS,INTC,0.3709506655142269,Specialty Business Services,Semiconductors,False
LULU,NVDA,0.3708528581228232,Apparel Retail,Semiconductors,False
AVGO,DDOG,0.37082296501553447,Semiconductors,Software - Application,False
AMAT,NFLX,0.3708172584298616,Semiconductor Equipment & Materials,Entertainment,False
BKNG,INTC,0.37073396697987016,Travel Services,Semiconductors,False
KLAC,ZS,0.37057752556262397,Semiconductor Equipment & Materials,Software - Infrastructure,False
CSX,PYPL,0.3705095723829382,Railroads,Credit Services,False
FTNT,ODFL,0.3703159158285281,Software - Infrastructure,Trucking,False
AMAT,MDB,0.3702364347817663,Semiconductor Equipment & Materials,Software - Infrastructure,False
CRWD,QCOM,0.3702210734120981,Software - Infrastructure,Semiconductors,False
APP,SNPS,0.37014510627534974,Advertising Agencies,Software - Infrastructure,False
FAST,SBUX,0.37007602467349304,Industrial Distribution,Restaurants,False
ADI,CRWD,0.37007357114525763,Semiconductors,Software - Infrastructure,False
FANG,ON,0.37006171546457367,Oil & Gas E&P,Semiconductors,False
GFS,ISRG,0.3700217543561962,Semiconductors,Medical Instruments & Supplies,False
HON,MRVL,0.3699902434747231,Conglomerates,Semiconductors,False
LULU,META,0.36997869625566115,Apparel Retail,Internet Content & Information,False
CSGP,DASH,0.3699344727541467,Real Estate Services,Internet Retail,False
ABNB,CTSH,0.36973382400406696,Travel Services,Information Technology Services,False
DASH,PANW,0.3697081235138226,Internet Retail,Software - Infrastructure,False
EXC,ORLY,0.3696946110997698,Utilities - Regulated Electric,Auto Parts,False
FANG,PCAR,0.36960701987896394,Oil & Gas E&P,Farm & Heavy Construction Machinery,False
MRVL,NFLX,0.36955220758416946,Semiconductors,Entertainment,False
MCHP,MDB,0.36950192005840315,Semiconductors,Software - Infrastructure,False
COST,HON,0.36934769655058103,Discount Stores,Conglomerates,False
CMCSA,GOOGL,0.36932337914736396,Telecom Services,Internet Content & Information,False
MELI,TSLA,0.369288685575856,Internet Retail,Auto Manufacturers,False
META,SBUX,0.3689741637402333,Internet Content & Information,Restaurants,False
IDXX,TTWO,0.36891238064088644,Diagnostics & Research,Electronic Gaming & Multimedia,False
MDLZ,ORLY,0.368830888105954,Confectioners,Auto Parts,False
DASH,TXN,0.3688166462432481,Internet Retail,Semiconductors,False
CSX,SNPS,0.3688091310847922,Railroads,Software - Infrastructure,False
ASML,CEG,0.36865474520161406,Semiconductor Equipment & Materials,Utilities - Independent Power Producers,False
CMCSA,ROST,0.3686498200424651,Telecom Services,Apparel Retail,False
CSGP,MNST,0.36864365894450773,Real Estate Services,Beverages - Non-Alcoholic,False
CSGP,LULU,0.3683789517846482,Real Estate Services,Apparel Retail,False
HON,XEL,0.36837486748324694,Conglomerates,Utilities - Regulated Electric,False
FAST,ON,0.3683470144522453,Industrial Distribution,Semiconductors,False
DDOG,NXPI,0.3682732374532445,Software - Application,Semiconductors,False
DDOG,IDXX,0.3682489243552186,Software - Application,Diagnostics & Research,False
ADP,META,0.36814875225763727,Software - Application,Internet Content & Information,False
CMCSA,QCOM,0.36812463777192167,Telecom Services,Semiconductors,False
NXPI,PANW,0.3678423778439257,Semiconductors,Software - Infrastructure,False
LRCX,TEAM,0.36769954079164463,Semiconductor Equipment & Materials,Software - Application,False
MELI,ROP,0.36764203312713495,Internet Retail,Software - Application,False
AMD,PYPL,0.3676390972204622,Semiconductors,Credit Services,False
AVGO,PAYX,0.3674107800416006,Semiconductors,Software - Application,False
MCHP,TEAM,0.36739011827306933,Semiconductors,Software - Application,False
ODFL,ROST,0.36728666731932597,Trucking,Apparel Retail,False
ADP,MRVL,0.36722072833312486,Software - Application,Semiconductors,False
SBUX,WDAY,0.36721444357669486,Restaurants,Software - Application,False
AAPL,TMUS,0.3671722421240948,Consumer Electronics,Telecom Services,False
AMZN,SBUX,0.36706166856558925,Internet Retail,Restaurants,False
ABNB,LULU,0.36695019445072435,Travel Services,Apparel Retail,False
EXC,INTU,0.3668950816388845,Utilities - Regulated Electric,Software - Application,False
PLTR,WDAY,0.3666988722205758,Software - Infrastructure,Software - Application,False
AVGO,PLTR,0.3666671007230646,Semiconductors,Software - Infrastructure,False
CSGP,MU,0.366628870715058,Real Estate Services,Semiconductors,False
DDOG,LULU,0.36651771827706286,Software - Application,Apparel Retail,False
CSGP,ZS,0.3664185664426632,Real Estate Services,Software - Infrastructure,False
LIN,META,0.3664179697975486,Specialty Chemicals,Internet Content & Information,False
CRWD,TSLA,0.36635981101785964,Software - Infrastructure,Auto Manufacturers,False
CCEP,CTSH,0.36625804459357003,Beverages - Non-Alcoholic,Information Technology Services,False
DXCM,INTU,0.36622942730824826,Medical Devices,Software - Application,False
CTSH,MNST,0.366088205000371,Information Technology Services,Beverages - Non-Alcoholic,False
GFS,IDXX,0.36608176002015597,Semiconductors,Diagnostics & Research,False
MAR,WDAY,0.36607535814673164,Lodging,Software - Application,False
AAPL,MDLZ,0.3659568582449596,Consumer Electronics,Confectioners,False
MRVL,SBUX,0.36582019512168173,Semiconductors,Restaurants,False
ADP,GFS,0.36562903254963636,Software - Application,Semiconductors,False
BIIB,REGN,0.3654308946436758,Drug Manufacturers - General,Biotechnology,False
APP,AVGO,0.365384235721175,Advertising Agencies,Semiconductors,False
AVGO,NFLX,0.36537151304781557,Semiconductors,Entertainment,False
MDLZ,PCAR,0.3653597349598985,Confectioners,Farm & Heavy Construction Machinery,False
HON,TMUS,0.3652614039385618,Conglomerates,Telecom Services,False
CDW,TMUS,0.36524930024785496,Information Technology Services,Telecom Services,False
AMZN,CTAS,0.365237174272518,Internet Retail,Specialty Business Services,False
ODFL,WDAY,0.3652082465764196,Trucking,Software - Application,False
AMD,CPRT,0.36520402721331563,Semiconductors,Specialty Business Services,False
AMZN,VRSK,0.3651372729695283,Internet Retail,Consulting Services,False
MCHP,VRSK,0.36505245565682354,Semiconductors,Consulting Services,False
CSCO,META,0.36502165302125267,Communication Equipment,Internet Content & Information,False
AMD,CSCO,0.364921420789182,Semiconductors,Communication Equipment,False
GFS,ROP,0.36484944677734726,Semiconductors,Software - Application,False
ADP,NVDA,0.36482202065592495,Software - Application,Semiconductors,False
CPRT,ZS,0.36480821524852497,Specialty Business Services,Software - Infrastructure,False
ARM,CRWD,0.36466213345110216,Semiconductors,Software - Infrastructure,False
CPRT,TEAM,0.3646472509747256,Specialty Business Services,Software - Application,False
AMD,APP,0.36464584133371525,Semiconductors,Advertising Agencies,False
APP,TSLA,0.36455922695984033,Advertising Agencies,Auto Manufacturers,False
AMGN,MSFT,0.3644620258161053,Drug Manufacturers - General,Software - Infrastructure,False
IDXX,LULU,0.3643513991798802,Diagnostics & Research,Apparel Retail,False
ASML,MSTR,0.3642145464499122,Semiconductor Equipment & Materials,Software - Application,False
QCOM,TTD,0.36407397338238234,Semiconductors,Advertising Agencies,False
CPRT,INTC,0.36402612638962145,Specialty Business Services,Semiconductors,False
ADP,CHTR,0.3640085794484336,Software - Application,Telecom Services,False
CDNS,MNST,0.3639620915227735,Software - Application,Beverages - Non-Alcoholic,False
CPRT,PLTR,0.36392371117367966,Specialty Business Services,Software - Infrastructure,False
PANW,TTD,0.3638962123547659,Software - Infrastructure,Advertising Agencies,False
CSGP,ODFL,0.3637720196354885,Real Estate Services,Trucking,False
GFS,MDB,0.3637551798876832,Semiconductors,Software - Infrastructure,False
GEHC,HON,0.36367674787750554,Medical Devices,Conglomerates,False
BKR,ROP,0.3636432821369886,Oil & Gas Equipment & Services,Software - Application,False
FTNT,MU,0.3635597188097474,Software - Infrastructure,Semiconductors,False
AMGN,PCAR,0.36339770499615265,Drug Manufacturers - General,Farm & Heavy Construction Machinery,False
HON,KHC,0.36328739438437,Conglomerates,Packaged Foods,False
ARM,CDW,0.3632101408314018,Semiconductors,Information Technology Services,False
AMAT,CEG,0.3631953155661931,Semiconductor Equipment & Materials,Utilities - Independent Power Producers,False
GEHC,KLAC,0.3631892737933832,Medical Devices,Semiconductor Equipment & Materials,False
CTAS,META,0.36318370086461493,Specialty Business Services,Internet Content & Information,False
GFS,META,0.3631714561326806,Semiconductors,Internet Content & Information,False
PCAR,PYPL,0.3629331553823367,Farm & Heavy Construction Machinery,Credit Services,False
AMGN,CTSH,0.3628951040112803,Drug Manufacturers - General,Information Technology Services,False
TMUS,TXN,0.3627710673540555,Telecom Services,Semiconductors,False
CMCSA,PYPL,0.36264950103823035,Telecom Services,Credit Services,False
ADSK,TMUS,0.3625888108111932,Software - Application,Telecom Services,False
AMZN,PAYX,0.36247217829713235,Internet Retail,Software - Application,False
MSTR,PYPL,0.36245722980409134,Software - Application,Credit Services,False
GEHC,ODFL,0.36236003801585354,Medical Devices,Trucking,False
ISRG,TSLA,0.3622824585132633,Medical Instruments & Supplies,Auto Manufacturers,False
ADSK,ARM,0.36224062112314026,Software - Application,Semiconductors,False
ADI,TEAM,0.3621653942148483,Semiconductors,Software - Application,False
CDW,PANW,0.36209792694713566,Information Technology Services,Software - Infrastructure,False
MNST,PYPL,0.3619554968518041,Beverages - Non-Alcoholic,Credit Services,False
ASML,VRSK,0.3618475280201147,Semiconductor Equipment & Materials,Consulting Services,False
FTNT,LIN,0.3617580720696188,Software - Infrastructure,Specialty Chemicals,False
APP,ISRG,0.36139893979230525,Advertising Agencies,Medical Instruments & Supplies,False
LIN,MRVL,0.3611070555360367,Specialty Chemicals,Semiconductors,False
AMD,TSLA,0.3608843955225786,Semiconductors,Auto Manufacturers,False
CSGP,PCAR,0.3608488687996418,Real Estate Services,Farm & Heavy Construction Machinery,False
AMGN,FAST,0.36080303986054635,Drug Manufacturers - General,Industrial Distribution,False
CSGP,CSX,0.3606108909442366,Real Estate Services,Railroads,False
BKNG,DASH,0.3605563119561537,Travel Services,Internet Retail,False
ADI,PANW,0.36053810775525663,Semiconductors,Software - Infrastructure,False
ABNB,SBUX,0.36039259125985035,Travel Services,Restaurants,False
CPRT,TMUS,0.3603868969733638,Specialty Business Services,Telecom Services,False
CRWD,MCHP,0.36034139707773244,Software - Infrastructure,Semiconductors,False
MDB,NXPI,0.36033896336978616,Software - Infrastructure,Semiconductors,False
KLAC,NFLX,0.36030881878763715,Semiconductor Equipment & Materials,Entertainment,False
AMD,NFLX,0.36006515647295245,Semiconductors,Entertainment,False
SBUX,TMUS,0.36002279357591527,Restaurants,Telecom Services,False
PANW,QCOM,0.3600119708923596,Software - Infrastructure,Semiconductors,False
PEP,TXN,0.35991295437949566,Beverages - Non-Alcoholic,Semiconductors,False
MELI,MU,0.3598574519019601,Internet Retail,Semiconductors,False
BKR,LRCX,0.35964860646242597,Oil & Gas Equipment & Services,Semiconductor Equipment & Materials,False
ADP,MU,0.3595689322310024,Software - Application,Semiconductors,False
CTSH,GEHC,0.35948270098274004,Information Technology Services,Medical Devices,False
LRCX,TTWO,0.35945642850045634,Semiconductor Equipment & Materials,Electronic Gaming & Multimedia,False
MAR,SNPS,0.35937976474196676,Lodging,Software - Infrastructure,False
AMAT,TEAM,0.3593307303034058,Semiconductor Equipment & Materials,Software - Application,False
ADI,NFLX,0.3593021499166449,Semiconductors,Entertainment,False
APP,CPRT,0.3592147287869176,Advertising Agencies,Specialty Business Services,False
HON,LULU,0.3591325411878729,Conglomerates,Apparel Retail,False
PLTR,PYPL,0.35912116768765584,Software - Infrastructure,Credit Services,False
FTNT,LULU,0.35907536842197607,Software - Infrastructure,Apparel Retail,False
BKNG,CSGP,0.35906759309376235,Travel Services,Real Estate Services,False
META,PLTR,0.35904995862652833,Internet Content & Information,Software - Infrastructure,False
ODFL,PYPL,0.35892221715569467,Trucking,Credit Services,False
LULU,MELI,0.3585898963344219,Apparel Retail,Internet Retail,False
FAST,ROST,0.3584712003256505,Industrial Distribution,Apparel Retail,False
CMCSA,EXC,0.3583955237957844,Telecom Services,Utilities - Regulated Electric,False
DXCM,FTNT,0.35825851198843234,Medical Devices,Software - Infrastructure,False
NFLX,TTD,0.3582249072807717,Entertainment,Advertising Agencies,False
MRVL,MSTR,0.35819783060679367,Semiconductors,Software - Application,False
HON,WDAY,0.35810887315798146,Conglomerates,Software - Application,False
CDNS,GEHC,0.3580477246602526,Software - Application,Medical Devices,False
ISRG,MDLZ,0.35799344417988993,Medical Instruments & Supplies,Confectioners,False
ADI,APP,0.35796035862996406,Semiconductors,Advertising Agencies,False
MNST,ORLY,0.3578144299063623,Beverages - Non-Alcoholic,Auto Parts,False
NFLX,QCOM,0.3575803592531642,Entertainment,Semiconductors,False
LIN,MELI,0.35744573435298466,Specialty Chemicals,Internet Retail,False
AVGO,COST,0.3574045515490799,Semiconductors,Discount Stores,False
ADSK,GEHC,0.35736625095686064,Software - Application,Medical Devices,False
LULU,ROP,0.3572355506964228,Apparel Retail,Software - Application,False
ASML,AXON,0.35719393836037117,Semiconductor Equipment & Materials,Aerospace & Defense,False
AEP,KHC,0.35717498620013344,Utilities - Regulated Electric,Packaged Foods,False
AAPL,PLTR,0.35714783663319893,Consumer Electronics,Software - Infrastructure,False
FAST,MNST,0.35713549325021693,Industrial Distribution,Beverages - Non-Alcoholic,False
EXC,TMUS,0.3571010028758452,Utilities - Regulated Electric,Telecom Services,False
CSCO,LULU,0.356970185611218,Communication Equipment,Apparel Retail,False
CCEP,ISRG,0.35694456546475095,Beverages - Non-Alcoholic,Medical Instruments & Supplies,False
APP,PANW,0.35691486209135764,Advertising Agencies,Software - Infrastructure,False
COST,CTSH,0.3567518995232666,Discount Stores,Information Technology Services,False
AMGN,KHC,0.35646900589981145,Drug Manufacturers - General,Packaged Foods,False
PCAR,VRSK,0.35633105529982534,Farm & Heavy Construction Machinery,Consulting Services,False
CDNS,CEG,0.3560978313007924,Software - Application,Utilities - Independent Power Producers,False
APP,NXPI,0.3560705854986176,Advertising Agencies,Semiconductors,False
COST,NXPI,0.35603344431317957,Discount Stores,Semiconductors,False
NVDA,PAYX,0.35592216295487045,Semiconductors,Software - Application,False
CSGP,ROST,0.3558998742413363,Real Estate Services,Apparel Retail,False
CDW,PEP,0.3558864475957412,Information Technology Services,Beverages - Non-Alcoholic,False
FAST,INTC,0.3558751727994086,Industrial Distribution,Semiconductors,False
PLTR,QCOM,0.3558562582436458,Software - Infrastructure,Semiconductors,False
AMD,FTNT,0.3558472475958392,Semiconductors,Software - Infrastructure,False
BKR,NXPI,0.35582176788440006,Oil & Gas Equipment & Services,Semiconductors,False
MSFT,ORLY,0.35577678399651746,Software - Infrastructure,Auto Parts,False
MU,PAYX,0.3557640615130019,Semiconductors,Software - Application,False
CCEP,CSX,0.35566033355774823,Beverages - Non-Alcoholic,Railroads,False
AMAT,CMCSA,0.3555534527878234,Semiconductor Equipment & Materials,Telecom Services,False
AMZN,FAST,0.35550729020706157,Internet Retail,Industrial Distribution,False
AXON,SNPS,0.35544841796318044,Aerospace & Defense,Software - Infrastructure,False
CPRT,CRWD,0.3553454865764772,Specialty Business Services,Software - Infrastructure,False
NXPI,PLTR,0.35534051355557406,Semiconductors,Software - Infrastructure,False
AVGO,ROST,0.3553202143323843,Semiconductors,Apparel Retail,False
BKR,CTSH,0.3552570545594975,Oil & Gas Equipment & Services,Information Technology Services,False
CDW,ORLY,0.35520877974225834,Information Technology Services,Auto Parts,False
LIN,LULU,0.35511155483585854,Specialty Chemicals,Apparel Retail,False
ARM,TSLA,0.35502813757850404,Semiconductors,Auto Manufacturers,False
META,TEAM,0.35491891014556654,Internet Content & Information,Software - Application,False
FAST,TMUS,0.35481492325053965,Industrial Distribution,Telecom Services,False
AVGO,DASH,0.35479431903946756,Semiconductors,Internet Retail,False
AXON,MELI,0.3547364560713858,Aerospace & Defense,Internet Retail,False
DXCM,IDXX,0.354704143226073,Medical Devices,Diagnostics & Research,False
LRCX,VRSK,0.3545374334752038,Semiconductor Equipment & Materials,Consulting Services,False
FAST,MDLZ,0.3545246905023619,Industrial Distribution,Confectioners,False
LULU,TEAM,0.35450620738042604,Apparel Retail,Software - Application,False
CPRT,MDLZ,0.35449588758202677,Specialty Business Services,Confectioners,False
ADP,KHC,0.3544228307457035,Software - Application,Packaged Foods,False
AVGO,LULU,0.3543649181339835,Semiconductors,Apparel Retail,False
AVGO,CSGP,0.3543018297095226,Semiconductors,Real Estate Services,False
AMAT,BKR,0.3542808378570193,Semiconductor Equipment & Materials,Oil & Gas Equipment & Services,False
CDW,FANG,0.3542087838669277,Information Technology Services,Oil & Gas E&P,False
META,TTWO,0.3541608535156689,Internet Content & Information,Electronic Gaming & Multimedia,False
ADI,ZS,0.3541535463412352,Semiconductors,Software - Infrastructure,False
MDLZ,TXN,0.3540721170776977,Confectioners,Semiconductors,False
APP,MU,0.35381634259658895,Advertising Agencies,Semiconductors,False
CCEP,CSCO,0.35369991301482645,Beverages - Non-Alcoholic,Communication Equipment,False
TTWO,ZS,0.3536700353549648,Electronic Gaming & Multimedia,Software - Infrastructure,False
CDW,MELI,0.353634255538023,Information Technology Services,Internet Retail,False
DDOG,TSLA,0.35358768734143,Software - Application,Auto Manufacturers,False
MELI,VRSK,0.35352106020367163,Internet Retail,Consulting Services,False
AXON,NVDA,0.3534793144827177,Aerospace & Defense,Semiconductors,False
AXON,MDB,0.3534552562525876,Aerospace & Defense,Software - Infrastructure,False
AMAT,ZS,0.35327882795564036,Semiconductor Equipment & Materials,Software - Infrastructure,False
CDW,MDLZ,0.3532656970421871,Information Technology Services,Confectioners,False
MCHP,PLTR,0.3532188828425696,Semiconductors,Software - Infrastructure,False
INTU,VRTX,0.35317683462587435,Software - Application,Biotechnology,False
BKNG,FANG,0.3531674221466973,Travel Services,Oil & Gas E&P,False
COST,ROST,0.3531620008355188,Discount Stores,Apparel Retail,False
HON,META,0.3531525845967084,Conglomerates,Internet Content & Information,False
AVGO,MDB,0.35314496236697057,Semiconductors,Software - Infrastructure,False
CSCO,ORLY,0.3531240487846684,Communication Equipment,Auto Parts,False
ARM,ZS,0.3530498043052436,Semiconductors,Software - Infrastructure,False
PANW,TXN,0.3530210229063439,Software - Infrastructure,Semiconductors,False
ADSK,VRTX,0.3530134814873935,Software - Application,Biotechnology,False
HON,WBD,0.352965325596971,Conglomerates,Entertainment,False
COST,META,0.3529584348470915,Discount Stores,Internet Content & Information,False
PYPL,ROST,0.3529494896342627,Credit Services,Apparel Retail,False
LIN,XEL,0.3529367628879833,Specialty Chemicals,Utilities - Regulated Electric,False
GOOGL,PCAR,0.35292834477810986,Internet Content & Information,Farm & Heavy Construction Machinery,False
AXON,MSFT,0.352914553160318,Aerospace & Defense,Software - Infrastructure,False
CDW,EXC,0.352908512911683,Information Technology Services,Utilities - Regulated Electric,False
CDW,TTD,0.3528091720465855,Information Technology Services,Advertising Agencies,False
CCEP,CPRT,0.3527955603597629,Beverages - Non-Alcoholic,Specialty Business Services,False
FANG,NXPI,0.35278478387480255,Oil & Gas E&P,Semiconductors,False
DASH,MU,0.3526504454144939,Internet Retail,Semiconductors,False
AXON,PYPL,0.3525807137116553,Aerospace & Defense,Credit Services,False
MNST,TMUS,0.3523216750012605,Beverages - Non-Alcoholic,Telecom Services,False
LRCX,NFLX,0.3519940054673353,Semiconductor Equipment & Materials,Entertainment,False
CSX,GFS,0.35180088740295046,Railroads,Semiconductors,False
COST,SBUX,0.3518004015360117,Discount Stores,Restaurants,False
AVGO,TTD,0.35148437646564595,Semiconductors,Advertising Agencies,False
CSX,TMUS,0.35137681563401874,Railroads,Telecom Services,False
MRVL,PCAR,0.3512845735448177,Semiconductors,Farm & Heavy Construction Machinery,False
MCHP,NFLX,0.3512265527745216,Semiconductors,Entertainment,False
ORLY,SBUX,0.35108867774312635,Auto Parts,Restaurants,False
LULU,TTD,0.35103731137662736,Apparel Retail,Advertising Agencies,False
MDB,ON,0.35086545836727745,Software - Infrastructure,Semiconductors,False
CTSH,ORLY,0.35076427781128316,Information Technology Services,Auto Parts,False
APP,MELI,0.35073813767438156,Advertising Agencies,Internet Retail,False
CMCSA,MNST,0.3506620109383334,Telecom Services,Beverages - Non-Alcoholic,False
BKR,TXN,0.3505605353267067,Oil & Gas Equipment & Services,Semiconductors,False
AXON,DDOG,0.35054514165713924,Aerospace & Defense,Software - Application,False
LULU,QCOM,0.3505131190726813,Apparel Retail,Semiconductors,False
GFS,TTD,0.35048332461732595,Semiconductors,Advertising Agencies,False
LULU,MAR,0.35040099791712326,Apparel Retail,Lodging,False
ADBE,PCAR,0.35037323480753996,Software - Application,Farm & Heavy Construction Machinery,False
MU,PANW,0.35029031343058165,Semiconductors,Software - Infrastructure,False
CTSH,LULU,0.3501926848039044,Information Technology Services,Apparel Retail,False
AMAT,VRSK,0.3501796930137777,Semiconductor Equipment & Materials,Consulting Services,False
CTAS,MELI,0.3501318561485707,Specialty Business Services,Internet Retail,False
GFS,SBUX,0.35005847641698445,Semiconductors,Restaurants,False
CMCSA,KLAC,0.35005419907022123,Telecom Services,Semiconductor Equipment & Materials,False
ADBE,MAR,0.35005380999746155,Software - Application,Lodging,False
EXC,FAST,0.3499997971063181,Utilities - Regulated Electric,Industrial Distribution,False
COST,MRVL,0.34992011043241816,Discount Stores,Semiconductors,False
GFS,MSTR,0.3497820322355822,Semiconductors,Software - Application,False
CPRT,EXC,0.34973779682717093,Specialty Business Services,Utilities - Regulated Electric,False
CCEP,XEL,0.34952772204311616,Beverages - Non-Alcoholic,Utilities - Regulated Electric,False
CTSH,FTNT,0.3495014254588743,Information Technology Services,Software - Infrastructure,False
MRVL,PAYX,0.3494775347832113,Semiconductors,Software - Application,False
CMCSA,CSGP,0.3493878856318798,Telecom Services,Real Estate Services,False
ON,PLTR,0.3493206767664477,Semiconductors,Software - Infrastructure,False
PANW,TSLA,0.34931647586294196,Software - Infrastructure,Auto Manufacturers,False
FAST,NVDA,0.3492769155256044,Industrial Distribution,Semiconductors,False
FTNT,TSLA,0.34924129728576986,Software - Infrastructure,Auto Manufacturers,False
CSGP,MRVL,0.34916739167340033,Real Estate Services,Semiconductors,False
DXCM,WDAY,0.349153001421225,Medical Devices,Software - Application,False
LRCX,ZS,0.3490862826638984,Semiconductor Equipment & Materials,Software - Infrastructure,False
PYPL,TMUS,0.34908200563375286,Credit Services,Telecom Services,False
DASH,LULU,0.34900578294459017,Internet Retail,Apparel Retail,False
ADI,PLTR,0.3489836330640585,Semiconductors,Software - Infrastructure,False
MSTR,ON,0.3487250769594306,Software - Application,Semiconductors,False
KHC,MNST,0.34870353079138205,Packaged Foods,Beverages - Non-Alcoholic,False
CHTR,CTSH,0.34868341746309056,Telecom Services,Information Technology Services,False
CMCSA,ODFL,0.34865451766140976,Telecom Services,Trucking,False
FAST,MRVL,0.3486340336087033,Industrial Distribution,Semiconductors,False
MSTR,NVDA,0.3485950800426763,Software - Application,Semiconductors,False
FAST,MAR,0.348474168495569,Industrial Distribution,Lodging,False
META,ODFL,0.34847024579512753,Internet Content & Information,Trucking,False
MCHP,ZS,0.34843973019877333,Semiconductors,Software - Infrastructure,False
CSCO,KHC,0.3483716026258244,Communication Equipment,Packaged Foods,False
ADSK,DXCM,0.3483044422595738,Software - Application,Medical Devices,False
CCEP,ROP,0.3482234702244336,Beverages - Non-Alcoholic,Software - Application,False
NVDA,SBUX,0.3480927930828232,Semiconductors,Restaurants,False
ABNB,WBD,0.3480786876923397,Travel Services,Entertainment,False
CTSH,MELI,0.3480576809496061,Information Technology Services,Internet Retail,False
CSX,MNST,0.34795314557249896,Railroads,Beverages - Non-Alcoholic,False
AMD,CSGP,0.34795049115105164,Semiconductors,Real Estate Services,False
DDOG,TXN,0.34792185065816594,Software - Application,Semiconductors,False
ADBE,DXCM,0.347863628763991,Software - Application,Medical Devices,False
AVGO,FAST,0.34782554556279305,Semiconductors,Industrial Distribution,False
AMZN,MSTR,0.3478235466477526,Internet Retail,Software - Application,False
CSCO,GILD,0.34775922606332726,Communication Equipment,Drug Manufacturers - General,False
CCEP,PCAR,0.3476909336501387,Beverages - Non-Alcoholic,Farm & Heavy Construction Machinery,False
CSGP,GEHC,0.3476496921684117,Real Estate Services,Medical Devices,False
CRWD,NXPI,0.34752841515346994,Software - Infrastructure,Semiconductors,False
AMZN,MNST,0.34747442023353975,Internet Retail,Beverages - Non-Alcoholic,False
MELI,SBUX,0.34724445182882396,Internet Retail,Restaurants,False
CCEP,TMUS,0.34719706832205915,Beverages - Non-Alcoholic,Telecom Services,False
TSLA,WDAY,0.34712077577839995,Auto Manufacturers,Software - Application,False
MAR,PYPL,0.3470250223087561,Lodging,Credit Services,False
TEAM,TXN,0.3469939615542421,Software - Application,Semiconductors,False
AXON,CPRT,0.34696560025445505,Aerospace & Defense,Specialty Business Services,False
IDXX,PANW,0.346763508842555,Diagnostics & Research,Software - Infrastructure,False
META,PANW,0.34667577190464216,Internet Content & Information,Software - Infrastructure,False
LULU,VRSK,0.3466451476972738,Apparel Retail,Consulting Services,False
CTSH,TMUS,0.34660063394724316,Information Technology Services,Telecom Services,False
ON,TEAM,0.34646077685622906,Semiconductors,Software - Application,False
MELI,TTWO,0.34631802126004957,Internet Retail,Electronic Gaming & Multimedia,False
MU,TSLA,0.3462845323749739,Semiconductors,Auto Manufacturers,False
AEP,HON,0.3462785988700877,Utilities - Regulated Electric,Conglomerates,False
ODFL,SBUX,0.3462354668007109,Trucking,Restaurants,False
AXON,KLAC,0.3462040472481851,Aerospace & Defense,Semiconductor Equipment & Materials,False
GOOGL,TMUS,0.34612592942800074,Internet Content & Information,Telecom Services,False
ADI,TMUS,0.34601648872242374,Semiconductors,Telecom Services,False
CMCSA,ISRG,0.34600703481536427,Telecom Services,Medical Instruments & Supplies,False
MU,TTD,0.34594404113168853,Semiconductors,Advertising Agencies,False
CSGP,PANW,0.34592399486398345,Real Estate Services,Software - Infrastructure,False
EXC,SBUX,0.3457835454705166,Utilities - Regulated Electric,Restaurants,False
AXON,WDAY,0.34557768393428323,Aerospace & Defense,Software - Application,False
DDOG,MU,0.34557321305227273,Software - Application,Semiconductors,False
CSCO,VRTX,0.34553379235164183,Communication Equipment,Biotechnology,False
BKR,ROST,0.3454928924640563,Oil & Gas Equipment & Services,Apparel Retail,False
ADBE,AXON,0.34534643475600035,Software - Application,Aerospace & Defense,False
CDW,DASH,0.3452533610676468,Information Technology Services,Internet Retail,False
AMAT,GEHC,0.34524969041759324,Semiconductor Equipment & Materials,Medical Devices,False
TEAM,TTWO,0.3452251806139569,Software - Application,Electronic Gaming & Multimedia,False
AMAT,MSTR,0.34518755014869595,Semiconductor Equipment & Materials,Software - Application,False
QCOM,TEAM,0.3451337274080118,Semiconductors,Software - Application,False
CCEP,INTU,0.3451100264099151,Beverages - Non-Alcoholic,Software - Application,False
CSX,IDXX,0.3450560509481399,Railroads,Diagnostics & Research,False
MNST,XEL,0.3449624709488768,Beverages - Non-Alcoholic,Utilities - Regulated Electric,False
INTC,WDAY,0.3448960076352221,Semiconductors,Software - Application,False
KLAC,MSTR,0.34476612954195396,Semiconductor Equipment & Materials,Software - Application,False
AZN,VRTX,0.3447349396987423,Drug Manufacturers - General,Biotechnology,False
COST,TMUS,0.3446865559530542,Discount Stores,Telecom Services,False
ADI,AMGN,0.3446464165296736,Semiconductors,Drug Manufacturers - General,False
AXON,MRVL,0.3445650852366189,Aerospace & Defense,Semiconductors,False
TXN,ZS,0.34448462360918675,Semiconductors,Software - Infrastructure,False
PANW,VRSK,0.3443612607794783,Software - Infrastructure,Consulting Services,False
MDB,TXN,0.34428023637126,Software - Infrastructure,Semiconductors,False
ROP,VRTX,0.34427227273837074,Software - Application,Biotechnology,False
NFLX,PANW,0.34419222556945084,Entertainment,Software - Infrastructure,False
LULU,MRVL,0.34415607492768907,Apparel Retail,Semiconductors,False
CRWD,TXN,0.3441320556635192,Software - Infrastructure,Semiconductors,False
AMD,IDXX,0.34405311754745216,Semiconductors,Diagnostics & Research,False
MSTR,NXPI,0.3440084477814239,Software - Application,Semiconductors,False
CHTR,VRSK,0.34400527968207323,Telecom Services,Consulting Services,False
MELI,PAYX,0.34398255960192464,Internet Retail,Software - Application,False
ABNB,GEHC,0.3437183241610999,Travel Services,Medical Devices,False
QCOM,TTWO,0.3436969717275556,Semiconductors,Electronic Gaming & Multimedia,False
ARM,MAR,0.34368407232938025,Semiconductors,Lodging,False
CMCSA,ON,0.3435812585000661,Telecom Services,Semiconductors,False
HON,NVDA,0.34356563528857476,Conglomerates,Semiconductors,False
QCOM,ROST,0.34351239748684964,Semiconductors,Apparel Retail,False
CMCSA,COST,0.34346918160265355,Telecom Services,Discount Stores,False
GFS,LIN,0.3433965079940182,Semiconductors,Specialty Chemicals,False
BKNG,VRSK,0.3433895473941779,Travel Services,Consulting Services,False
CHTR,MSFT,0.3433572696930943,Telecom Services,Software - Infrastructure,False
CHTR,PYPL,0.34334063518263147,Telecom Services,Credit Services,False
GEHC,ON,0.3431296543067677,Medical Devices,Semiconductors,False
CPRT,TTWO,0.3431169385531983,Specialty Business Services,Electronic Gaming & Multimedia,False
KLAC,MNST,0.3431089511578096,Semiconductor Equipment & Materials,Beverages - Non-Alcoholic,False
ADI,AXON,0.34307803033967904,Semiconductors,Aerospace & Defense,False
FANG,MCHP,0.3429819047044411,Oil & Gas E&P,Semiconductors,False
CSX,LULU,0.34257291477457175,Railroads,Apparel Retail,False
MCHP,MSTR,0.3425715410431724,Semiconductors,Software - Application,False
DASH,SBUX,0.3425572651215506,Internet Retail,Restaurants,False
ADBE,PEP,0.3423572443878936,Software - Application,Beverages - Non-Alcoholic,False
AXON,TTD,0.34234035351862774,Aerospace & Defense,Advertising Agencies,False
MNST,ROST,0.3423070751390653,Beverages - Non-Alcoholic,Apparel Retail,False
APP,WDAY,0.3422533799848729,Advertising Agencies,Software - Application,False
CDW,MNST,0.3421247932291569,Information Technology Services,Beverages - Non-Alcoholic,False
EXC,ISRG,0.34199404946889866,Utilities - Regulated Electric,Medical Instruments & Supplies,False
AMD,CEG,0.3419899531977973,Semiconductors,Utilities - Independent Power Producers,False
MSTR,TSLA,0.3419733754225413,Software - Application,Auto Manufacturers,False
ISRG,TMUS,0.34195767437404906,Medical Instruments & Supplies,Telecom Services,False
ORLY,PCAR,0.34195289031490217,Auto Parts,Farm & Heavy Construction Machinery,False
AZN,MDLZ,0.34186840029192306,Drug Manufacturers - General,Confectioners,False
CRWD,CSGP,0.34179738022048517,Software - Infrastructure,Real Estate Services,False
DASH,MAR,0.3417722224486201,Internet Retail,Lodging,False
AXON,NXPI,0.34167935398248594,Aerospace & Defense,Semiconductors,False
BKNG,FAST,0.3415801110250733,Travel Services,Industrial Distribution,False
CSGP,DXCM,0.34155693377744856,Real Estate Services,Medical Devices,False
MDB,TTWO,0.34145982183365936,Software - Infrastructure,Electronic Gaming & Multimedia,False
NXPI,TEAM,0.3414541323733142,Semiconductors,Software - Application,False
CHTR,INTU,0.34143073413132374,Telecom Services,Software - Application,False
CMCSA,LRCX,0.3411583414477676,Telecom Services,Semiconductor Equipment & Materials,False
AXON,LRCX,0.3411530106980655,Aerospace & Defense,Semiconductor Equipment & Materials,False
AEP,CTAS,0.3410195077364432,Utilities - Regulated Electric,Specialty Business Services,False
ARM,BKNG,0.3409939418844778,Semiconductors,Travel Services,False
AXON,ON,0.3409749393347603,Aerospace & Defense,Semiconductors,False
FANG,ROST,0.34093187879707176,Oil & Gas E&P,Apparel Retail,False
CDNS,PCAR,0.34088906879770103,Software - Application,Farm & Heavy Construction Machinery,False
KHC,LIN,0.3407882832480178,Packaged Foods,Specialty Chemicals,False
ISRG,VRTX,0.3407206790261147,Medical Instruments & Supplies,Biotechnology,False
NFLX,PLTR,0.3406446812282433,Entertainment,Software - Infrastructure,False
AMGN,CSX,0.3406195676911548,Drug Manufacturers - General,Railroads,False
COST,PYPL,0.3406033889187946,Discount Stores,Credit Services,False
CSX,NVDA,0.34056124242224756,Railroads,Semiconductors,False
ARM,META,0.34040453146909466,Semiconductors,Internet Content & Information,False
MRVL,TTWO,0.34037243225969227,Semiconductors,Electronic Gaming & Multimedia,False
CSX,ORLY,0.3402410196398833,Railroads,Auto Parts,False
BKNG,LULU,0.34013933356498227,Travel Services,Apparel Retail,False
FTNT,SBUX,0.3401385154619499,Software - Infrastructure,Restaurants,False
CDNS,DXCM,0.3400435259274304,Software - Application,Medical Devices,False
IDXX,ROST,0.3399423229825774,Diagnostics & Research,Apparel Retail,False
CHTR,ROP,0.3398301436349903,Telecom Services,Software - Application,False
NXPI,ZS,0.33979299597284174,Semiconductors,Software - Infrastructure,False
ADI,MSTR,0.33977359957150893,Semiconductors,Software - Application,False
AXON,CDW,0.3397730132657924,Aerospace & Defense,Information Technology Services,False
BIIB,GEHC,0.3397230890884795,Drug Manufacturers - General,Medical Devices,False
GFS,ROST,0.33964685962049335,Semiconductors,Apparel Retail,False
GOOGL,PLTR,0.33963920484242816,Internet Content & Information,Software - Infrastructure,False
BKNG,PANW,0.3396279176857489,Travel Services,Software - Infrastructure,False
PCAR,WBD,0.3395992476779444,Farm & Heavy Construction Machinery,Entertainment,False
AMGN,CDW,0.33941866620429356,Drug Manufacturers - General,Information Technology Services,False
ARM,MSTR,0.33936767527630896,Semiconductors,Software - Application,False
CDW,TSLA,0.33931729975342634,Information Technology Services,Auto Manufacturers,False
TTD,TTWO,0.3391944091873392,Advertising Agencies,Electronic Gaming & Multimedia,False
ADP,MELI,0.3391825640068989,Software - Application,Internet Retail,False
MDB,QCOM,0.33907599624122714,Software - Infrastructure,Semiconductors,False
CCEP,VRSK,0.33901742385875744,Beverages - Non-Alcoholic,Consulting Services,False
CSX,FTNT,0.3388602094891145,Railroads,Software - Infrastructure,False
EXC,ROST,0.33885233213298677,Utilities - Regulated Electric,Apparel Retail,False
COST,CSX,0.33878364891941154,Discount Stores,Railroads,False
EXC,MSFT,0.3387686408102973,Utilities - Regulated Electric,Software - Infrastructure,False
MCHP,WBD,0.338475313724375,Semiconductors,Entertainment,False
CDW,TEAM,0.3384524069753175,Information Technology Services,Software - Application,False
META,ROP,0.33845165398342986,Internet Content & Information,Software - Application,False
AXON,ZS,0.33841494742591705,Aerospace & Defense,Software - Infrastructure,False
NXPI,VRSK,0.33827621386656515,Semiconductors,Consulting Services,False
CSX,MRVL,0.33822308382893657,Railroads,Semiconductors,False
ON,WBD,0.338123110918073,Semiconductors,Entertainment,False
AMGN,INTU,0.33799701672316984,Drug Manufacturers - General,Software - Application,False
GILD,PEP,0.33793553308640994,Drug Manufacturers - General,Beverages - Non-Alcoholic,False
ASML,GEHC,0.33785353629692094,Semiconductor Equipment & Materials,Medical Devices,False
ARM,DDOG,0.3377932175264483,Semiconductors,Software - Application,False
NXPI,WBD,0.33779158715450863,Semiconductors,Entertainment,False
CSX,WDAY,0.3377315550937689,Railroads,Software - Application,False
ADBE,PLTR,0.33771833946058716,Software - Application,Software - Infrastructure,False
PCAR,SNPS,0.3377117888467423,Farm & Heavy Construction Machinery,Software - Infrastructure,False
MAR,NVDA,0.3375929242315309,Lodging,Semiconductors,False
LRCX,MNST,0.33746474697230927,Semiconductor Equipment & Materials,Beverages - Non-Alcoholic,False
ADBE,VRTX,0.3372140366420208,Software - Application,Biotechnology,False
AEP,ROP,0.3372007169518295,Utilities - Regulated Electric,Software - Application,False
CTAS,PANW,0.3371767318581973,Specialty Business Services,Software - Infrastructure,False
APP,QCOM,0.33707454233438794,Advertising Agencies,Semiconductors,False
IDXX,NFLX,0.3369285445941105,Diagnostics & Research,Entertainment,False
DDOG,ON,0.33686687212953687,Software - Application,Semiconductors,False
INTC,MAR,0.3368263063553646,Semiconductors,Lodging,False
COST,MELI,0.3366951892484767,Discount Stores,Internet Retail,False
BKR,KLAC,0.3365334828732511,Oil & Gas Equipment & Services,Semiconductor Equipment & Materials,False
MDB,TSLA,0.3365331455651858,Software - Infrastructure,Auto Manufacturers,False
ABNB,NFLX,0.33647999879801105,Travel Services,Entertainment,False
BIIB,VRTX,0.33636369524074355,Drug Manufacturers - General,Biotechnology,False
AMZN,MAR,0.33619181885907873,Internet Retail,Lodging,False
GILD,PAYX,0.33613059284492275,Drug Manufacturers - General,Software - Application,False
AAPL,APP,0.33612095971757966,Consumer Electronics,Advertising Agencies,False
AAPL,VRTX,0.33598673306173815,Consumer Electronics,Biotechnology,False
ABNB,PANW,0.3358679111901031,Travel Services,Software - Infrastructure,False
AAPL,ARM,0.3358497782658343,Consumer Electronics,Semiconductors,False
ADBE,CHTR,0.33584486649637696,Software - Application,Telecom Services,False
BKNG,TMUS,0.33576506378312393,Travel Services,Telecom Services,False
GEHC,GFS,0.33574563116967915,Medical Devices,Semiconductors,False
NFLX,TSLA,0.3357163446328242,Entertainment,Auto Manufacturers,False
MNST,WDAY,0.3356970960277081,Beverages - Non-Alcoholic,Software - Application,False
CCEP,MSFT,0.33562030522870556,Beverages - Non-Alcoholic,Software - Infrastructure,False
AZN,LIN,0.3356148968678294,Drug Manufacturers - General,Specialty Chemicals,False
GEHC,IDXX,0.33550087895458336,Medical Devices,Diagnostics & Research,False
CSGP,TMUS,0.33536561285305466,Real Estate Services,Telecom Services,False
META,TSLA,0.3352343482319297,Internet Content & Information,Auto Manufacturers,False
ABNB,IDXX,0.3350969353265929,Travel Services,Diagnostics & Research,False
ARM,GOOGL,0.33507530648383804,Semiconductors,Internet Content & Information,False
ARM,SNPS,0.33504249455806223,Semiconductors,Software - Infrastructure,False
CPRT,NFLX,0.33491524569602327,Specialty Business Services,Entertainment,False
QCOM,ZS,0.33482845127306227,Semiconductors,Software - Infrastructure,False
CRWD,DXCM,0.3347130498215415,Software - Infrastructure,Medical Devices,False
CRWD,ON,0.3347031420648878,Software - Infrastructure,Semiconductors,False
BKNG,IDXX,0.3346151496167124,Travel Services,Diagnostics & Research,False
PANW,ROP,0.33446569055795083,Software - Infrastructure,Software - Application,False
AMGN,IDXX,0.33438603205024975,Drug Manufacturers - General,Diagnostics & Research,False
BKNG,TEAM,0.33436537050124276,Travel Services,Software - Application,False
ODFL,PANW,0.33424314803328814,Trucking,Software - Infrastructure,False
LRCX,MSTR,0.33406653423626886,Semiconductor Equipment & Materials,Software - Application,False
COST,LULU,0.33403631839935277,Discount Stores,Apparel Retail,False
AAPL,CHTR,0.3338732669000956,Consumer Electronics,Telecom Services,False
PCAR,PEP,0.3336818206901375,Farm & Heavy Construction Machinery,Beverages - Non-Alcoholic,False
ROST,SNPS,0.3335519774664071,Apparel Retail,Software - Infrastructure,False
AXON,MCHP,0.33315634708294245,Aerospace & Defense,Semiconductors,False
META,VRSK,0.3331156744030694,Internet Content & Information,Consulting Services,False
ASML,MNST,0.33307306630435474,Semiconductor Equipment & Materials,Beverages - Non-Alcoholic,False
DXCM,MSFT,0.3330496165694729,Medical Devices,Software - Infrastructure,False
ABNB,AVGO,0.33296039537590694,Travel Services,Semiconductors,False
CTAS,FANG,0.33295468369346426,Specialty Business Services,Oil & Gas E&P,False
MCHP,TTWO,0.3329474047293326,Semiconductors,Electronic Gaming & Multimedia,False
AVGO,AXON,0.3329121596370589,Semiconductors,Aerospace & Defense,False
ADI,FANG,0.33281874692454994,Semiconductors,Oil & Gas E&P,False
FAST,LULU,0.33255494206051717,Industrial Distribution,Apparel Retail,False
ADI,MDLZ,0.332507843919269,Semiconductors,Confectioners,False
AZN,PEP,0.3324694382161032,Drug Manufacturers - General,Beverages - Non-Alcoholic,False
CTAS,GEHC,0.3324280078495661,Specialty Business Services,Medical Devices,False
ADBE,ROST,0.33242790943970696,Software - Application,Apparel Retail,False
ISRG,PLTR,0.3322424780451348,Medical Instruments & Supplies,Software - Infrastructure,False
AMGN,CTAS,0.3321973059018788,Drug Manufacturers - General,Specialty Business Services,False
AMAT,AXON,0.33212476788945183,Semiconductor Equipment & Materials,Aerospace & Defense,False
COST,FTNT,0.3320997691415661,Discount Stores,Software - Infrastructure,False
CRWD,TTWO,0.33204034717729597,Software - Infrastructure,Electronic Gaming & Multimedia,False
KHC,ROP,0.3319145955750791,Packaged Foods,Software - Application,False
DDOG,TTWO,0.33191111924685546,Software - Application,Electronic Gaming & Multimedia,False
MU,ROST,0.33187345170601323,Semiconductors,Apparel Retail,False
AMAT,MNST,0.3317768606660697,Semiconductor Equipment & Materials,Beverages - Non-Alcoholic,False
BKR,MU,0.33160703749184745,Oil & Gas Equipment & Services,Semiconductors,False
COST,ZS,0.3314150641994806,Discount Stores,Software - Infrastructure,False
AMZN,CSX,0.3312962612017968,Internet Retail,Railroads,False
BKNG,WBD,0.3312960994585244,Travel Services,Entertainment,False
ADBE,APP,0.33129295369357015,Software - Application,Advertising Agencies,False
ADI,WBD,0.3311850082185203,Semiconductors,Entertainment,False
AMGN,ISRG,0.33118471059642623,Drug Manufacturers - General,Medical Instruments & Supplies,False
CDNS,ROST,0.33112971668653113,Software - Application,Apparel Retail,False
AMD,ODFL,0.3311147228070898,Semiconductors,Trucking,False
ABNB,ODFL,0.3310891716206029,Travel Services,Trucking,False
CTSH,WBD,0.33090483859506037,Information Technology Services,Entertainment,False
AEP,LIN,0.3308977083147964,Utilities - Regulated Electric,Specialty Chemicals,False
AVGO,TTWO,0.33087513467840113,Semiconductors,Electronic Gaming & Multimedia,False
CTSH,XEL,0.33083790036323873,Information Technology Services,Utilities - Regulated Electric,False
TSLA,ZS,0.330776740462489,Auto Manufacturers,Software - Infrastructure,False
CHTR,HON,0.3307534511916796,Telecom Services,Conglomerates,False
FTNT,HON,0.3307272000035419,Software - Infrastructure,Conglomerates,False
ORLY,TMUS,0.33070837532930103,Auto Parts,Telecom Services,False
DXCM,TEAM,0.33065701593148517,Medical Devices,Software - Application,False
AEP,MNST,0.33048059184677386,Utilities - Regulated Electric,Beverages - Non-Alcoholic,False
IDXX,INTC,0.33045864049388324,Diagnostics & Research,Semiconductors,False
MDLZ,ROST,0.33043344784316586,Confectioners,Apparel Retail,False
BKNG,TTD,0.3303769272756805,Travel Services,Advertising Agencies,False
AVGO,ZS,0.330359824095348,Semiconductors,Software - Infrastructure,False
ROST,WDAY,0.330116737725213,Apparel Retail,Software - Application,False
MSTR,SNPS,0.33002263870688076,Software - Application,Software - Infrastructure,False
IDXX,MDLZ,0.329976768676457,Diagnostics & Research,Confectioners,False
CDW,MDB,0.3298829067499571,Information Technology Services,Software - Infrastructure,False
APP,TTWO,0.3296976188851412,Advertising Agencies,Electronic Gaming & Multimedia,False
CCEP,NXPI,0.32966468584929026,Beverages - Non-Alcoholic,Semiconductors,False
CSGP,NFLX,0.3296396788823873,Real Estate Services,Entertainment,False
ADP,PANW,0.32930224612431924,Software - Application,Software - Infrastructure,False
NFLX,NXPI,0.3292514527113558,Entertainment,Semiconductors,False
DXCM,MDB,0.32916886216532043,Medical Devices,Software - Infrastructure,False
CSGP,TTWO,0.3291320211631186,Real Estate Services,Electronic Gaming & Multimedia,False
ASML,CMCSA,0.3290770422928952,Semiconductor Equipment & Materials,Telecom Services,False
MELI,ODFL,0.328996841982159,Internet Retail,Trucking,False
AMZN,GEHC,0.32893203045949476,Internet Retail,Medical Devices,False
IDXX,MAR,0.3288658514396521,Diagnostics & Research,Lodging,False
CDNS,VRTX,0.32884378445829604,Software - Application,Biotechnology,False
COST,NFLX,0.3288400441788536,Discount Stores,Entertainment,False
GOOGL,VRTX,0.3287876141757367,Internet Content & Information,Biotechnology,False
FAST,WDAY,0.32871865893514124,Industrial Distribution,Software - Application,False
ADP,TTD,0.3286755029255224,Software - Application,Advertising Agencies,False
COST,INTC,0.328534687088663,Discount Stores,Semiconductors,False
FAST,MU,0.3285039589474157,Industrial Distribution,Semiconductors,False
COST,GFS,0.32849216112415697,Discount Stores,Semiconductors,False
CHTR,TXN,0.3283216547235317,Telecom Services,Semiconductors,False
GEHC,INTU,0.3282036863660175,Medical Devices,Software - Application,False
BKNG,DDOG,0.3279453331412994,Travel Services,Software - Application,False
ADP,VRTX,0.3279414379129851,Software - Application,Biotechnology,False
MSFT,MSTR,0.3279257136913196,Software - Infrastructure,Software - Application,False
AMGN,TMUS,0.32772770604348544,Drug Manufacturers - General,Telecom Services,False
MU,PLTR,0.3276968892517465,Semiconductors,Software - Infrastructure,False
CTSH,TEAM,0.32768337131174985,Information Technology Services,Software - Application,False
INTC,LULU,0.3276764520960411,Semiconductors,Apparel Retail,False
FAST,FTNT,0.3276668120491619,Industrial Distribution,Software - Infrastructure,False
CTAS,TTD,0.327524330290421,Specialty Business Services,Advertising Agencies,False
CMCSA,XEL,0.3274680302056476,Telecom Services,Utilities - Regulated Electric,False
BKNG,FTNT,0.3273267262413363,Travel Services,Software - Infrastructure,False
FAST,META,0.32722882027060285,Industrial Distribution,Internet Content & Information,False
TSLA,TTD,0.327219202901041,Auto Manufacturers,Advertising Agencies,False
TEAM,TSLA,0.3270560349161085,Software - Application,Auto Manufacturers,False
MU,TEAM,0.32683585560104256,Semiconductors,Software - Application,False
GOOGL,MSTR,0.32673005046692344,Internet Content & Information,Software - Application,False
ORLY,XEL,0.3266572185161185,Auto Parts,Utilities - Regulated Electric,False
MAR,META,0.326646066669042,Lodging,Internet Content & Information,False
INTU,ORLY,0.32664011470978743,Software - Application,Auto Parts,False
MCHP,MNST,0.32659876643833696,Semiconductors,Beverages - Non-Alcoholic,False
AMD,ROP,0.32655145288785253,Semiconductors,Software - Application,False
AXON,TEAM,0.3265449306206057,Aerospace & Defense,Software - Application,False
TXN,VRTX,0.32653171118882945,Semiconductors,Biotechnology,False
AMGN,XEL,0.32645401157474246,Drug Manufacturers - General,Utilities - Regulated Electric,False
CMCSA,ORLY,0.3264267589657804,Telecom Services,Auto Parts,False
MDB,MU,0.3264193890509897,Software - Infrastructure,Semiconductors,False
AMD,TEAM,0.3264104836464012,Semiconductors,Software - Application,False
ADI,PEP,0.3264031590986676,Semiconductors,Beverages - Non-Alcoholic,False
AMD,TTWO,0.3263442118797503,Semiconductors,Electronic Gaming & Multimedia,False
AXON,ISRG,0.3262338607335112,Aerospace & Defense,Medical Instruments & Supplies,False
CHTR,CSX,0.32577579870632367,Telecom Services,Railroads,False
ABNB,AXON,0.32575780855035147,Travel Services,Aerospace & Defense,False
IDXX,VRTX,0.325698880556881,Diagnostics & Research,Biotechnology,False
MSTR,TXN,0.3255853855287486,Software - Application,Semiconductors,False
GEHC,PYPL,0.3255678711790586,Medical Devices,Credit Services,False
FANG,LIN,0.3255629326031432,Oil & Gas E&P,Specialty Chemicals,False
CHTR,SBUX,0.32548225811051285,Telecom Services,Restaurants,False
AMD,CTSH,0.3253819144128219,Semiconductors,Information Technology Services,False
COST,CSGP,0.32519104859538545,Discount Stores,Real Estate Services,False
PAYX,VRTX,0.3250663979642362,Software - Application,Biotechnology,False
ADBE,MDLZ,0.3249741401037607,Software - Application,Confectioners,False
APP,ON,0.32495876899989845,Advertising Agencies,Semiconductors,False
MNST,SNPS,0.32492549761244865,Beverages - Non-Alcoholic,Software - Infrastructure,False
VRSK,VRTX,0.3248941157148881,Consulting Services,Biotechnology,False
APP,MCHP,0.3248914288137884,Advertising Agencies,Semiconductors,False
LULU,PANW,0.32483251707950994,Apparel Retail,Software - Infrastructure,False
LULU,MU,0.3247600140315784,Apparel Retail,Semiconductors,False
BKR,CMCSA,0.3247549754378175,Oil & Gas Equipment & Services,Telecom Services,False
DXCM,SNPS,0.32450325046392725,Medical Devices,Software - Infrastructure,False
AMZN,LIN,0.32449792228192187,Internet Retail,Specialty Chemicals,False
NVDA,VRSK,0.32444897513478993,Semiconductors,Consulting Services,False
CCEP,MCHP,0.3244212380246162,Beverages - Non-Alcoholic,Semiconductors,False
ABNB,ROST,0.3243425023536369,Travel Services,Apparel Retail,False
KDP,VRSK,0.3242751799645416,Beverages - Non-Alcoholic,Consulting Services,False
ISRG,PEP,0.3242152493249382,Medical Instruments & Supplies,Beverages - Non-Alcoholic,False
LULU,PCAR,0.32418535808775545,Apparel Retail,Farm & Heavy Construction Machinery,False
APP,FTNT,0.32411136512640787,Advertising Agencies,Software - Infrastructure,False
ADSK,CHTR,0.323876147654063,Software - Application,Telecom Services,False
CDNS,TMUS,0.32384696982134126,Software - Application,Telecom Services,False
ADSK,CCEP,0.3238192248185431,Software - Application,Beverages - Non-Alcoholic,False
BKNG,MNST,0.32364116795708114,Travel Services,Beverages - Non-Alcoholic,False
ARM,DASH,0.32362231688083903,Semiconductors,Internet Retail,False
CDW,CHTR,0.3234652363783449,Information Technology Services,Telecom Services,False
FTNT,MAR,0.3234440780062018,Software - Infrastructure,Lodging,False
CMCSA,META,0.3234241547003674,Telecom Services,Internet Content & Information,False
AMGN,MCHP,0.32341899633178667,Drug Manufacturers - General,Semiconductors,False
NFLX,ON,0.3231459679782667,Entertainment,Semiconductors,False
TTWO,VRSK,0.3230790773161967,Electronic Gaming & Multimedia,Consulting Services,False
BKR,SBUX,0.3230235394060612,Oil & Gas Equipment & Services,Restaurants,False
MU,NFLX,0.3229954490597756,Semiconductors,Entertainment,False
CTSH,PANW,0.3229127847738037,Information Technology Services,Software - Infrastructure,False
APP,BKNG,0.3228856187994817,Advertising Agencies,Travel Services,False
COST,XEL,0.3226754993478722,Discount Stores,Utilities - Regulated Electric,False
ADP,GILD,0.3226003536031891,Software - Application,Drug Manufacturers - General,False
AMD,PANW,0.322570860432554,Semiconductors,Software - Infrastructure,False
ADI,CCEP,0.3225668991571563,Semiconductors,Beverages - Non-Alcoholic,False
CCEP,KHC,0.32249182057004155,Beverages - Non-Alcoholic,Packaged Foods,False
CSCO,MELI,0.3223641462044084,Communication Equipment,Internet Retail,False
DXCM,PYPL,0.3222863267945367,Medical Devices,Credit Services,False
NVDA,PCAR,0.3222222548686821,Semiconductors,Farm & Heavy Construction Machinery,False
KHC,PCAR,0.32216494226080705,Packaged Foods,Farm & Heavy Construction Machinery,False
CCEP,CSGP,0.32204190143467326,Beverages - Non-Alcoholic,Real Estate Services,False
IDXX,PCAR,0.32201999969124284,Diagnostics & Research,Farm & Heavy Construction Machinery,False
CRWD,MSTR,0.3220127867859379,Software - Infrastructure,Software - Application,False
INTC,VRSK,0.3219889420773529,Semiconductors,Consulting Services,False
DASH,ODFL,0.32185573510938725,Internet Retail,Trucking,False
COST,EXC,0.3218239700348851,Discount Stores,Utilities - Regulated Electric,False
EXC,KDP,0.3218030739145484,Utilities - Regulated Electric,Beverages - Non-Alcoholic,False
BKNG,NFLX,0.3216992923366217,Travel Services,Entertainment,False
ASML,PDD,0.3213537770003349,Semiconductor Equipment & Materials,Internet Retail,False
CDNS,CMCSA,0.3212887759794185,Software - Application,Telecom Services,False
AXON,MAR,0.321264224849851,Aerospace & Defense,Lodging,False
ADI,CHTR,0.3212598526242106,Semiconductors,Telecom Services,False
CSGP,INTC,0.32123122737917603,Real Estate Services,Semiconductors,False
GEHC,SNPS,0.32115136160296043,Medical Devices,Software - Infrastructure,False
CSX,GEHC,0.3211371658707859,Railroads,Medical Devices,False
TMUS,WDAY,0.32107938901563554,Telecom Services,Software - Application,False
BKNG,MDLZ,0.3209478994985507,Travel Services,Confectioners,False
MSFT,REGN,0.3208007754362711,Software - Infrastructure,Biotechnology,False
ABNB,PDD,0.3207239450466957,Travel Services,Internet Retail,False
MRVL,ROST,0.3207039029261949,Semiconductors,Apparel Retail,False
CEG,MSFT,0.3201756741636741,Utilities - Independent Power Producers,Software - Infrastructure,False
GEHC,TSLA,0.32015070909650134,Medical Devices,Auto Manufacturers,False
ABNB,PCAR,0.32010984634661843,Travel Services,Farm & Heavy Construction Machinery,False
BKR,ODFL,0.3200560978674023,Oil & Gas Equipment & Services,Trucking,False
CEG,CRWD,0.32003449617158536,Utilities - Independent Power Producers,Software - Infrastructure,False
CPRT,TSLA,0.31996337617850673,Specialty Business Services,Auto Manufacturers,False
ARM,INTU,0.3199415481454777,Semiconductors,Software - Application,False
MNST,NXPI,0.3199357742162515,Beverages - Non-Alcoholic,Semiconductors,False
NVDA,ROST,0.3199110014153295,Semiconductors,Apparel Retail,False
MNST,ODFL,0.31988135807923335,Beverages - Non-Alcoholic,Trucking,False
AXON,TXN,0.31983187492410436,Aerospace & Defense,Semiconductors,False
AMZN,HON,0.3197892441325187,Internet Retail,Conglomerates,False
PEP,ROST,0.31975912001207174,Beverages - Non-Alcoholic,Apparel Retail,False
ARM,ISRG,0.31966767682270225,Semiconductors,Medical Instruments & Supplies,False
AMD,BKNG,0.31951328157599723,Semiconductors,Travel Services,False
QCOM,VRSK,0.3192147585968842,Semiconductors,Consulting Services,False
EXC,TXN,0.3190080409779175,Utilities - Regulated Electric,Semiconductors,False
BKR,FAST,0.31887163751033365,Oil & Gas Equipment & Services,Industrial Distribution,False
INTC,SBUX,0.3188350199566348,Semiconductors,Restaurants,False
AMGN,INTC,0.31879106750960573,Drug Manufacturers - General,Semiconductors,False
CHTR,MDLZ,0.3187660480791522,Telecom Services,Confectioners,False
ROST,TMUS,0.31873031456463513,Apparel Retail,Telecom Services,False
FAST,MELI,0.3187160555427483,Industrial Distribution,Internet Retail,False
AMAT,AMGN,0.3186286470477703,Semiconductor Equipment & Materials,Drug Manufacturers - General,False
ADP,GEHC,0.31844427759670707,Software - Application,Medical Devices,False
AMGN,KLAC,0.3184095635522976,Drug Manufacturers - General,Semiconductor Equipment & Materials,False
PANW,PAYX,0.31830058667242905,Software - Infrastructure,Software - Application,False
AMAT,FANG,0.3182672438979066,Semiconductor Equipment & Materials,Oil & Gas E&P,False
ABNB,FTNT,0.31823661463559816,Travel Services,Software - Infrastructure,False
AMGN,EXC,0.3182158672949246,Drug Manufacturers - General,Utilities - Regulated Electric,False
DXCM,MELI,0.3181810681734299,Medical Devices,Internet Retail,False
AMD,CTAS,0.3181789400520777,Semiconductors,Specialty Business Services,False
MAR,PANW,0.31811362453278796,Lodging,Software - Infrastructure,False
MU,ZS,0.31807374560667073,Semiconductors,Software - Infrastructure,False
AMGN,COST,0.3179436653630563,Drug Manufacturers - General,Discount Stores,False
AZN,ROP,0.3179366063988445,Drug Manufacturers - General,Software - Application,False
ADP,TTWO,0.3179294953558511,Software - Application,Electronic Gaming & Multimedia,False
FTNT,TTWO,0.3178948778603576,Software - Infrastructure,Electronic Gaming & Multimedia,False
ASML,BKR,0.31772268783871416,Semiconductor Equipment & Materials,Oil & Gas Equipment & Services,False
FTNT,TMUS,0.31771622751844875,Software - Infrastructure,Telecom Services,False
CSX,META,0.3177016789895111,Railroads,Internet Content & Information,False
ADP,KDP,0.317672766049267,Software - Application,Beverages - Non-Alcoholic,False
CHTR,CTAS,0.3176171248141215,Telecom Services,Specialty Business Services,False
PCAR,TMUS,0.3175966339713235,Farm & Heavy Construction Machinery,Telecom Services,False
INTC,PANW,0.31740537559022874,Semiconductors,Software - Infrastructure,False
CTSH,DDOG,0.3173038003793631,Information Technology Services,Software - Application,False
AAPL,AXON,0.317200839727539,Consumer Electronics,Aerospace & Defense,False
AMAT,TMUS,0.3171449893743481,Semiconductor Equipment & Materials,Telecom Services,False
CTSH,MDB,0.31691794103474114,Information Technology Services,Software - Infrastructure,False
ADBE,AMGN,0.3168862484988768,Software - Application,Drug Manufacturers - General,False
CHTR,MCHP,0.3167655548096557,Telecom Services,Semiconductors,False
CMCSA,KHC,0.31666438764848587,Telecom Services,Packaged Foods,False
GOOGL,MDLZ,0.31656384850534536,Internet Content & Information,Confectioners,False
SNPS,VRTX,0.3165111779717706,Software - Infrastructure,Biotechnology,False
MDB,MSTR,0.31649752731031006,Software - Infrastructure,Software - Application,False
MELI,MSTR,0.3164799907515778,Internet Retail,Software - Application,False
MAR,MELI,0.31643620042532694,Lodging,Internet Retail,False
CHTR,CPRT,0.3162958354436615,Telecom Services,Specialty Business Services,False
KDP,XEL,0.31622586155434945,Beverages - Non-Alcoholic,Utilities - Regulated Electric,False
AXON,BKNG,0.316171329804983,Aerospace & Defense,Travel Services,False
DXCM,ZS,0.3160552981723684,Medical Devices,Software - Infrastructure,False
IDXX,PEP,0.3160259735456947,Diagnostics & Research,Beverages - Non-Alcoholic,False
MNST,QCOM,0.31600995491994494,Beverages - Non-Alcoholic,Semiconductors,False
MSTR,TTD,0.315984208673308,Software - Application,Advertising Agencies,False
AVGO,TEAM,0.31594530892929196,Semiconductors,Software - Application,False
MSTR,QCOM,0.31591017160790824,Software - Application,Semiconductors,False
AMZN,AXON,0.31585569464290686,Internet Retail,Aerospace & Defense,False
APP,ARM,0.31561159973533787,Advertising Agencies,Semiconductors,False
MELI,ROST,0.31551555650407687,Internet Retail,Apparel Retail,False
MAR,TTD,0.3154985264418106,Lodging,Advertising Agencies,False
ODFL,ZS,0.3153014358027693,Trucking,Software - Infrastructure,False
MDLZ,ODFL,0.31517834225622743,Confectioners,Trucking,False
CHTR,CSCO,0.3151226648578133,Telecom Services,Communication Equipment,False
AMD,LIN,0.31510550840182344,Semiconductors,Specialty Chemicals,False
CHTR,LIN,0.31484429918886897,Telecom Services,Specialty Chemicals,False
CMCSA,SNPS,0.31477236539790304,Telecom Services,Software - Infrastructure,False
GILD,MDLZ,0.3147649943887788,Drug Manufacturers - General,Confectioners,False
TMUS,XEL,0.314683440487763,Telecom Services,Utilities - Regulated Electric,False
INTC,NFLX,0.3146463162155638,Semiconductors,Entertainment,False
CDW,NFLX,0.3141871549475513,Information Technology Services,Entertainment,False
DDOG,DXCM,0.31414524647233216,Software - Application,Medical Devices,False
CDW,GEHC,0.3141132924219791,Information Technology Services,Medical Devices,False
INTC,MELI,0.3139766303974108,Semiconductors,Internet Retail,False
AVGO,VRSK,0.3139166922326928,Semiconductors,Consulting Services,False
AMZN,CMCSA,0.31366863331162004,Internet Retail,Telecom Services,False
GEHC,MU,0.3135164372932707,Medical Devices,Semiconductors,False
GFS,NFLX,0.31349686690039963,Semiconductors,Entertainment,False
AVGO,BKR,0.3134658954188779,Semiconductors,Oil & Gas Equipment & Services,False
CSX,XEL,0.31339041324393146,Railroads,Utilities - Regulated Electric,False
AEP,CCEP,0.3133628791295983,Utilities - Regulated Electric,Beverages - Non-Alcoholic,False
BKNG,MDB,0.3131459588416551,Travel Services,Software - Infrastructure,False
DXCM,GOOGL,0.3130205189189614,Medical Devices,Internet Content & Information,False
ABNB,PAYX,0.31294536594132416,Travel Services,Software - Application,False
MNST,PCAR,0.31281518770503125,Beverages - Non-Alcoholic,Farm & Heavy Construction Machinery,False
BKNG,GEHC,0.31266890406492037,Travel Services,Medical Devices,False
HON,MELI,0.3126099439992648,Conglomerates,Internet Retail,False
ABNB,INTC,0.312587040992754,Travel Services,Semiconductors,False
AMZN,TMUS,0.31256861069205677,Internet Retail,Telecom Services,False
AXON,QCOM,0.312478647519947,Aerospace & Defense,Semiconductors,False
CSCO,NFLX,0.31221016657543477,Communication Equipment,Entertainment,False
AMD,LULU,0.31220311522252225,Semiconductors,Apparel Retail,False
DXCM,NVDA,0.3121437801593288,Medical Devices,Semiconductors,False
CPRT,GEHC,0.31163250237313395,Specialty Business Services,Medical Devices,False
META,MNST,0.3115055395979335,Internet Content & Information,Beverages - Non-Alcoholic,False
INTC,TSLA,0.3114633056241209,Semiconductors,Auto Manufacturers,False
BKR,ISRG,0.3114269631242929,Oil & Gas Equipment & Services,Medical Instruments & Supplies,False
ON,ZS,0.31135698116901656,Semiconductors,Software - Infrastructure,False
AMD,FAST,0.3109914436964388,Semiconductors,Industrial Distribution,False
SNPS,TMUS,0.31091517418453785,Software - Infrastructure,Telecom Services,False
GILD,VRSK,0.31089965119248847,Drug Manufacturers - General,Consulting Services,False
TMUS,VRTX,0.3106290481108651,Telecom Services,Biotechnology,False
ABNB,HON,0.31058230268026643,Travel Services,Conglomerates,False
IDXX,TMUS,0.31050782161115326,Diagnostics & Research,Telecom Services,False
COST,DASH,0.3104958887809979,Discount Stores,Internet Retail,False
AAPL,REGN,0.31048352946539526,Consumer Electronics,Biotechnology,False
MAR,MNST,0.31035831178737977,Lodging,Beverages - Non-Alcoholic,False
AAPL,CCEP,0.31034868848340064,Consumer Electronics,Beverages - Non-Alcoholic,False
AAPL,DXCM,0.31033230163777936,Consumer Electronics,Medical Devices,False
REGN,TXN,0.31011175323445966,Biotechnology,Semiconductors,False
MAR,TSLA,0.31008520949125457,Lodging,Auto Manufacturers,False
CSGP,VRTX,0.31002779446827794,Real Estate Services,Biotechnology,False
BKR,CCEP,0.30994745810144014,Oil & Gas Equipment & Services,Beverages - Non-Alcoholic,False
CDW,ZS,0.3099400164300888,Information Technology Services,Software - Infrastructure,False
ROP,TTD,0.309909293169387,Software - Application,Advertising Agencies,False
AZN,VRSK,0.30987161155693493,Drug Manufacturers - General,Consulting Services,False
AMAT,CCEP,0.3095870164684023,Semiconductor Equipment & Materials,Beverages - Non-Alcoholic,False
SBUX,XEL,0.3095012522533121,Restaurants,Utilities - Regulated Electric,False
GFS,WBD,0.30944267522033675,Semiconductors,Entertainment,False
KDP,ROP,0.3094256224542367,Beverages - Non-Alcoholic,Software - Application,False
FTNT,INTC,0.30940574970231804,Software - Infrastructure,Semiconductors,False
AVGO,MSTR,0.3093351148852305,Semiconductors,Software - Application,False
FANG,TXN,0.30891360101300813,Oil & Gas E&P,Semiconductors,False
MDB,ROP,0.3088739491282888,Software - Infrastructure,Software - Application,False
MELI,TMUS,0.3087967015443427,Internet Retail,Telecom Services,False
LULU,NFLX,0.3087888184677314,Apparel Retail,Entertainment,False
CSCO,XEL,0.3087543455081974,Communication Equipment,Utilities - Regulated Electric,False
AXON,CSGP,0.3087142880324337,Aerospace & Defense,Real Estate Services,False
ADI,EXC,0.30867921340176907,Semiconductors,Utilities - Regulated Electric,False
APP,MSTR,0.30862653452266564,Advertising Agencies,Software - Application,False
CRWD,INTC,0.3084938064035505,Software - Infrastructure,Semiconductors,False
ODFL,TTD,0.3084304808516333,Trucking,Advertising Agencies,False
CTSH,NFLX,0.30829301494112976,Information Technology Services,Entertainment,False
CSCO,TTWO,0.3081190186949122,Communication Equipment,Electronic Gaming & Multimedia,False
CCEP,TXN,0.3081146371031171,Beverages - Non-Alcoholic,Semiconductors,False
ON,TTWO,0.30809124882776445,Semiconductors,Electronic Gaming & Multimedia,False
ARM,PANW,0.30808159120630263,Semiconductors,Software - Infrastructure,False
INTC,ROST,0.30800290842684747,Semiconductors,Apparel Retail,False
CHTR,GOOGL,0.307833474121051,Telecom Services,Internet Content & Information,False
FAST,XEL,0.30770887428357746,Industrial Distribution,Utilities - Regulated Electric,False
ADSK,AMGN,0.3076986977573967,Software - Application,Drug Manufacturers - General,False
ADI,DXCM,0.30768268914216274,Semiconductors,Medical Devices,False
ASML,CCEP,0.307629143625375,Semiconductor Equipment & Materials,Beverages - Non-Alcoholic,False
MAR,VRSK,0.30759351349543146,Lodging,Consulting Services,False
ODFL,TEAM,0.3072894166619953,Trucking,Software - Application,False
DXCM,LULU,0.3070904474003069,Medical Devices,Apparel Retail,False
BKR,INTC,0.3070519311584556,Oil & Gas Equipment & Services,Semiconductors,False
ABNB,TTWO,0.3070454271974739,Travel Services,Electronic Gaming & Multimedia,False
PLTR,TXN,0.30704143565852404,Software - Infrastructure,Semiconductors,False
LIN,VRTX,0.3070198862181026,Specialty Chemicals,Biotechnology,False
MDB,SBUX,0.30701951735130606,Software - Infrastructure,Restaurants,False
CCEP,LRCX,0.3069939188698484,Beverages - Non-Alcoholic,Semiconductor Equipment & Materials,False
MRVL,PDD,0.30689065292317613,Semiconductors,Internet Retail,False
MSTR,ZS,0.30684659383405,Software - Application,Software - Infrastructure,False
CTAS,KDP,0.30684647822246375,Specialty Business Services,Beverages - Non-Alcoholic,False
FANG,LRCX,0.3067095235356062,Oil & Gas E&P,Semiconductor Equipment & Materials,False
GEHC,WBD,0.30641632659558293,Medical Devices,Entertainment,False
CSGP,MDLZ,0.30640021539667944,Real Estate Services,Confectioners,False
CHTR,PEP,0.30630131396867877,Telecom Services,Beverages - Non-Alcoholic,False
CSCO,GEHC,0.3062745138938857,Communication Equipment,Medical Devices,False
COST,PCAR,0.3062468207604428,Discount Stores,Farm & Heavy Construction Machinery,False
AAPL,ORLY,0.30579474760516306,Consumer Electronics,Auto Parts,False
CDW,DXCM,0.3057875435185915,Information Technology Services,Medical Devices,False
AEP,COST,0.30578532203081743,Utilities - Regulated Electric,Discount Stores,False
KLAC,VRTX,0.3056975359109305,Semiconductor Equipment & Materials,Biotechnology,False
CMCSA,WDAY,0.30551857380748243,Telecom Services,Software - Application,False
AZN,MSFT,0.30551298361676316,Drug Manufacturers - General,Software - Infrastructure,False
ADP,DASH,0.30538259795473105,Software - Application,Internet Retail,False
ORLY,TXN,0.3052765332977999,Auto Parts,Semiconductors,False
NXPI,TMUS,0.3052356499432755,Semiconductors,Telecom Services,False
ABNB,DXCM,0.30520747139253646,Travel Services,Medical Devices,False
AXON,MU,0.30512226433438827,Aerospace & Defense,Semiconductors,False
MU,TTWO,0.30512094138703844,Semiconductors,Electronic Gaming & Multimedia,False
PAYX,TTD,0.3050483175420146,Software - Application,Advertising Agencies,False
ON,VRSK,0.3050318741607588,Semiconductors,Consulting Services,False
MSTR,MU,0.30501380609182766,Software - Application,Semiconductors,False
PANW,TTWO,0.30490062489855313,Software - Infrastructure,Electronic Gaming & Multimedia,False
AAPL,EXC,0.304828128455646,Consumer Electronics,Utilities - Regulated Electric,False
APP,IDXX,0.30475585162066626,Advertising Agencies,Diagnostics & Research,False
ADSK,MDLZ,0.30468657302380353,Software - Application,Confectioners,False
COST,WDAY,0.3045907317383482,Discount Stores,Software - Application,False
AMGN,MNST,0.30431265957135784,Drug Manufacturers - General,Beverages - Non-Alcoholic,False
MDLZ,PYPL,0.3042760394873524,Confectioners,Credit Services,False
APP,CSGP,0.3041918688543122,Advertising Agencies,Real Estate Services,False
NXPI,TTWO,0.30399798504375397,Semiconductors,Electronic Gaming & Multimedia,False
KHC,TMUS,0.30397300244017733,Packaged Foods,Telecom Services,False
MCHP,MDLZ,0.30385335836282784,Semiconductors,Confectioners,False
KHC,VRSK,0.3037941474447321,Packaged Foods,Consulting Services,False
FANG,MU,0.30379322340200066,Oil & Gas E&P,Semiconductors,False
CTSH,TTD,0.3037865382964491,Information Technology Services,Advertising Agencies,False
AMGN,GOOGL,0.3037353215600545,Drug Manufacturers - General,Internet Content & Information,False
CDW,WBD,0.30355696484058686,Information Technology Services,Entertainment,False
VRSK,ZS,0.3035241987910616,Consulting Services,Software - Infrastructure,False
CCEP,ON,0.3034148505184447,Beverages - Non-Alcoholic,Semiconductors,False
ROST,WBD,0.30336564984400394,Apparel Retail,Entertainment,False
IDXX,TSLA,0.3031074583438501,Diagnostics & Research,Auto Manufacturers,False
INTU,XEL,0.30309939437003025,Software - Application,Utilities - Regulated Electric,False
TXN,WBD,0.30301776519103973,Semiconductors,Entertainment,False
META,ROST,0.3029714590531117,Internet Content & Information,Apparel Retail,False
DXCM,PANW,0.3028902910587279,Medical Devices,Software - Infrastructure,False
AMAT,VRTX,0.30287733021933233,Semiconductor Equipment & Materials,Biotechnology,False
ISRG,MSTR,0.3028747755574449,Medical Instruments & Supplies,Software - Application,False
LIN,PANW,0.30285961209596474,Specialty Chemicals,Software - Infrastructure,False
AZN,REGN,0.30284968271996493,Drug Manufacturers - General,Biotechnology,False
HON,VRTX,0.3028056040028734,Conglomerates,Biotechnology,False
AMGN,CPRT,0.3027442656355668,Drug Manufacturers - General,Specialty Business Services,False
AXON,PANW,0.3027086222390704,Aerospace & Defense,Software - Infrastructure,False
ODFL,TMUS,0.30248436478280344,Trucking,Telecom Services,False
AXON,CTAS,0.30246779450226396,Aerospace & Defense,Specialty Business Services,False
AAPL,BKR,0.3024381097665443,Consumer Electronics,Oil & Gas Equipment & Services,False
AEP,AMGN,0.30242638347300366,Utilities - Regulated Electric,Drug Manufacturers - General,False
MDB,ODFL,0.30240387586474693,Software - Infrastructure,Trucking,False
ADI,VRTX,0.3023142806828493,Semiconductors,Biotechnology,False
ASML,VRTX,0.3022950664938907,Semiconductor Equipment & Materials,Biotechnology,False
AZN,EXC,0.30219725422379146,Drug Manufacturers - General,Utilities - Regulated Electric,False
GILD,TXN,0.3020107084034363,Drug Manufacturers - General,Semiconductors,False
CSGP,TSLA,0.3019638472081568,Real Estate Services,Auto Manufacturers,False
ADI,REGN,0.30168455443432374,Semiconductors,Biotechnology,False
BKNG,PLTR,0.30163285282203517,Travel Services,Software - Infrastructure,False
NFLX,VRSK,0.3015944260285608,Entertainment,Consulting Services,False
LRCX,PDD,0.3014902067047263,Semiconductor Equipment & Materials,Internet Retail,False
ADP,AMD,0.3013482934135612,Software - Application,Semiconductors,False
LRCX,TMUS,0.30115489853465227,Semiconductor Equipment & Materials,Telecom Services,False
AMGN,CSGP,0.30109208460499437,Drug Manufacturers - General,Real Estate Services,False
ODFL,ORLY,0.3009434784099347,Trucking,Auto Parts,False
CMCSA,MELI,0.3008578370717213,Telecom Services,Internet Retail,False
APP,MAR,0.3007900618720437,Advertising Agencies,Lodging,False
CTSH,KHC,0.3006466010016768,Information Technology Services,Packaged Foods,False
AEP,CMCSA,0.30061113579741167,Utilities - Regulated Electric,Telecom Services,False
CHTR,ISRG,0.30048239277169353,Telecom Services,Medical Instruments & Supplies,False
AEP,CTSH,0.3002211220140343,Utilities - Regulated Electric,Information Technology Services,False
BKR,GEHC,0.30014714434961637,Oil & Gas Equipment & Services,Medical Devices,False
ASML,DXCM,0.30009849565996893,Semiconductor Equipment & Materials,Medical Devices,False
COST,ON,0.3000252859175297,Discount Stores,Semiconductors,False
KLAC,TMUS,0.2999922205434984,Semiconductor Equipment & Materials,Telecom Services,False
KLAC,ORLY,0.2998683650704412,Semiconductor Equipment & Materials,Auto Parts,False
GEHC,PAYX,0.29983077304301187,Medical Devices,Software - Application,False
CCEP,GOOGL,0.2997568831563718,Beverages - Non-Alcoholic,Internet Content & Information,False
BKNG,TSLA,0.2996479097771239,Travel Services,Auto Manufacturers,False
AMGN,LRCX,0.29959191526385015,Drug Manufacturers - General,Semiconductor Equipment & Materials,False
INTC,PEP,0.29953459427542595,Semiconductors,Beverages - Non-Alcoholic,False
BKR,QCOM,0.29950373144712217,Oil & Gas Equipment & Services,Semiconductors,False
GILD,LIN,0.2992494532194658,Drug Manufacturers - General,Specialty Chemicals,False
AMD,CSX,0.2992240356060785,Semiconductors,Railroads,False
AMGN,SBUX,0.2990502772026246,Drug Manufacturers - General,Restaurants,False
CMCSA,MU,0.29901226971694383,Telecom Services,Semiconductors,False
GOOGL,PEP,0.2989878033180483,Internet Content & Information,Beverages - Non-Alcoholic,False
ADSK,BKR,0.2989727692855329,Software - Application,Oil & Gas Equipment & Services,False
META,MSTR,0.2989499598542019,Internet Content & Information,Software - Application,False
PAYX,TTWO,0.2988548418877662,Software - Application,Electronic Gaming & Multimedia,False
AAPL,MSTR,0.29877716530358234,Consumer Electronics,Software - Application,False
GILD,ROP,0.29874099125090264,Drug Manufacturers - General,Software - Application,False
ADP,MDB,0.29861915163251873,Software - Application,Software - Infrastructure,False
ASML,TMUS,0.29848737590698327,Semiconductor Equipment & Materials,Telecom Services,False
FAST,KHC,0.2984522719510202,Industrial Distribution,Packaged Foods,False
PDD,PYPL,0.29839347740774863,Internet Retail,Credit Services,False
APP,TXN,0.2982262370967094,Advertising Agencies,Semiconductors,False
CHTR,INTC,0.298179664320504,Telecom Services,Semiconductors,False
ADBE,REGN,0.29806565726798795,Software - Application,Biotechnology,False
CMCSA,GFS,0.29793230937942794,Telecom Services,Semiconductors,False
KDP,PAYX,0.2979135283866501,Beverages - Non-Alcoholic,Software - Application,False
ARM,CEG,0.29787906136340603,Semiconductors,Utilities - Independent Power Producers,False
FANG,ROP,0.2978207275915048,Oil & Gas E&P,Software - Application,False
KLAC,PDD,0.2976693421853171,Semiconductor Equipment & Materials,Internet Retail,False
MAR,TMUS,0.29746850101059275,Lodging,Telecom Services,False
CTAS,TSLA,0.29735872960349347,Specialty Business Services,Auto Manufacturers,False
APP,CTSH,0.29733154827527447,Advertising Agencies,Information Technology Services,False
AMD,PAYX,0.2972245195259523,Semiconductors,Software - Application,False
AVGO,CMCSA,0.2971492186549111,Semiconductors,Telecom Services,False
KDP,KHC,0.2971159117879985,Beverages - Non-Alcoholic,Packaged Foods,False
CHTR,NXPI,0.29700917270477223,Telecom Services,Semiconductors,False
AXON,GOOGL,0.29699279497986675,Aerospace & Defense,Internet Content & Information,False
CTSH,VRTX,0.29684280266475893,Information Technology Services,Biotechnology,False
SBUX,TTD,0.2968422815753052,Restaurants,Advertising Agencies,False
CPRT,DXCM,0.2967537173762436,Specialty Business Services,Medical Devices,False
LULU,TSLA,0.2967023268607423,Apparel Retail,Auto Manufacturers,False
MCHP,TMUS,0.2966302197161,Semiconductors,Telecom Services,False
BKR,CPRT,0.2966254055727385,Oil & Gas Equipment & Services,Specialty Business Services,False
AZN,ISRG,0.29644538872569304,Drug Manufacturers - General,Medical Instruments & Supplies,False
CSCO,REGN,0.2964427280816645,Communication Equipment,Biotechnology,False
PLTR,TTWO,0.29639287222103894,Software - Infrastructure,Electronic Gaming & Multimedia,False
CTAS,DXCM,0.2963376145211569,Specialty Business Services,Medical Devices,False
CSX,KHC,0.2962806577546551,Railroads,Packaged Foods,False
FAST,GEHC,0.296266936073029,Industrial Distribution,Medical Devices,False
CTSH,TTWO,0.29618395966370753,Information Technology Services,Electronic Gaming & Multimedia,False
COST,MU,0.29606655570250895,Discount Stores,Semiconductors,False
COST,PANW,0.2958940385662387,Discount Stores,Software - Infrastructure,False
CPRT,MSTR,0.2958215707278966,Specialty Business Services,Software - Application,False
HON,PANW,0.29575161534878225,Conglomerates,Software - Infrastructure,False
KLAC,PEP,0.29566910976419475,Semiconductor Equipment & Materials,Beverages - Non-Alcoholic,False
CTAS,DASH,0.29564653404579094,Specialty Business Services,Internet Retail,False
MAR,PLTR,0.2956179440831264,Lodging,Software - Infrastructure,False
CDNS,PEP,0.2955919914661437,Software - Application,Beverages - Non-Alcoholic,False
BKR,GOOGL,0.2955526775756453,Oil & Gas Equipment & Services,Internet Content & Information,False
QCOM,TMUS,0.295501647054571,Semiconductors,Telecom Services,False
DXCM,ON,0.29546353888752025,Medical Devices,Semiconductors,False
AMZN,ROST,0.29534410512768905,Internet Retail,Apparel Retail,False
AMD,PCAR,0.2953281976653724,Semiconductors,Farm & Heavy Construction Machinery,False
KLAC,MDLZ,0.295139214666668,Semiconductor Equipment & Materials,Confectioners,False
CDW,CRWD,0.2950725012155737,Information Technology Services,Software - Infrastructure,False
AMAT,PDD,0.29501946651707994,Semiconductor Equipment & Materials,Internet Retail,False
TEAM,VRSK,0.29500972395085884,Software - Application,Consulting Services,False
EXC,PCAR,0.29492795501969776,Utilities - Regulated Electric,Farm & Heavy Construction Machinery,False
BKNG,MSTR,0.2948158053630968,Travel Services,Software - Application,False
DASH,GEHC,0.29467919758318073,Internet Retail,Medical Devices,False
CMCSA,IDXX,0.2946409894773731,Telecom Services,Diagnostics & Research,False
ARM,GEHC,0.29461667948211995,Semiconductors,Medical Devices,False
DASH,FAST,0.29456320798275426,Internet Retail,Industrial Distribution,False
CHTR,WDAY,0.2944799148681152,Telecom Services,Software - Application,False
CSGP,ORLY,0.2944313799291463,Real Estate Services,Auto Parts,False
AMD,SBUX,0.2943707951926772,Semiconductors,Restaurants,False
PEP,PYPL,0.2943615845316922,Beverages - Non-Alcoholic,Credit Services,False
CHTR,WBD,0.2943392145709745,Telecom Services,Entertainment,False
COST,TTWO,0.29418858670374226,Discount Stores,Electronic Gaming & Multimedia,False
SBUX,TSLA,0.2938780757380053,Restaurants,Auto Manufacturers,False
LRCX,VRTX,0.2938715738556766,Semiconductor Equipment & Materials,Biotechnology,False
DXCM,TTD,0.2938606290438227,Medical Devices,Advertising Agencies,False
ISRG,ORLY,0.29385007932116697,Medical Instruments & Supplies,Auto Parts,False
ABNB,ADP,0.29384477769047224,Travel Services,Software - Application,False
COST,DDOG,0.2937039581197246,Discount Stores,Software - Application,False
AXON,ROP,0.2935804660160264,Aerospace & Defense,Software - Application,False
CSX,MELI,0.29335934538427255,Railroads,Internet Retail,False
ADI,CEG,0.29329317189069154,Semiconductors,Utilities - Independent Power Producers,False
CTAS,KHC,0.2932739338775292,Specialty Business Services,Packaged Foods,False
INTC,MDB,0.2932615475800537,Semiconductors,Software - Infrastructure,False
ARM,NFLX,0.29318199794491784,Semiconductors,Entertainment,False
CEG,PLTR,0.2931691880942805,Utilities - Independent Power Producers,Software - Infrastructure,False
ADP,FANG,0.2931292982706522,Software - Application,Oil & Gas E&P,False
IDXX,PLTR,0.29309701781207564,Diagnostics & Research,Software - Infrastructure,False
ADP,AXON,0.29296076049935943,Software - Application,Aerospace & Defense,False
AMGN,CDNS,0.29295858029388483,Drug Manufacturers - General,Software - Application,False
MDB,VRSK,0.29295290407551905,Software - Infrastructure,Consulting Services,False
ADP,NFLX,0.29292208342848214,Software - Application,Entertainment,False
AAPL,AZN,0.2928727231360032,Consumer Electronics,Drug Manufacturers - General,False
DASH,PAYX,0.2927811722009099,Internet Retail,Software - Application,False
AXON,META,0.2927466700524145,Aerospace & Defense,Internet Content & Information,False
AEP,ORLY,0.2924000712250818,Utilities - Regulated Electric,Auto Parts,False
AEP,TMUS,0.2923230209320335,Utilities - Regulated Electric,Telecom Services,False
NVDA,TMUS,0.2923081617111517,Semiconductors,Telecom Services,False
AMD,MSTR,0.29224595863878455,Semiconductors,Software - Application,False
NFLX,TMUS,0.2922368468964297,Entertainment,Telecom Services,False
DXCM,MCHP,0.2921514757647058,Medical Devices,Semiconductors,False
GEHC,META,0.2920899410079045,Medical Devices,Internet Content & Information,False
CSCO,FANG,0.29207706313816184,Communication Equipment,Oil & Gas E&P,False
CDW,VRTX,0.29204383765934167,Information Technology Services,Biotechnology,False
TTD,VRSK,0.2920101837758569,Advertising Agencies,Consulting Services,False
FAST,VRTX,0.2919675044911849,Industrial Distribution,Biotechnology,False
AMD,GEHC,0.2919158665606018,Semiconductors,Medical Devices,False
AAPL,WBD,0.2919133539034544,Consumer Electronics,Entertainment,False
DDOG,SBUX,0.2918400249190304,Software - Application,Restaurants,False
CMCSA,GILD,0.29183316650776775,Telecom Services,Drug Manufacturers - General,False
ROP,ZS,0.29183247789469646,Software - Application,Software - Infrastructure,False
CRWD,ROP,0.29181752905061953,Software - Infrastructure,Software - Application,False
AAPL,KHC,0.29180571777522046,Consumer Electronics,Packaged Foods,False
MCHP,PEP,0.2916907272043311,Semiconductors,Beverages - Non-Alcoholic,False
ABNB,LIN,0.2916199279757677,Travel Services,Specialty Chemicals,False
LRCX,MDLZ,0.29156540646406404,Semiconductor Equipment & Materials,Confectioners,False
CCEP,COST,0.291478718849236,Beverages - Non-Alcoholic,Discount Stores,False
CDNS,CHTR,0.291475235526719,Software - Application,Telecom Services,False
PAYX,WBD,0.29144547849874186,Software - Application,Entertainment,False
CHTR,MELI,0.2914415021735281,Telecom Services,Internet Retail,False
ROST,TSLA,0.2913431448529497,Apparel Retail,Auto Manufacturers,False
ADBE,ORLY,0.29132272066431875,Software - Application,Auto Parts,False
CEG,ISRG,0.2912363288137087,Utilities - Independent Power Producers,Medical Instruments & Supplies,False
CMCSA,GEHC,0.2912213961667242,Telecom Services,Medical Devices,False
PDD,QCOM,0.29121624938503105,Internet Retail,Semiconductors,False
AMD,COST,0.2909998145788791,Semiconductors,Discount Stores,False
GEHC,ROST,0.290931070981123,Medical Devices,Apparel Retail,False
CSGP,PLTR,0.2908484390817235,Real Estate Services,Software - Infrastructure,False
INTC,TTWO,0.2908446966208127,Semiconductors,Electronic Gaming & Multimedia,False
COST,CRWD,0.2908142096000688,Discount Stores,Software - Infrastructure,False
CDNS,MDLZ,0.29071237648684956,Software - Application,Confectioners,False
CDW,TTWO,0.2905913450154514,Information Technology Services,Electronic Gaming & Multimedia,False
DXCM,NXPI,0.2905696841692495,Medical Devices,Semiconductors,False
CEG,CSCO,0.2905629830184258,Utilities - Independent Power Producers,Communication Equipment,False
ARM,MDB,0.29051382300035855,Semiconductors,Software - Infrastructure,False
BKR,EXC,0.29048775892988304,Oil & Gas Equipment & Services,Utilities - Regulated Electric,False
MSFT,XEL,0.29048598424019867,Software - Infrastructure,Utilities - Regulated Electric,False
BKNG,COST,0.290470342318836,Travel Services,Discount Stores,False
ADI,ORLY,0.2904541284550162,Semiconductors,Auto Parts,False
AXON,HON,0.29022790983097485,Aerospace & Defense,Conglomerates,False
MU,PDD,0.2901880750512558,Semiconductors,Internet Retail,False
CHTR,SNPS,0.29009130936604816,Telecom Services,Software - Infrastructure,False
CCEP,KLAC,0.29004002796964223,Beverages - Non-Alcoholic,Semiconductor Equipment & Materials,False
CSCO,ZS,0.2899499891444988,Communication Equipment,Software - Infrastructure,False
AMD,MAR,0.2899342117981134,Semiconductors,Lodging,False
AXON,ODFL,0.28984671013326196,Aerospace & Defense,Trucking,False
CTAS,TEAM,0.28977850406009226,Specialty Business Services,Software - Application,False
AMD,HON,0.28961065558026267,Semiconductors,Conglomerates,False
DASH,ROST,0.28951083593852284,Internet Retail,Apparel Retail,False
CSX,WBD,0.2894294104888653,Railroads,Entertainment,False
VRTX,WDAY,0.2893748333505268,Biotechnology,Software - Application,False
FTNT,ROST,0.2893188748864979,Software - Infrastructure,Apparel Retail,False
CTAS,WBD,0.2892104409383893,Specialty Business Services,Entertainment,False
CCEP,ORLY,0.2891803186927027,Beverages - Non-Alcoholic,Auto Parts,False
BIIB,TXN,0.28909912197747395,Drug Manufacturers - General,Semiconductors,False
BKNG,EXC,0.28909193422525603,Travel Services,Utilities - Regulated Electric,False
LULU,MNST,0.2890881517666369,Apparel Retail,Beverages - Non-Alcoholic,False
AZN,CSCO,0.2889209628787522,Drug Manufacturers - General,Communication Equipment,False
AMGN,ODFL,0.28883317601066044,Drug Manufacturers - General,Trucking,False
DASH,TTWO,0.28882586776775737,Internet Retail,Electronic Gaming & Multimedia,False
AZN,HON,0.28864329088496793,Drug Manufacturers - General,Conglomerates,False
PCAR,WDAY,0.2886423544178205,Farm & Heavy Construction Machinery,Software - Application,False
CSCO,TEAM,0.28860240144743293,Communication Equipment,Software - Application,False
AMGN,ORLY,0.28849681885447426,Drug Manufacturers - General,Auto Parts,False
AMAT,MDLZ,0.28849434376587874,Semiconductor Equipment & Materials,Confectioners,False
CSGP,PEP,0.2884936314458555,Real Estate Services,Beverages - Non-Alcoholic,False
AXON,IDXX,0.28836442965837333,Aerospace & Defense,Diagnostics & Research,False
META,VRTX,0.28833361250015427,Internet Content & Information,Biotechnology,False
FANG,SBUX,0.2882289155620552,Oil & Gas E&P,Restaurants,False
APP,GFS,0.2882234744280666,Advertising Agencies,Semiconductors,False
ROP,TTWO,0.28812006214705205,Software - Application,Electronic Gaming & Multimedia,False
COST,MDB,0.2880784911960616,Discount Stores,Software - Infrastructure,False
ASML,FANG,0.2880733390153315,Semiconductor Equipment & Materials,Oil & Gas E&P,False
CDW,DDOG,0.28804352688961393,Information Technology Services,Software - Application,False
EXC,MCHP,0.2880089710894272,Utilities - Regulated Electric,Semiconductors,False
CEG,GOOGL,0.28785906187650706,Utilities - Independent Power Producers,Internet Content & Information,False
APP,CDW,0.2877603687158389,Advertising Agencies,Information Technology Services,False
KDP,SBUX,0.2877532604503677,Beverages - Non-Alcoholic,Restaurants,False
BKR,MSFT,0.28767300083290165,Oil & Gas Equipment & Services,Software - Infrastructure,False
MCHP,VRTX,0.2876628930824455,Semiconductors,Biotechnology,False
AMGN,SNPS,0.2875947991958256,Drug Manufacturers - General,Software - Infrastructure,False
DXCM,KLAC,0.2874917225621642,Medical Devices,Semiconductor Equipment & Materials,False
ADP,AZN,0.2874861895263579,Software - Application,Drug Manufacturers - General,False
PEP,VRTX,0.2874584900296233,Beverages - Non-Alcoholic,Biotechnology,False
CDNS,ORLY,0.2874004248686898,Software - Application,Auto Parts,False
META,PCAR,0.287379187854123,Internet Content & Information,Farm & Heavy Construction Machinery,False
CTAS,VRTX,0.2873576531712848,Specialty Business Services,Biotechnology,False
ADBE,CCEP,0.2873045016199351,Software - Application,Beverages - Non-Alcoholic,False
EXC,IDXX,0.28723468909197,Utilities - Regulated Electric,Diagnostics & Research,False
DASH,DXCM,0.2872272014945926,Internet Retail,Medical Devices,False
FTNT,MNST,0.28695644569290146,Software - Infrastructure,Beverages - Non-Alcoholic,False
MDLZ,VRTX,0.2868725450621567,Confectioners,Biotechnology,False
MSTR,SBUX,0.2868682320397939,Software - Application,Restaurants,False
AMZN,CEG,0.2868535108545637,Internet Retail,Utilities - Independent Power Producers,False
DDOG,PDD,0.28684631693638923,Software - Application,Internet Retail,False
DDOG,VRSK,0.2868038844012164,Software - Application,Consulting Services,False
FAST,GILD,0.28675191830441243,Industrial Distribution,Drug Manufacturers - General,False
GILD,TMUS,0.28664345957903015,Drug Manufacturers - General,Telecom Services,False
TSLA,TTWO,0.2865120094417581,Auto Manufacturers,Electronic Gaming & Multimedia,False
DXCM,VRSK,0.2864986448834704,Medical Devices,Consulting Services,False
CPRT,XEL,0.2864919252079717,Specialty Business Services,Utilities - Regulated Electric,False
LRCX,ORLY,0.2864574406916114,Semiconductor Equipment & Materials,Auto Parts,False
BIIB,MSFT,0.2863735017285735,Drug Manufacturers - General,Software - Infrastructure,False
AMZN,CHTR,0.286353216259376,Internet Retail,Telecom Services,False
BKR,INTU,0.2862794108796937,Oil & Gas Equipment & Services,Software - Application,False
ARM,TEAM,0.28607417823135095,Semiconductors,Software - Application,False
CHTR,MNST,0.2860523795081023,Telecom Services,Beverages - Non-Alcoholic,False
FANG,PAYX,0.28599682157139517,Oil & Gas E&P,Software - Application,False
APP,CEG,0.285979240754749,Advertising Agencies,Utilities - Independent Power Producers,False
QCOM,WBD,0.2859681694117766,Semiconductors,Entertainment,False
ON,TMUS,0.28595917085691697,Semiconductors,Telecom Services,False
NFLX,ROP,0.28581442669263313,Entertainment,Software - Application,False
CSCO,TTD,0.2858123383448338,Communication Equipment,Advertising Agencies,False
KHC,SBUX,0.2857523676783164,Packaged Foods,Restaurants,False
ADP,WBD,0.28572009493662187,Software - Application,Entertainment,False
ODFL,TSLA,0.2856882092229045,Trucking,Auto Manufacturers,False
AMAT,CHTR,0.2856369447927419,Semiconductor Equipment & Materials,Telecom Services,False
AXON,SBUX,0.28562892100114795,Aerospace & Defense,Restaurants,False
PDD,TTD,0.2854885902613576,Internet Retail,Advertising Agencies,False
CSCO,WBD,0.28548384279616057,Communication Equipment,Entertainment,False
ADSK,PEP,0.2853266692272461,Software - Application,Beverages - Non-Alcoholic,False
DDOG,ODFL,0.2853198592530529,Software - Application,Trucking,False
NXPI,PDD,0.2852567370250097,Semiconductors,Internet Retail,False
AZN,PAYX,0.2852220039653462,Drug Manufacturers - General,Software - Application,False
MU,WBD,0.28521667011920854,Semiconductors,Entertainment,False
GEHC,PLTR,0.2850856060313755,Medical Devices,Software - Infrastructure,False
AVGO,GEHC,0.2849989157877769,Semiconductors,Medical Devices,False
ROST,TTD,0.28496512061448614,Apparel Retail,Advertising Agencies,False
INTC,TEAM,0.28478732923019423,Semiconductors,Software - Application,False
CTAS,MDB,0.28470555914642975,Specialty Business Services,Software - Infrastructure,False
MNST,ON,0.2846283920981932,Beverages - Non-Alcoholic,Semiconductors,False
IDXX,REGN,0.2845459957372543,Diagnostics & Research,Biotechnology,False
LRCX,WBD,0.2844409510360995,Semiconductor Equipment & Materials,Entertainment,False
BKR,CEG,0.284426934844469,Oil & Gas Equipment & Services,Utilities - Independent Power Producers,False
INTC,TMUS,0.2844234922876347,Semiconductors,Telecom Services,False
AMGN,CHTR,0.2843964280663069,Drug Manufacturers - General,Telecom Services,False
CPRT,WBD,0.2843903856462312,Specialty Business Services,Entertainment,False
AMGN,QCOM,0.2842704071924263,Drug Manufacturers - General,Semiconductors,False
BKR,WBD,0.2842693984168318,Oil & Gas Equipment & Services,Entertainment,False
AZN,XEL,0.28421287420665203,Drug Manufacturers - General,Utilities - Regulated Electric,False
FTNT,PCAR,0.2842108025486057,Software - Infrastructure,Farm & Heavy Construction Machinery,False
COST,TSLA,0.2841406463145705,Discount Stores,Auto Manufacturers,False
CRWD,CTSH,0.2840804136243613,Software - Infrastructure,Information Technology Services,False
TMUS,TTWO,0.28403865274579365,Telecom Services,Electronic Gaming & Multimedia,False
LIN,TTD,0.2839573956792945,Specialty Chemicals,Advertising Agencies,False
CEG,MCHP,0.2837721749022458,Utilities - Independent Power Producers,Semiconductors,False
MAR,TEAM,0.2837539408553453,Lodging,Software - Application,False
LIN,TTWO,0.28356593802496693,Specialty Chemicals,Electronic Gaming & Multimedia,False
GEHC,MRVL,0.28355242165444405,Medical Devices,Semiconductors,False
MDLZ,NXPI,0.2834791842381113,Confectioners,Semiconductors,False
BKNG,CHTR,0.28336218962398113,Travel Services,Telecom Services,False
ISRG,REGN,0.28330687774064284,Medical Instruments & Supplies,Biotechnology,False
NVDA,PDD,0.2832999608648519,Semiconductors,Internet Retail,False
GEHC,REGN,0.2832968637229378,Medical Devices,Biotechnology,False
FTNT,VRTX,0.2832950478874794,Software - Infrastructure,Biotechnology,False
AMGN,NXPI,0.2832696341285374,Drug Manufacturers - General,Semiconductors,False
AXON,GFS,0.2832289985118228,Aerospace & Defense,Semiconductors,False
CCEP,QCOM,0.2832110671255106,Beverages - Non-Alcoholic,Semiconductors,False
DXCM,META,0.28321057702471647,Medical Devices,Internet Content & Information,False
AZN,INTU,0.28281768527175083,Drug Manufacturers - General,Software - Application,False
GILD,HON,0.2826286407335373,Drug Manufacturers - General,Conglomerates,False
CMCSA,VRTX,0.28246550672062865,Telecom Services,Biotechnology,False
CTAS,TTWO,0.28242568445307237,Specialty Business Services,Electronic Gaming & Multimedia,False
AXON,CSCO,0.2823243122264221,Aerospace & Defense,Communication Equipment,False
MNST,NVDA,0.28219667729757836,Beverages - Non-Alcoholic,Semiconductors,False
FTNT,MSTR,0.28207074162115736,Software - Infrastructure,Software - Application,False
ISRG,XEL,0.28190404115967677,Medical Instruments & Supplies,Utilities - Regulated Electric,False
ODFL,TTWO,0.2818651514342713,Trucking,Electronic Gaming & Multimedia,False
CHTR,IDXX,0.2817396331742697,Telecom Services,Diagnostics & Research,False
COST,KHC,0.28171170534004997,Discount Stores,Packaged Foods,False
CHTR,COST,0.2816071737818981,Telecom Services,Discount Stores,False
DXCM,TXN,0.2816055284194934,Medical Devices,Semiconductors,False
CTSH,FANG,0.28158994498005596,Information Technology Services,Oil & Gas E&P,False
REGN,VRSK,0.28156667062825896,Biotechnology,Consulting Services,False
AXON,LULU,0.2815388305106623,Aerospace & Defense,Apparel Retail,False
APP,COST,0.28137651079449716,Advertising Agencies,Discount Stores,False
INTC,MNST,0.28135721035880956,Semiconductors,Beverages - Non-Alcoholic,False
CSGP,EXC,0.28135574256467716,Real Estate Services,Utilities - Regulated Electric,False
CHTR,FAST,0.28124900190925595,Telecom Services,Industrial Distribution,False
AMAT,ORLY,0.28113870936519786,Semiconductor Equipment & Materials,Auto Parts,False
SBUX,WBD,0.28104468602858257,Restaurants,Entertainment,False
LIN,NFLX,0.2808801274752564,Specialty Chemicals,Entertainment,False
CPRT,VRTX,0.2808131668789761,Specialty Business Services,Biotechnology,False
CHTR,LRCX,0.2808119361440881,Telecom Services,Semiconductor Equipment & Materials,False
LULU,PLTR,0.2807558317134234,Apparel Retail,Software - Infrastructure,False
DXCM,LRCX,0.2807505611565737,Medical Devices,Semiconductor Equipment & Materials,False
AVGO,FANG,0.28074236962955673,Semiconductors,Oil & Gas E&P,False
DXCM,PAYX,0.28072556539765514,Medical Devices,Software - Application,False
HON,TTD,0.2805231836566681,Conglomerates,Advertising Agencies,False
GILD,PCAR,0.28050084814264525,Drug Manufacturers - General,Farm & Heavy Construction Machinery,False
AMZN,VRTX,0.2804938562286849,Internet Retail,Biotechnology,False
AMGN,ASML,0.280466552095459,Drug Manufacturers - General,Semiconductor Equipment & Materials,False
KHC,TXN,0.28041357274844286,Packaged Foods,Semiconductors,False
ABNB,COST,0.2804026068100894,Travel Services,Discount Stores,False
MSTR,NFLX,0.28040010768701445,Software - Application,Entertainment,False
PEP,SNPS,0.2803537540188614,Beverages - Non-Alcoholic,Software - Infrastructure,False
CMCSA,FANG,0.2802110526683512,Telecom Services,Oil & Gas E&P,False
AMZN,PCAR,0.2802025015254229,Internet Retail,Farm & Heavy Construction Machinery,False
CHTR,TEAM,0.28012377835246477,Telecom Services,Software - Application,False
BKNG,ORLY,0.2800771221524193,Travel Services,Auto Parts,False
MU,VRTX,0.280044669797401,Semiconductors,Biotechnology,False
ODFL,PEP,0.279827659091554,Trucking,Beverages - Non-Alcoholic,False
ABNB,FAST,0.2797829420404971,Travel Services,Industrial Distribution,False
AZN,CTSH,0.27978153170848336,Drug Manufacturers - General,Information Technology Services,False
ON,PDD,0.279754917680826,Semiconductors,Internet Retail,False
CSX,KDP,0.2796787087536152,Railroads,Beverages - Non-Alcoholic,False
AVGO,TMUS,0.2796087263467852,Semiconductors,Telecom Services,False
CRWD,ODFL,0.2795506487827941,Software - Infrastructure,Trucking,False
PANW,VRTX,0.27932033576616977,Software - Infrastructure,Biotechnology,False
MDB,PDD,0.2792682097453054,Software - Infrastructure,Internet Retail,False
KDP,LIN,0.2792481228542447,Beverages - Non-Alcoholic,Specialty Chemicals,False
CTAS,NFLX,0.2791040155514389,Specialty Business Services,Entertainment,False
AZN,IDXX,0.27909464864659617,Drug Manufacturers - General,Diagnostics & Research,False
ADI,PDD,0.2790770529684395,Semiconductors,Internet Retail,False
DASH,MNST,0.27905277046650984,Internet Retail,Beverages - Non-Alcoholic,False
AXON,PAYX,0.27899801218416204,Aerospace & Defense,Software - Application,False
EXC,MAR,0.2788581106755863,Utilities - Regulated Electric,Lodging,False
ARM,CSCO,0.2788299783997025,Semiconductors,Communication Equipment,False
ADI,AZN,0.27862579057797193,Semiconductors,Drug Manufacturers - General,False
ADSK,ORLY,0.2786149254881331,Software - Application,Auto Parts,False
CDW,CEG,0.27845634156559845,Information Technology Services,Utilities - Independent Power Producers,False
AXON,FAST,0.27835805821218434,Aerospace & Defense,Industrial Distribution,False
LIN,TEAM,0.2782796992788521,Specialty Chemicals,Software - Application,False
CDNS,EXC,0.2782491190357722,Software - Application,Utilities - Regulated Electric,False
CDW,KHC,0.27817788968196056,Information Technology Services,Packaged Foods,False
IDXX,ORLY,0.2781439632941931,Diagnostics & Research,Auto Parts,False
AXON,TSLA,0.2781330761387459,Aerospace & Defense,Auto Manufacturers,False
AMD,AXON,0.27806073898995565,Semiconductors,Aerospace & Defense,False
SBUX,TEAM,0.27789860191003757,Restaurants,Software - Application,False
KDP,TMUS,0.2778579497912148,Beverages - Non-Alcoholic,Telecom Services,False
DASH,LIN,0.27780829810297064,Internet Retail,Specialty Chemicals,False
LIN,WBD,0.27779783888028414,Specialty Chemicals,Entertainment,False
CTSH,DASH,0.27779293045060705,Information Technology Services,Internet Retail,False
CSX,PANW,0.27776220290165937,Railroads,Software - Infrastructure,False
LULU,ORLY,0.2777521226741021,Apparel Retail,Auto Parts,False
GOOGL,REGN,0.277679408408769,Internet Content & Information,Biotechnology,False
CEG,QCOM,0.27765447760688267,Utilities - Independent Power Producers,Semiconductors,False
CDW,MSTR,0.2775768151641499,Information Technology Services,Software - Application,False
ADSK,REGN,0.2775578645774571,Software - Application,Biotechnology,False
MCHP,PDD,0.27754011727203615,Semiconductors,Internet Retail,False
ASML,AZN,0.27746978373484316,Semiconductor Equipment & Materials,Drug Manufacturers - General,False
CMCSA,LULU,0.277379123779688,Telecom Services,Apparel Retail,False
ADBE,EXC,0.2772557929652737,Software - Application,Utilities - Regulated Electric,False
GEHC,SBUX,0.27716426988425197,Medical Devices,Restaurants,False
AMAT,DXCM,0.2771426173279268,Semiconductor Equipment & Materials,Medical Devices,False
AMAT,PEP,0.2770323239959324,Semiconductor Equipment & Materials,Beverages - Non-Alcoholic,False
PANW,TMUS,0.2768227312927476,Software - Infrastructure,Telecom Services,False
CHTR,QCOM,0.27678801455474783,Telecom Services,Semiconductors,False
GOOGL,PDD,0.27674303099038045,Internet Content & Information,Internet Retail,False
KHC,ORLY,0.2765256312018909,Packaged Foods,Auto Parts,False
INTC,MDLZ,0.2765244185449274,Semiconductors,Confectioners,False
CHTR,CSGP,0.27640540974130295,Telecom Services,Real Estate Services,False
CMCSA,NVDA,0.2762360174304715,Telecom Services,Semiconductors,False
ADSK,PDD,0.27619756019308295,Software - Application,Internet Retail,False
BKR,MRVL,0.27619298073814325,Oil & Gas Equipment & Services,Semiconductors,False
AXON,CSX,0.2761649820610122,Aerospace & Defense,Railroads,False
ASML,CHTR,0.2761177931622931,Semiconductor Equipment & Materials,Telecom Services,False
CDW,REGN,0.2760864966342486,Information Technology Services,Biotechnology,False
CHTR,KLAC,0.2760265883481971,Telecom Services,Semiconductor Equipment & Materials,False
INTU,REGN,0.276003946486719,Software - Application,Biotechnology,False
CDNS,PDD,0.27594998100190793,Software - Application,Internet Retail,False
CCEP,FAST,0.2759482780986177,Beverages - Non-Alcoholic,Industrial Distribution,False
CCEP,PYPL,0.27581833568929653,Beverages - Non-Alcoholic,Credit Services,False
CMCSA,MRVL,0.27567847017952823,Telecom Services,Semiconductors,False
ADP,TSLA,0.27564423973944197,Software - Application,Auto Manufacturers,False
FANG,GEHC,0.275559797804609,Oil & Gas E&P,Medical Devices,False
AMGN,PYPL,0.2754435529825742,Drug Manufacturers - General,Credit Services,False
HON,KDP,0.2753627808891204,Conglomerates,Beverages - Non-Alcoholic,False
AMAT,REGN,0.2753373073056953,Semiconductor Equipment & Materials,Biotechnology,False
APP,LULU,0.2751416960624398,Advertising Agencies,Apparel Retail,False
CTSH,TSLA,0.2751159225010352,Information Technology Services,Auto Manufacturers,False
FAST,ZS,0.27505609415019944,Industrial Distribution,Software - Infrastructure,False
GEHC,NVDA,0.27484453177735096,Medical Devices,Semiconductors,False
GFS,TTWO,0.2748410138316084,Semiconductors,Electronic Gaming & Multimedia,False
EXC,KLAC,0.2748331127414565,Utilities - Regulated Electric,Semiconductor Equipment & Materials,False
AMZN,DXCM,0.27481787796179513,Internet Retail,Medical Devices,False
ADP,ZS,0.27480563305825184,Software - Application,Software - Infrastructure,False
AEP,CSCO,0.274297590579441,Utilities - Regulated Electric,Communication Equipment,False
MDB,PAYX,0.2742908440511773,Software - Infrastructure,Software - Application,False
CHTR,MAR,0.27426222751367657,Telecom Services,Lodging,False
COST,KDP,0.2742462427469541,Discount Stores,Beverages - Non-Alcoholic,False
APP,WBD,0.27413854895289386,Advertising Agencies,Entertainment,False
ADI,BIIB,0.2741014651648423,Semiconductors,Drug Manufacturers - General,False
KDP,ROST,0.27408304445448534,Beverages - Non-Alcoholic,Apparel Retail,False
CTAS,DDOG,0.2740497324999528,Specialty Business Services,Software - Application,False
BKNG,CRWD,0.2740172176830928,Travel Services,Software - Infrastructure,False
DXCM,ROP,0.27397792724601794,Medical Devices,Software - Application,False
FAST,TTD,0.2739423007394642,Industrial Distribution,Advertising Agencies,False
AMGN,CCEP,0.27389345766130746,Drug Manufacturers - General,Beverages - Non-Alcoholic,False
ABNB,CTAS,0.2738115400549934,Travel Services,Specialty Business Services,False
CEG,TSLA,0.2737869888823742,Utilities - Independent Power Producers,Auto Manufacturers,False
FAST,TTWO,0.2737237193923412,Industrial Distribution,Electronic Gaming & Multimedia,False
PANW,SBUX,0.27368032796100866,Software - Infrastructure,Restaurants,False
AAPL,XEL,0.2736538803883781,Consumer Electronics,Utilities - Regulated Electric,False
FANG,GFS,0.2735530806801155,Oil & Gas E&P,Semiconductors,False
EXC,ODFL,0.2734589775941454,Utilities - Regulated Electric,Trucking,False
DDOG,LIN,0.2733821520737495,Software - Application,Specialty Chemicals,False
GEHC,MSFT,0.27334670812243633,Medical Devices,Software - Infrastructure,False
ORLY,SNPS,0.27328259936814336,Auto Parts,Software - Infrastructure,False
CSCO,MDB,0.2732181500784311,Communication Equipment,Software - Infrastructure,False
GEHC,VRSK,0.27319604159486555,Medical Devices,Consulting Services,False
NFLX,ODFL,0.2730075419443226,Entertainment,Trucking,False
AXON,NFLX,0.2729788337469827,Aerospace & Defense,Entertainment,False
CEG,SNPS,0.2729176349019359,Utilities - Independent Power Producers,Software - Infrastructure,False
CHTR,ON,0.2729041407759011,Telecom Services,Semiconductors,False
MAR,ORLY,0.2727871554062871,Lodging,Auto Parts,False
CDW,XEL,0.27273359499595906,Information Technology Services,Utilities - Regulated Electric,False
CRWD,CSCO,0.27271935471591235,Software - Infrastructure,Communication Equipment,False
AAPL,PDD,0.27267714450010133,Consumer Electronics,Internet Retail,False
CEG,TXN,0.27267469820820084,Utilities - Independent Power Producers,Semiconductors,False
CHTR,PCAR,0.27259972598168336,Telecom Services,Farm & Heavy Construction Machinery,False
AVGO,MNST,0.2725914622177175,Semiconductors,Beverages - Non-Alcoholic,False
FANG,QCOM,0.2725297507391778,Oil & Gas E&P,Semiconductors,False
FANG,KLAC,0.2725244864423271,Oil & Gas E&P,Semiconductor Equipment & Materials,False
MRVL,VRSK,0.2724376460623964,Semiconductors,Consulting Services,False
ADSK,WBD,0.2723673089604907,Software - Application,Entertainment,False
CHTR,XEL,0.2723249853224032,Telecom Services,Utilities - Regulated Electric,False
AEP,FAST,0.2721842674618438,Utilities - Regulated Electric,Industrial Distribution,False
NFLX,PAYX,0.27217788323931486,Entertainment,Software - Application,False
BKNG,TTWO,0.27206510540587164,Travel Services,Electronic Gaming & Multimedia,False
ARM,CPRT,0.2719237823101323,Semiconductors,Specialty Business Services,False
CSCO,TSLA,0.27178056894750635,Communication Equipment,Auto Manufacturers,False
CTSH,GILD,0.27170409630397246,Information Technology Services,Drug Manufacturers - General,False
MDLZ,QCOM,0.27163293119552334,Confectioners,Semiconductors,False
AAPL,GILD,0.27162362654902783,Consumer Electronics,Drug Manufacturers - General,False
GILD,MSFT,0.27152418231179254,Drug Manufacturers - General,Software - Infrastructure,False
REGN,TMUS,0.27148672773129073,Biotechnology,Telecom Services,False
PAYX,TSLA,0.27148223503297003,Software - Application,Auto Manufacturers,False
PEP,QCOM,0.271354338276626,Beverages - Non-Alcoholic,Semiconductors,False
AMD,PDD,0.27132270376251594,Semiconductors,Internet Retail,False
KLAC,REGN,0.2712612421654736,Semiconductor Equipment & Materials,Biotechnology,False
QCOM,VRTX,0.27125159492486556,Semiconductors,Biotechnology,False
AXON,CTSH,0.27124726543564726,Aerospace & Defense,Information Technology Services,False
CCEP,SNPS,0.2712222230691936,Beverages - Non-Alcoholic,Software - Infrastructure,False
BKR,PYPL,0.2712074446207854,Oil & Gas Equipment & Services,Credit Services,False
CHTR,NFLX,0.27119881842034993,Telecom Services,Entertainment,False
AMGN,MU,0.27112367271903165,Drug Manufacturers - General,Semiconductors,False
CCEP,INTC,0.2710482476062296,Beverages - Non-Alcoholic,Semiconductors,False
PAYX,ZS,0.27098554173293155,Software - Application,Software - Infrastructure,False
CCEP,WDAY,0.27093422722227095,Beverages - Non-Alcoholic,Software - Application,False
ADSK,EXC,0.27088260132691944,Software - Application,Utilities - Regulated Electric,False
FAST,PANW,0.2708669461133368,Industrial Distribution,Software - Infrastructure,False
ODFL,WBD,0.2705068760282981,Trucking,Entertainment,False
PYPL,VRTX,0.2702844420388315,Credit Services,Biotechnology,False
ADBE,BIIB,0.2702432824782819,Software - Application,Drug Manufacturers - General,False
MNST,VRTX,0.27010592321254867,Beverages - Non-Alcoholic,Biotechnology,False
PAYX,REGN,0.2700526795708552,Software - Application,Biotechnology,False
NFLX,SBUX,0.2698856013533764,Entertainment,Restaurants,False
ABNB,CMCSA,0.26981516015509366,Travel Services,Telecom Services,False
FAST,REGN,0.26979183970300424,Industrial Distribution,Biotechnology,False
APP,CTAS,0.2696322220913178,Advertising Agencies,Specialty Business Services,False
GOOGL,ORLY,0.269566093700635,Internet Content & Information,Auto Parts,False
PDD,WDAY,0.2694592607339778,Internet Retail,Software - Application,False
CEG,NXPI,0.26934021758263965,Utilities - Independent Power Producers,Semiconductors,False
CSX,TTD,0.2693113672397671,Railroads,Advertising Agencies,False
BKNG,PEP,0.26920706800590183,Travel Services,Beverages - Non-Alcoholic,False
INTC,ZS,0.2691552462366068,Semiconductors,Software - Infrastructure,False
CMCSA,FTNT,0.26910995690339656,Telecom Services,Software - Infrastructure,False
ABNB,CSCO,0.26889691980950625,Travel Services,Communication Equipment,False
CSCO,KDP,0.2687413623167485,Communication Equipment,Beverages - Non-Alcoholic,False
AEP,CSX,0.268707998087692,Utilities - Regulated Electric,Railroads,False
AMAT,WBD,0.26867340477446405,Semiconductor Equipment & Materials,Entertainment,False
LRCX,PEP,0.2685572867392676,Semiconductor Equipment & Materials,Beverages - Non-Alcoholic,False
FANG,WBD,0.268435561299379,Oil & Gas E&P,Entertainment,False
CDW,PLTR,0.2683080263340373,Information Technology Services,Software - Infrastructure,False
AZN,TXN,0.26816308318817184,Drug Manufacturers - General,Semiconductors,False
AVGO,CCEP,0.26812962543661767,Semiconductors,Beverages - Non-Alcoholic,False
DDOG,INTC,0.26810653852298916,Software - Application,Semiconductors,False
CTSH,ZS,0.26799115131735635,Information Technology Services,Software - Infrastructure,False
ABNB,ROP,0.2678902776890412,Travel Services,Software - Application,False
AXON,LIN,0.26785192067158037,Aerospace & Defense,Specialty Chemicals,False
BIIB,CSCO,0.2678348331688746,Drug Manufacturers - General,Communication Equipment,False
PEP,REGN,0.2677184546425444,Beverages - Non-Alcoholic,Biotechnology,False
CMCSA,TTWO,0.2676841074630686,Telecom Services,Electronic Gaming & Multimedia,False
AZN,TMUS,0.2676653809654075,Drug Manufacturers - General,Telecom Services,False
ABNB,MNST,0.26753137120699527,Travel Services,Beverages - Non-Alcoholic,False
CMCSA,NFLX,0.26735517213540466,Telecom Services,Entertainment,False
HON,TSLA,0.2671298155065206,Conglomerates,Auto Manufacturers,False
BKNG,ZS,0.267109924639575,Travel Services,Software - Infrastructure,False
CDW,KDP,0.26698749244186315,Information Technology Services,Beverages - Non-Alcoholic,False
ADP,REGN,0.2669530777667755,Software - Application,Biotechnology,False
ADP,DXCM,0.26685609627618617,Software - Application,Medical Devices,False
GEHC,GOOGL,0.26679306701798433,Medical Devices,Internet Content & Information,False
CEG,FANG,0.26661813393247735,Utilities - Independent Power Producers,Oil & Gas E&P,False
MSTR,PANW,0.26659603073047894,Software - Application,Software - Infrastructure,False
REGN,ROP,0.26654186144718117,Biotechnology,Software - Application,False
CEG,MAR,0.2665126007581517,Utilities - Independent Power Producers,Lodging,False
CCEP,MU,0.26640257818933105,Beverages - Non-Alcoholic,Semiconductors,False
CCEP,CHTR,0.2663840295518095,Beverages - Non-Alcoholic,Telecom Services,False
PDD,TEAM,0.26636699998446717,Internet Retail,Software - Application,False
CSGP,MSTR,0.2662772751903554,Real Estate Services,Software - Application,False
BKNG,CEG,0.2661649353456048,Travel Services,Utilities - Independent Power Producers,False
AAPL,BIIB,0.26606906273805236,Consumer Electronics,Drug Manufacturers - General,False
CCEP,CDNS,0.2660145103621425,Beverages - Non-Alcoholic,Software - Application,False
ADI,KDP,0.2659835272817244,Semiconductors,Beverages - Non-Alcoholic,False
MELI,PCAR,0.2659671990479091,Internet Retail,Farm & Heavy Construction Machinery,False
CEG,INTU,0.26592527273118804,Utilities - Independent Power Producers,Software - Application,False
INTC,VRTX,0.26592121950248526,Semiconductors,Biotechnology,False
PDD,ZS,0.2658617024297599,Internet Retail,Software - Infrastructure,False
INTC,WBD,0.26570577247497085,Semiconductors,Entertainment,False
MSFT,PDD,0.26569655455065794,Software - Infrastructure,Internet Retail,False
AMGN,BKNG,0.2656916697042883,Drug Manufacturers - General,Travel Services,False
DXCM,QCOM,0.2655927552861693,Medical Devices,Semiconductors,False
LIN,TSLA,0.26552863864701104,Specialty Chemicals,Auto Manufacturers,False
CEG,COST,0.26550377869738195,Utilities - Independent Power Producers,Discount Stores,False
GILD,KHC,0.26543847617345195,Drug Manufacturers - General,Packaged Foods,False
CHTR,MRVL,0.2653750494006701,Telecom Services,Semiconductors,False
PYPL,WBD,0.26521442852595967,Credit Services,Entertainment,False
MRVL,WBD,0.265135532752909,Semiconductors,Entertainment,False
CCEP,FANG,0.2649378311384714,Beverages - Non-Alcoholic,Oil & Gas E&P,False
GFS,MNST,0.26482359596703836,Semiconductors,Beverages - Non-Alcoholic,False
FANG,GOOGL,0.26477578452503064,Oil & Gas E&P,Internet Content & Information,False
ADBE,AZN,0.2647258585983512,Software - Application,Drug Manufacturers - General,False
APP,SBUX,0.2647182263794028,Advertising Agencies,Restaurants,False
COST,TEAM,0.26456745775888196,Discount Stores,Software - Application,False
AZN,CTAS,0.26443948068910783,Drug Manufacturers - General,Specialty Business Services,False
AVGO,DXCM,0.2643975571488123,Semiconductors,Medical Devices,False
INTC,TTD,0.2643933661588669,Semiconductors,Advertising Agencies,False
CCEP,IDXX,0.26435586980036435,Beverages - Non-Alcoholic,Diagnostics & Research,False
ASML,MDLZ,0.2640438355672093,Semiconductor Equipment & Materials,Confectioners,False
EXC,INTC,0.263917827982667,Utilities - Regulated Electric,Semiconductors,False
DXCM,GFS,0.26386939713148144,Medical Devices,Semiconductors,False
LULU,MSTR,0.2637887756310051,Apparel Retail,Software - Application,False
BIIB,IDXX,0.2637603792456904,Drug Manufacturers - General,Diagnostics & Research,False
BKR,CSGP,0.2637258900866924,Oil & Gas Equipment & Services,Real Estate Services,False
AVGO,VRTX,0.2636756300283821,Semiconductors,Biotechnology,False
IDXX,MSTR,0.26363078771500376,Diagnostics & Research,Software - Application,False
CSGP,XEL,0.26358342970210785,Real Estate Services,Utilities - Regulated Electric,False
ARM,FANG,0.26354756825258063,Semiconductors,Oil & Gas E&P,False
MCHP,REGN,0.2634760232705834,Semiconductors,Biotechnology,False
AEP,SBUX,0.2634219345633006,Utilities - Regulated Electric,Restaurants,False
LULU,MDLZ,0.2633363039006165,Apparel Retail,Confectioners,False
AMAT,EXC,0.263267385082463,Semiconductor Equipment & Materials,Utilities - Regulated Electric,False
META,TMUS,0.26325337783689096,Internet Content & Information,Telecom Services,False
MELI,VRTX,0.26321983946944216,Internet Retail,Biotechnology,False
DXCM,NFLX,0.2631949862202199,Medical Devices,Entertainment,False
AXON,VRSK,0.2631082249174786,Aerospace & Defense,Consulting Services,False
ADSK,FANG,0.26294755041015705,Software - Application,Oil & Gas E&P,False
AMGN,AVGO,0.26279717791556706,Drug Manufacturers - General,Semiconductors,False
ABNB,CSX,0.26240630926349784,Travel Services,Railroads,False
ROP,TSLA,0.2623952749531431,Software - Application,Auto Manufacturers,False
BIIB,CTSH,0.2623877742894836,Drug Manufacturers - General,Information Technology Services,False
BIIB,PYPL,0.26233506072912044,Drug Manufacturers - General,Credit Services,False
CHTR,ODFL,0.2623272689181842,Telecom Services,Trucking,False
MDLZ,SNPS,0.2622692719676189,Confectioners,Software - Infrastructure,False
KLAC,WBD,0.26226075558943057,Semiconductor Equipment & Materials,Entertainment,False
AXON,ROST,0.26224619772613617,Aerospace & Defense,Apparel Retail,False
DXCM,MU,0.26209941426057326,Medical Devices,Semiconductors,False
BIIB,PEP,0.2619993389871896,Drug Manufacturers - General,Beverages - Non-Alcoholic,False
CHTR,META,0.261878548181822,Telecom Services,Internet Content & Information,False
LRCX,REGN,0.26181355171957166,Semiconductor Equipment & Materials,Biotechnology,False
CPRT,KDP,0.2616960402745964,Specialty Business Services,Beverages - Non-Alcoholic,False
CHTR,ROST,0.2616871417036297,Telecom Services,Apparel Retail,False
CDNS,REGN,0.26159054396214343,Software - Application,Biotechnology,False
INTU,PDD,0.2614164434086364,Software - Application,Internet Retail,False
GOOGL,WBD,0.2613950602359961,Internet Content & Information,Entertainment,False
COST,GILD,0.2612024802074249,Discount Stores,Drug Manufacturers - General,False
ASML,REGN,0.26118675257495283,Semiconductor Equipment & Materials,Biotechnology,False
CSX,GILD,0.26114765996165434,Railroads,Drug Manufacturers - General,False
ADP,CRWD,0.26110537403934225,Software - Application,Software - Infrastructure,False
MU,VRSK,0.2610031983277551,Semiconductors,Consulting Services,False
DXCM,SBUX,0.26097035695661114,Medical Devices,Restaurants,False
BKR,CDNS,0.26087911156809795,Oil & Gas Equipment & Services,Software - Application,False
ADI,GILD,0.26082464039119607,Semiconductors,Drug Manufacturers - General,False
AAPL,FANG,0.2604469848373,Consumer Electronics,Oil & Gas E&P,False
DXCM,MRVL,0.2604308835200141,Medical Devices,Semiconductors,False
ADBE,PDD,0.26034625598825784,Software - Application,Internet Retail,False
CHTR,GFS,0.26033966010518295,Telecom Services,Semiconductors,False
MNST,MU,0.2602693901357131,Beverages - Non-Alcoholic,Semiconductors,False
AXON,PCAR,0.26021242173919784,Aerospace & Defense,Farm & Heavy Construction Machinery,False
BIIB,MCHP,0.2601212474482798,Drug Manufacturers - General,Semiconductors,False
AEP,AZN,0.26007570631920296,Utilities - Regulated Electric,Drug Manufacturers - General,False
PCAR,TSLA,0.26004220373391856,Farm & Heavy Construction Machinery,Auto Manufacturers,False
PCAR,VRTX,0.25989003675611505,Farm & Heavy Construction Machinery,Biotechnology,False
CEG,META,0.259810897269958,Utilities - Independent Power Producers,Internet Content & Information,False
DXCM,ODFL,0.25980584743549473,Medical Devices,Trucking,False
EXC,LRCX,0.2597330998029674,Utilities - Regulated Electric,Semiconductor Equipment & Materials,False
ASML,WBD,0.25971934778182876,Semiconductor Equipment & Materials,Entertainment,False
PDD,SNPS,0.2597044702214092,Internet Retail,Software - Infrastructure,False
MNST,TTWO,0.2595804157225181,Beverages - Non-Alcoholic,Electronic Gaming & Multimedia,False
TSLA,WBD,0.2594044817130309,Auto Manufacturers,Entertainment,False
CSGP,WBD,0.25934401818250125,Real Estate Services,Entertainment,False
NXPI,ORLY,0.2593249056298479,Semiconductors,Auto Parts,False
AXON,DXCM,0.25927702837402394,Aerospace & Defense,Medical Devices,False
GILD,INTU,0.2591040287740042,Drug Manufacturers - General,Software - Application,False
PANW,ROST,0.25906435678660494,Software - Infrastructure,Apparel Retail,False
AMD,DXCM,0.2590141534872707,Semiconductors,Medical Devices,False
AZN,GOOGL,0.25900321480654676,Drug Manufacturers - General,Internet Content & Information,False
COST,VRTX,0.2588952555713582,Discount Stores,Biotechnology,False
LIN,MDB,0.2586415688526414,Specialty Chemicals,Software - Infrastructure,False
FANG,ISRG,0.25858701937107936,Oil & Gas E&P,Medical Instruments & Supplies,False
EXC,GOOGL,0.25858019117921316,Utilities - Regulated Electric,Internet Content & Information,False
AZN,CPRT,0.2585800562669815,Drug Manufacturers - General,Specialty Business Services,False
AEP,INTU,0.258579318235312,Utilities - Regulated Electric,Software - Application,False
MAR,MSTR,0.2585166976331958,Lodging,Software - Application,False
MCHP,ORLY,0.2584741677309109,Semiconductors,Auto Parts,False
INTC,MSTR,0.25837518940460064,Semiconductors,Software - Application,False
CTSH,PLTR,0.25811994331036053,Information Technology Services,Software - Infrastructure,False
CHTR,EXC,0.2580364584447023,Telecom Services,Utilities - Regulated Electric,False
SBUX,ZS,0.25780179899471367,Restaurants,Software - Infrastructure,False
GILD,INTC,0.2577774638774859,Drug Manufacturers - General,Semiconductors,False
CRWD,SBUX,0.2576198830429637,Software - Infrastructure,Restaurants,False
GEHC,ZS,0.2575798882512414,Medical Devices,Software - Infrastructure,False
CCEP,ODFL,0.2575530644378771,Beverages - Non-Alcoholic,Trucking,False
AEP,KDP,0.2572979612614349,Utilities - Regulated Electric,Beverages - Non-Alcoholic,False
INTU,WBD,0.2572919211575067,Software - Application,Entertainment,False
NVDA,VRTX,0.2570389203904792,Semiconductors,Biotechnology,False
KHC,MSFT,0.256762747181026,Packaged Foods,Software - Infrastructure,False
DASH,HON,0.25675966036541964,Internet Retail,Conglomerates,False
META,PDD,0.2567417385439738,Internet Content & Information,Internet Retail,False
MDLZ,WDAY,0.25668806233607083,Confectioners,Software - Application,False
MDLZ,MELI,0.25667146569950605,Confectioners,Internet Retail,False
ARM,ROST,0.2566526171018154,Semiconductors,Apparel Retail,False
GILD,ISRG,0.25664015573412974,Drug Manufacturers - General,Medical Instruments & Supplies,False
CRWD,VRSK,0.2564773478937843,Software - Infrastructure,Consulting Services,False
ISRG,WBD,0.2564676782742873,Medical Instruments & Supplies,Entertainment,False
AMGN,ROST,0.2563560957857617,Drug Manufacturers - General,Apparel Retail,False
CSX,DDOG,0.2563437236688761,Railroads,Software - Application,False
CSX,VRTX,0.2563254808992672,Railroads,Biotechnology,False
APP,FAST,0.25615818815096086,Advertising Agencies,Industrial Distribution,False
CCEP,WBD,0.2561358045393099,Beverages - Non-Alcoholic,Entertainment,False
QCOM,REGN,0.256111147307789,Semiconductors,Biotechnology,False
APP,INTC,0.25605277279028726,Advertising Agencies,Semiconductors,False
CRWD,CTAS,0.2558942044088317,Software - Infrastructure,Specialty Business Services,False
ARM,TTD,0.2558907561088864,Semiconductors,Advertising Agencies,False
CSGP,REGN,0.25586112084955864,Real Estate Services,Biotechnology,False
COST,TTD,0.2558375515241551,Discount Stores,Advertising Agencies,False
CMCSA,DASH,0.25579289916932674,Telecom Services,Internet Retail,False
COST,MAR,0.25554293525332256,Discount Stores,Lodging,False
CHTR,LULU,0.2553976343823419,Telecom Services,Apparel Retail,False
AMD,VRSK,0.25533840768205457,Semiconductors,Consulting Services,False
IDXX,XEL,0.2551434781961174,Diagnostics & Research,Utilities - Regulated Electric,False
DDOG,MNST,0.2551041016924455,Software - Application,Beverages - Non-Alcoholic,False
CTSH,KDP,0.25510050891476066,Information Technology Services,Beverages - Non-Alcoholic,False
AZN,CDNS,0.25487466206324566,Drug Manufacturers - General,Software - Application,False
ODFL,PLTR,0.2548552061124745,Trucking,Software - Infrastructure,False
BIIB,PAYX,0.25471277584936813,Drug Manufacturers - General,Software - Application,False
PLTR,SBUX,0.2547041888694107,Software - Infrastructure,Restaurants,False
ADBE,GEHC,0.2545974157148228,Software - Application,Medical Devices,False
NXPI,PEP,0.25448051837893665,Semiconductors,Beverages - Non-Alcoholic,False
ADP,BIIB,0.25445742862593806,Software - Application,Drug Manufacturers - General,False
AZN,MCHP,0.2543159578638546,Drug Manufacturers - General,Semiconductors,False
CRWD,LIN,0.2542859760333988,Software - Infrastructure,Specialty Chemicals,False
BKR,GFS,0.254224501155113,Oil & Gas Equipment & Services,Semiconductors,False
DASH,WBD,0.2541372406613582,Internet Retail,Entertainment,False
PLTR,WBD,0.2540599986200095,Software - Infrastructure,Entertainment,False
GEHC,TEAM,0.2540149407039103,Medical Devices,Software - Application,False
MU,TMUS,0.25394306981412457,Semiconductors,Telecom Services,False
AZN,CSGP,0.2539346664890328,Drug Manufacturers - General,Real Estate Services,False
KDP,MSFT,0.25390538107911637,Beverages - Non-Alcoholic,Software - Infrastructure,False
NXPI,VRTX,0.25386266375633754,Semiconductors,Biotechnology,False
BKNG,VRTX,0.25383952858147857,Travel Services,Biotechnology,False
DXCM,TMUS,0.2537832466660727,Medical Devices,Telecom Services,False
AMGN,GEHC,0.2537259253957971,Drug Manufacturers - General,Medical Devices,False
BKR,KHC,0.25367542101342266,Oil & Gas Equipment & Services,Packaged Foods,False
CTSH,MSTR,0.25363493185812924,Information Technology Services,Software - Application,False
ABNB,BKR,0.2535574347261767,Travel Services,Oil & Gas Equipment & Services,False
AMGN,AMZN,0.2535010642494554,Drug Manufacturers - General,Internet Retail,False
CSX,NFLX,0.25346054575871957,Railroads,Entertainment,False
FAST,MDB,0.2534386672540043,Industrial Distribution,Software - Infrastructure,False
HON,TTWO,0.25327084073453776,Conglomerates,Electronic Gaming & Multimedia,False
CSX,TSLA,0.25324092772807766,Railroads,Auto Manufacturers,False
ROP,WBD,0.2531721179774772,Software - Application,Entertainment,False
ADBE,GILD,0.2530894323288646,Software - Application,Drug Manufacturers - General,False
MSTR,ODFL,0.25299827162071403,Software - Application,Trucking,False
EXC,NXPI,0.2529393026214378,Utilities - Regulated Electric,Semiconductors,False
ADSK,CEG,0.25272237531765446,Software - Application,Utilities - Independent Power Producers,False
FTNT,MDLZ,0.2527183504749974,Software - Infrastructure,Confectioners,False
DXCM,ROST,0.2526316515155441,Medical Devices,Apparel Retail,False
AMZN,REGN,0.25218212228280806,Internet Retail,Biotechnology,False
REGN,SNPS,0.25212011282922225,Biotechnology,Software - Infrastructure,False
ARM,ODFL,0.2520641810098653,Semiconductors,Trucking,False
AZN,CDW,0.25202960286703296,Drug Manufacturers - General,Information Technology Services,False
CRWD,PAYX,0.25175529935941265,Software - Infrastructure,Software - Application,False
MAR,MDB,0.2517007760311607,Lodging,Software - Infrastructure,False
PANW,PDD,0.251595535667159,Software - Infrastructure,Internet Retail,False
AMGN,ON,0.2515227590933666,Drug Manufacturers - General,Semiconductors,False
DXCM,PLTR,0.25143646060627195,Medical Devices,Software - Infrastructure,False
BIIB,MNST,0.2514350926417384,Drug Manufacturers - General,Beverages - Non-Alcoholic,False
CHTR,TTWO,0.25110408446082616,Telecom Services,Electronic Gaming & Multimedia,False
FANG,ODFL,0.2509877616887588,Oil & Gas E&P,Trucking,False
COST,PLTR,0.25097012429882787,Discount Stores,Software - Infrastructure,False
AVGO,CHTR,0.25094022626626633,Semiconductors,Telecom Services,False
CDW,GILD,0.2507421902906116,Information Technology Services,Drug Manufacturers - General,False
DXCM,TSLA,0.25068764151455203,Medical Devices,Auto Manufacturers,False
BIIB,INTU,0.2506311263302955,Drug Manufacturers - General,Software - Application,False
NFLX,PDD,0.2505436816112361,Entertainment,Internet Retail,False
HON,MSTR,0.2504143275478243,Conglomerates,Software - Application,False
GILD,MNST,0.25040893344666026,Drug Manufacturers - General,Beverages - Non-Alcoholic,False
AVGO,MDLZ,0.25032767126402317,Semiconductors,Confectioners,False
LULU,TTWO,0.25031681928669014,Apparel Retail,Electronic Gaming & Multimedia,False
GEHC,LULU,0.25029523400491044,Medical Devices,Apparel Retail,False
CTAS,GILD,0.25011740572327174,Specialty Business Services,Drug Manufacturers - General,False
CHTR,FTNT,0.2500381725022056,Telecom Services,Software - Infrastructure,False
ON,VRTX,0.2500334634229016,Semiconductors,Biotechnology,False
ROST,XEL,0.2499291145867829,Apparel Retail,Utilities - Regulated Electric,False
MAR,MDLZ,0.24979345183337748,Lodging,Confectioners,False
CHTR,MU,0.2496970346506309,Telecom Services,Semiconductors,False
ODFL,VRTX,0.24965555187736013,Trucking,Biotechnology,False
FAST,TSLA,0.24954993021251193,Industrial Distribution,Auto Manufacturers,False
ADSK,AZN,0.2495177725427035,Software - Application,Drug Manufacturers - General,False
AZN,MNST,0.2494784207068394,Drug Manufacturers - General,Beverages - Non-Alcoholic,False
AMD,ROST,0.24936001495767754,Semiconductors,Apparel Retail,False
AXON,CEG,0.24931451171431535,Aerospace & Defense,Utilities - Independent Power Producers,False
FAST,NFLX,0.24929544791851202,Industrial Distribution,Entertainment,False
MSTR,ROST,0.24915081099349026,Software - Application,Apparel Retail,False
AMD,TMUS,0.24909480987264837,Semiconductors,Telecom Services,False
DXCM,MNST,0.2490768423546927,Medical Devices,Beverages - Non-Alcoholic,False
CSCO,DASH,0.2489825083385154,Communication Equipment,Internet Retail,False
CSCO,DXCM,0.24895983728589033,Communication Equipment,Medical Devices,False
BIIB,GOOGL,0.2488827804032008,Drug Manufacturers - General,Internet Content & Information,False
CHTR,NVDA,0.24887399185411724,Telecom Services,Semiconductors,False
FAST,PLTR,0.24878986690649701,Industrial Distribution,Software - Infrastructure,False
MNST,MRVL,0.24871983440394108,Beverages - Non-Alcoholic,Semiconductors,False
CSX,TTWO,0.24859312339794484,Railroads,Electronic Gaming & Multimedia,False
CRWD,GEHC,0.24857570633780646,Software - Infrastructure,Medical Devices,False
INTC,PLTR,0.24839971293621793,Semiconductors,Software - Infrastructure,False
CSX,DASH,0.24827293840938777,Railroads,Internet Retail,False
CTSH,DXCM,0.24823545020630092,Information Technology Services,Medical Devices,False
AZN,SBUX,0.24810356967628167,Drug Manufacturers - General,Restaurants,False
APP,PAYX,0.24809591244881382,Advertising Agencies,Software - Application,False
TTWO,VRTX,0.24794341243767343,Electronic Gaming & Multimedia,Biotechnology,False
NFLX,VRTX,0.24779386298158768,Entertainment,Biotechnology,False
FANG,INTC,0.247747380189505,Oil & Gas E&P,Semiconductors,False
CTAS,ZS,0.2476808130895443,Specialty Business Services,Software - Infrastructure,False
BIIB,ISRG,0.2476025855877637,Drug Manufacturers - General,Medical Instruments & Supplies,False
ARM,BKR,0.24753648437993853,Semiconductors,Oil & Gas Equipment & Services,False
CCEP,MELI,0.24746908808538057,Beverages - Non-Alcoholic,Internet Retail,False
ABNB,FANG,0.24732757226561428,Travel Services,Oil & Gas E&P,False
ADI,KHC,0.24721522561399378,Semiconductors,Packaged Foods,False
SBUX,TTWO,0.24706769132355968,Restaurants,Electronic Gaming & Multimedia,False
ADP,APP,0.24697892466007607,Software - Application,Advertising Agencies,False
ADSK,GILD,0.24692881408088363,Software - Application,Drug Manufacturers - General,False
AEP,CDW,0.24640187934909683,Utilities - Regulated Electric,Information Technology Services,False
BIIB,HON,0.2463031628664855,Drug Manufacturers - General,Conglomerates,False
AMD,CMCSA,0.24613473827321156,Semiconductors,Telecom Services,False
AZN,CCEP,0.24611141874664275,Drug Manufacturers - General,Beverages - Non-Alcoholic,False
DDOG,MAR,0.24602313159883107,Software - Application,Lodging,False
CSCO,PLTR,0.24599958557848137,Communication Equipment,Software - Infrastructure,False
CCEP,GFS,0.2459380231893981,Beverages - Non-Alcoholic,Semiconductors,False
CEG,ZS,0.24590774099683899,Utilities - Independent Power Producers,Software - Infrastructure,False
CMCSA,REGN,0.24588645077358845,Telecom Services,Biotechnology,False
PYPL,REGN,0.24586974490511984,Credit Services,Biotechnology,False
DDOG,FAST,0.24576837134966534,Software - Application,Industrial Distribution,False
CHTR,ORLY,0.2457381872111559,Telecom Services,Auto Parts,False
ASML,ORLY,0.24572189493289098,Semiconductor Equipment & Materials,Auto Parts,False
LULU,TMUS,0.24563000990685743,Apparel Retail,Telecom Services,False
MSFT,WBD,0.24550921895333233,Software - Infrastructure,Entertainment,False
CRWD,PDD,0.24543135890012818,Software - Infrastructure,Internet Retail,False
BIIB,FAST,0.24512258605242832,Drug Manufacturers - General,Industrial Distribution,False
AEP,MSFT,0.2450838102915606,Utilities - Regulated Electric,Software - Infrastructure,False
AAPL,CEG,0.24502740459460493,Consumer Electronics,Utilities - Independent Power Producers,False
AZN,CSX,0.24499670055488196,Drug Manufacturers - General,Railroads,False
CEG,CTAS,0.2448566957272444,Utilities - Independent Power Producers,Specialty Business Services,False
AMGN,BKR,0.2447290492327535,Drug Manufacturers - General,Oil & Gas Equipment & Services,False
ASML,PEP,0.24472397772699223,Semiconductor Equipment & Materials,Beverages - Non-Alcoholic,False
EXC,PYPL,0.24444435672756681,Utilities - Regulated Electric,Credit Services,False
ISRG,KDP,0.24439704431662518,Medical Instruments & Supplies,Beverages - Non-Alcoholic,False
MDLZ,ON,0.24426751637256836,Confectioners,Semiconductors,False
INTC,ORLY,0.2440915970502362,Semiconductors,Auto Parts,False
AMGN,WDAY,0.24407451429053936,Drug Manufacturers - General,Software - Application,False
APP,CSCO,0.24387145641846664,Advertising Agencies,Communication Equipment,False
MNST,ZS,0.24381925569980678,Beverages - Non-Alcoholic,Software - Infrastructure,False
DASH,INTC,0.24372635328467937,Internet Retail,Semiconductors,False
CPRT,REGN,0.2435319258246997,Specialty Business Services,Biotechnology,False
LIN,REGN,0.24352856326556696,Specialty Chemicals,Biotechnology,False
BIIB,ROP,0.24346728878336346,Drug Manufacturers - General,Software - Application,False
FANG,FAST,0.24339360069778918,Oil & Gas E&P,Industrial Distribution,False
PDD,PLTR,0.2433803995035702,Internet Retail,Software - Infrastructure,False
BKR,NVDA,0.24324205203050744,Oil & Gas Equipment & Services,Semiconductors,False
DXCM,VRTX,0.24321592249613538,Medical Devices,Biotechnology,False
AXON,INTC,0.2431478076299391,Aerospace & Defense,Semiconductors,False
KDP,ORLY,0.24313680542842867,Beverages - Non-Alcoholic,Auto Parts,False
SBUX,VRTX,0.2431009826983677,Restaurants,Biotechnology,False
DASH,ROP,0.2430775120373519,Internet Retail,Software - Application,False
CCEP,META,0.24302736474185488,Beverages - Non-Alcoholic,Internet Content & Information,False
AMZN,WBD,0.24296589392637066,Internet Retail,Entertainment,False
GILD,XEL,0.24293298509340133,Drug Manufacturers - General,Utilities - Regulated Electric,False
KDP,NXPI,0.24293102750872878,Beverages - Non-Alcoholic,Semiconductors,False
AEP,ISRG,0.24287295662865094,Utilities - Regulated Electric,Medical Instruments & Supplies,False
CMCSA,TTD,0.24280965769206467,Telecom Services,Advertising Agencies,False
AVGO,PDD,0.24274655291005717,Semiconductors,Internet Retail,False
META,WBD,0.24263465534962383,Internet Content & Information,Entertainment,False
COST,DXCM,0.2425215185128286,Discount Stores,Medical Devices,False
MDLZ,META,0.2423294233077049,Confectioners,Internet Content & Information,False
INTC,KHC,0.24224322404173992,Semiconductors,Packaged Foods,False
BKR,SNPS,0.24216546780122647,Oil & Gas Equipment & Services,Software - Infrastructure,False
ARM,WDAY,0.24201674524083294,Semiconductors,Software - Application,False
CTSH,REGN,0.24192980505594647,Information Technology Services,Biotechnology,False
FANG,MSFT,0.24185796372675117,Oil & Gas E&P,Software - Infrastructure,False
BKR,VRSK,0.2418368850515455,Oil & Gas Equipment & Services,Consulting Services,False
MDLZ,TTWO,0.24182433000348338,Confectioners,Electronic Gaming & Multimedia,False
AXON,COST,0.24172257925992965,Aerospace & Defense,Discount Stores,False
BKR,ORLY,0.2415976899479949,Oil & Gas Equipment & Services,Auto Parts,False
ORLY,PYPL,0.2414270160965614,Auto Parts,Credit Services,False
GILD,GOOGL,0.241398345674347,Drug Manufacturers - General,Internet Content & Information,False
AXON,TMUS,0.24127558001643157,Aerospace & Defense,Telecom Services,False
NVDA,REGN,0.24124621348727593,Semiconductors,Biotechnology,False
TXN,XEL,0.24122756734628664,Semiconductors,Utilities - Regulated Electric,False
CEG,TEAM,0.2410241531422614,Utilities - Independent Power Producers,Software - Application,False
GEHC,TTWO,0.24099080326367053,Medical Devices,Electronic Gaming & Multimedia,False
MRVL,TMUS,0.2409610093268196,Semiconductors,Telecom Services,False
REGN,WDAY,0.24092950944239291,Biotechnology,Software - Application,False
AMAT,BIIB,0.24072506049832337,Semiconductor Equipment & Materials,Drug Manufacturers - General,False
MDLZ,REGN,0.24052247633881418,Confectioners,Biotechnology,False
MU,REGN,0.24038808116355145,Semiconductors,Biotechnology,False
META,REGN,0.24025667386969382,Internet Content & Information,Biotechnology,False
DXCM,LIN,0.2402423997551425,Medical Devices,Specialty Chemicals,False
AMAT,AZN,0.2402106919171648,Semiconductor Equipment & Materials,Drug Manufacturers - General,False
CPRT,FANG,0.24000185649481204,Specialty Business Services,Oil & Gas E&P,False
BIIB,TMUS,0.2398444011733245,Drug Manufacturers - General,Telecom Services,False
BIIB,META,0.23982205189249892,Drug Manufacturers - General,Internet Content & Information,False
MNST,NFLX,0.2396214219719903,Beverages - Non-Alcoholic,Entertainment,False
ADBE,KDP,0.239604205538015,Software - Application,Beverages - Non-Alcoholic,False
FTNT,REGN,0.23952707835770445,Software - Infrastructure,Biotechnology,False
MNST,PANW,0.2395247876722564,Beverages - Non-Alcoholic,Software - Infrastructure,False
AXON,TTWO,0.23946487714324377,Aerospace & Defense,Electronic Gaming & Multimedia,False
CRWD,FAST,0.23938803717660315,Software - Infrastructure,Industrial Distribution,False
WBD,WDAY,0.23931791809551883,Entertainment,Software - Application,False
LULU,PEP,0.23928428944339072,Apparel Retail,Beverages - Non-Alcoholic,False
CSX,MDB,0.23922278099011204,Railroads,Software - Infrastructure,False
BIIB,PCAR,0.23919379419361553,Drug Manufacturers - General,Farm & Heavy Construction Machinery,False
BKR,FTNT,0.23907789551229935,Oil & Gas Equipment & Services,Software - Infrastructure,False
MRVL,VRTX,0.2390009161997475,Semiconductors,Biotechnology,False
NXPI,REGN,0.2387733903669298,Semiconductors,Biotechnology,False
ON,ORLY,0.2386319035480631,Semiconductors,Auto Parts,False
EXC,GILD,0.23861048590049308,Utilities - Regulated Electric,Drug Manufacturers - General,False
MSTR,PCAR,0.23855968322717502,Software - Application,Farm & Heavy Construction Machinery,False
APP,ODFL,0.2385269766573821,Advertising Agencies,Trucking,False
PDD,TXN,0.23830465873246576,Internet Retail,Semiconductors,False
EXC,SNPS,0.23821116383751065,Utilities - Regulated Electric,Software - Infrastructure,False
KHC,ODFL,0.23820963134814618,Packaged Foods,Trucking,False
BIIB,KLAC,0.23801692724794501,Drug Manufacturers - General,Semiconductor Equipment & Materials,False
ARM,IDXX,0.23798443358055482,Semiconductors,Diagnostics & Research,False
MELI,ORLY,0.2379733140772875,Internet Retail,Auto Parts,False
BIIB,LIN,0.23793638906800307,Drug Manufacturers - General,Specialty Chemicals,False
AZN,KLAC,0.23792616873504552,Drug Manufacturers - General,Semiconductor Equipment & Materials,False
AVGO,ORLY,0.2378837187699353,Semiconductors,Auto Parts,False
DDOG,ROST,0.2378631094215609,Software - Application,Apparel Retail,False
CTAS,MSTR,0.237844243380156,Specialty Business Services,Software - Application,False
PDD,TSLA,0.23782890100796955,Internet Retail,Auto Manufacturers,False
BIIB,VRSK,0.23757444281003565,Drug Manufacturers - General,Consulting Services,False
PEP,WDAY,0.23754848515739663,Beverages - Non-Alcoholic,Software - Application,False
AAPL,KDP,0.23739068150345718,Consumer Electronics,Beverages - Non-Alcoholic,False
AEP,IDXX,0.2373815921840172,Utilities - Regulated Electric,Diagnostics & Research,False
ARM,MELI,0.23724019666979265,Semiconductors,Internet Retail,False
MSTR,WBD,0.23713876609290627,Software - Application,Entertainment,False
FAST,WBD,0.23713765690680635,Industrial Distribution,Entertainment,False
CCEP,GILD,0.23712433810887007,Beverages - Non-Alcoholic,Drug Manufacturers - General,False
APP,DXCM,0.23707375125316274,Advertising Agencies,Medical Devices,False
EXC,QCOM,0.23702634858967556,Utilities - Regulated Electric,Semiconductors,False
KHC,MCHP,0.23700775616279912,Packaged Foods,Semiconductors,False
PCAR,REGN,0.2368504325178372,Farm & Heavy Construction Machinery,Biotechnology,False
AZN,LRCX,0.23672085886509464,Drug Manufacturers - General,Semiconductor Equipment & Materials,False
GEHC,INTC,0.23671221467781386,Medical Devices,Semiconductors,False
MSTR,TTWO,0.23670214485980032,Software - Application,Electronic Gaming & Multimedia,False
TEAM,VRTX,0.23668351127597173,Software - Application,Biotechnology,False
AAPL,AEP,0.23659140316724744,Consumer Electronics,Utilities - Regulated Electric,False
CRWD,MAR,0.23637300473612236,Software - Infrastructure,Lodging,False
CEG,INTC,0.236264580237139,Utilities - Independent Power Producers,Semiconductors,False
MDB,ROST,0.23617903251760028,Software - Infrastructure,Apparel Retail,False
CEG,MELI,0.23616706242239538,Utilities - Independent Power Producers,Internet Retail,False
AEP,CPRT,0.23616368277020422,Utilities - Regulated Electric,Specialty Business Services,False
AXON,MSTR,0.2360161864168322,Aerospace & Defense,Software - Application,False
CSCO,MSTR,0.2359684361378775,Communication Equipment,Software - Application,False
AZN,PYPL,0.2357179557109851,Drug Manufacturers - General,Credit Services,False
AMGN,KDP,0.23570136265574168,Drug Manufacturers - General,Beverages - Non-Alcoholic,False
CPRT,GILD,0.23567553401212465,Specialty Business Services,Drug Manufacturers - General,False
TTD,VRTX,0.23561840638794912,Advertising Agencies,Biotechnology,False
ABNB,CEG,0.23558541186896206,Travel Services,Utilities - Independent Power Producers,False
BIIB,CMCSA,0.2354495491467184,Drug Manufacturers - General,Telecom Services,False
LULU,VRTX,0.23524866952572054,Apparel Retail,Biotechnology,False
AMD,VRTX,0.23516037678905993,Semiconductors,Biotechnology,False
HON,NFLX,0.23507837273721496,Conglomerates,Entertainment,False
AVGO,EXC,0.23494092491044433,Semiconductors,Utilities - Regulated Electric,False
AXON,CMCSA,0.23484095853595802,Aerospace & Defense,Telecom Services,False
BIIB,CDNS,0.23480495741321478,Drug Manufacturers - General,Software - Application,False
BKNG,DXCM,0.23461724983662377,Travel Services,Medical Devices,False
ARM,LULU,0.23460706411229687,Semiconductors,Apparel Retail,False
FTNT,ORLY,0.23459962641055593,Software - Infrastructure,Auto Parts,False
FANG,MRVL,0.2344423120689108,Oil & Gas E&P,Semiconductors,False
CEG,PANW,0.23443137506697084,Utilities - Independent Power Producers,Software - Infrastructure,False
AZN,SNPS,0.23439857709578352,Drug Manufacturers - General,Software - Infrastructure,False
CCEP,DASH,0.23433741235614627,Beverages - Non-Alcoholic,Internet Retail,False
ARM,SBUX,0.23431349471312468,Semiconductors,Restaurants,False
ORLY,QCOM,0.2342002061206865,Auto Parts,Semiconductors,False
AZN,COST,0.23416513560944235,Drug Manufacturers - General,Discount Stores,False
ARM,COST,0.23411021571953772,Semiconductors,Discount Stores,False
GEHC,WDAY,0.23394299905015764,Medical Devices,Software - Application,False
MAR,NFLX,0.2339208532000984,Lodging,Entertainment,False
COST,GEHC,0.23390781351719817,Discount Stores,Medical Devices,False
AZN,BKNG,0.23390046439663578,Drug Manufacturers - General,Travel Services,False
ABNB,CCEP,0.2339003308677347,Travel Services,Beverages - Non-Alcoholic,False
CHTR,ZS,0.23388846525179816,Telecom Services,Software - Infrastructure,False
AZN,KHC,0.23382671550290918,Drug Manufacturers - General,Packaged Foods,False
ORLY,WDAY,0.23375555846312895,Auto Parts,Software - Application,False
IDXX,PDD,0.23369366903792338,Diagnostics & Research,Internet Retail,False
AZN,WDAY,0.23342756746483062,Drug Manufacturers - General,Software - Application,False
AZN,MELI,0.23315895096820632,Drug Manufacturers - General,Internet Retail,False
PAYX,PLTR,0.23300407393187492,Software - Application,Software - Infrastructure,False
KDP,MCHP,0.23294073491576195,Beverages - Non-Alcoholic,Semiconductors,False
CHTR,GEHC,0.23291927583746858,Telecom Services,Medical Devices,False
BIIB,MDLZ,0.2329037798731063,Drug Manufacturers - General,Confectioners,False
FAST,KDP,0.23287975381839293,Industrial Distribution,Beverages - Non-Alcoholic,False
DXCM,HON,0.23285809284747988,Medical Devices,Conglomerates,False
CHTR,VRTX,0.2327990211559298,Telecom Services,Biotechnology,False
AZN,INTC,0.23272448368873686,Drug Manufacturers - General,Semiconductors,False
AEP,GILD,0.23272090725710576,Utilities - Regulated Electric,Drug Manufacturers - General,False
ISRG,PDD,0.23262448189052398,Medical Instruments & Supplies,Internet Retail,False
BIIB,INTC,0.23261783930590263,Drug Manufacturers - General,Semiconductors,False
PANW,PCAR,0.23250801368498858,Software - Infrastructure,Farm & Heavy Construction Machinery,False
DASH,PCAR,0.23237596970868737,Internet Retail,Farm & Heavy Construction Machinery,False
HON,TEAM,0.2320470155339882,Conglomerates,Software - Application,False
GILD,IDXX,0.2319151933041833,Drug Manufacturers - General,Diagnostics & Research,False
BIIB,CDW,0.23191415779889296,Drug Manufacturers - General,Information Technology Services,False
BIIB,CSX,0.23187327865580443,Drug Manufacturers - General,Railroads,False
GILD,MCHP,0.23186534974275536,Drug Manufacturers - General,Semiconductors,False
AZN,ORLY,0.23163734946951078,Drug Manufacturers - General,Auto Parts,False
INTC,REGN,0.231616975154834,Semiconductors,Biotechnology,False
APP,GEHC,0.23161404348438966,Advertising Agencies,Medical Devices,False
BKR,TMUS,0.23156763079610967,Oil & Gas Equipment & Services,Telecom Services,False
CEG,FTNT,0.23154825847132243,Utilities - Independent Power Producers,Software - Infrastructure,False
BKR,MDLZ,0.23143937739274306,Oil & Gas Equipment & Services,Confectioners,False
APP,ROP,0.23131153180917943,Advertising Agencies,Software - Application,False
ABNB,CHTR,0.23127043766067326,Travel Services,Telecom Services,False
CRWD,CSX,0.2312088432533199,Software - Infrastructure,Railroads,False
BIIB,CPRT,0.23118745967524096,Drug Manufacturers - General,Specialty Business Services,False
MNST,TSLA,0.23115544119053483,Beverages - Non-Alcoholic,Auto Manufacturers,False
AEP,CSGP,0.23109949008298378,Utilities - Regulated Electric,Real Estate Services,False
FAST,TEAM,0.23107174083996296,Industrial Distribution,Software - Application,False
DXCM,TTWO,0.23079504313430993,Medical Devices,Electronic Gaming & Multimedia,False
BIIB,CSGP,0.23077736082968284,Drug Manufacturers - General,Real Estate Services,False
PYPL,XEL,0.23072497977820675,Credit Services,Utilities - Regulated Electric,False
EXC,ON,0.23072000787930977,Utilities - Regulated Electric,Semiconductors,False
TSLA,VRSK,0.23067542030321664,Auto Manufacturers,Consulting Services,False
CRWD,VRTX,0.23062556755911942,Software - Infrastructure,Biotechnology,False
BKR,PANW,0.23048218857902167,Oil & Gas Equipment & Services,Software - Infrastructure,False
CHTR,DASH,0.23038729527633206,Telecom Services,Internet Retail,False
MDB,MNST,0.23037820671011033,Software - Infrastructure,Beverages - Non-Alcoholic,False
AVGO,WBD,0.2302772006367982,Semiconductors,Entertainment,False
GILD,PYPL,0.2302128984680034,Drug Manufacturers - General,Credit Services,False
COST,MSTR,0.23019912068592077,Discount Stores,Software - Application,False
CEG,HON,0.23014552215554682,Utilities - Independent Power Producers,Conglomerates,False
ARM,CTSH,0.23009334675818613,Semiconductors,Information Technology Services,False
INTU,KDP,0.22981156611536707,Software - Application,Beverages - Non-Alcoholic,False
CRWD,TMUS,0.22941822797897604,Software - Infrastructure,Telecom Services,False
FAST,MSTR,0.22939388903449506,Industrial Distribution,Software - Application,False
APP,ROST,0.22935285361203037,Advertising Agencies,Apparel Retail,False
AMZN,BIIB,0.22919611909638685,Internet Retail,Drug Manufacturers - General,False
CHTR,TSLA,0.2291137815647735,Telecom Services,Auto Manufacturers,False
AEP,CHTR,0.22904331516667295,Utilities - Regulated Electric,Telecom Services,False
DXCM,MAR,0.22888305778735182,Medical Devices,Lodging,False
AZN,QCOM,0.2288060151076994,Drug Manufacturers - General,Semiconductors,False
CMCSA,PANW,0.22878096624523733,Telecom Services,Software - Infrastructure,False
CEG,LIN,0.2285801318944415,Utilities - Independent Power Producers,Specialty Chemicals,False
EXC,VRTX,0.22854867424610747,Utilities - Regulated Electric,Biotechnology,False
ASML,EXC,0.2285413058106579,Semiconductor Equipment & Materials,Utilities - Regulated Electric,False
CHTR,KHC,0.22853973684019394,Telecom Services,Packaged Foods,False
APP,LIN,0.22847519954457093,Advertising Agencies,Specialty Chemicals,False
AMGN,META,0.22845893131936792,Drug Manufacturers - General,Internet Content & Information,False
AVGO,PEP,0.22843136741987646,Semiconductors,Beverages - Non-Alcoholic,False
COST,REGN,0.2283918127410897,Discount Stores,Biotechnology,False
AVGO,REGN,0.22836873041908148,Semiconductors,Biotechnology,False
ISRG,KHC,0.2283097963332996,Medical Instruments & Supplies,Packaged Foods,False
ADBE,XEL,0.2281302991580799,Software - Application,Utilities - Regulated Electric,False
BIIB,NXPI,0.22811421661676823,Drug Manufacturers - General,Semiconductors,False
AMD,BKR,0.22810646321634823,Semiconductors,Oil & Gas Equipment & Services,False
KDP,TXN,0.2280202402869755,Beverages - Non-Alcoholic,Semiconductors,False
KDP,ON,0.22797216942674584,Beverages - Non-Alcoholic,Semiconductors,False
PDD,TTWO,0.22794871321581625,Internet Retail,Electronic Gaming & Multimedia,False
ADSK,BIIB,0.22766271181666672,Software - Application,Drug Manufacturers - General,False
LULU,PDD,0.22747958861624062,Apparel Retail,Internet Retail,False
ARM,PCAR,0.22747830402276903,Semiconductors,Farm & Heavy Construction Machinery,False
AMGN,NVDA,0.22746793043610425,Drug Manufacturers - General,Semiconductors,False
VRTX,ZS,0.22744812556180238,Biotechnology,Software - Infrastructure,False
ASML,BIIB,0.22743136857763352,Semiconductor Equipment & Materials,Drug Manufacturers - General,False
LULU,REGN,0.22728766043425397,Apparel Retail,Biotechnology,False
BIIB,ODFL,0.22720929614698993,Drug Manufacturers - General,Trucking,False
GEHC,PANW,0.22704313487535488,Medical Devices,Software - Infrastructure,False
CPRT,KHC,0.22695561899907307,Specialty Business Services,Packaged Foods,False
ORLY,VRTX,0.22687866384855526,Auto Parts,Biotechnology,False
ON,REGN,0.22684420733603383,Semiconductors,Biotechnology,False
KDP,PCAR,0.22673045457479665,Beverages - Non-Alcoholic,Farm & Heavy Construction Machinery,False
TMUS,TTD,0.22611650709144224,Telecom Services,Advertising Agencies,False
CEG,ON,0.2257264372241897,Utilities - Independent Power Producers,Semiconductors,False
CHTR,PANW,0.22568117595929518,Telecom Services,Software - Infrastructure,False
MDB,VRTX,0.22557807868286303,Software - Infrastructure,Biotechnology,False
CEG,ROP,0.22553896885433114,Utilities - Independent Power Producers,Software - Application,False
ADBE,BKR,0.2254048743552248,Software - Application,Oil & Gas Equipment & Services,False
CTAS,PLTR,0.22537001486026967,Specialty Business Services,Software - Infrastructure,False
CMCSA,MSTR,0.22527118564276746,Telecom Services,Software - Application,False
FANG,INTU,0.22518170469236332,Oil & Gas E&P,Software - Application,False
ADP,PLTR,0.22510841635465112,Software - Application,Software - Infrastructure,False
GEHC,MDB,0.225099465764001,Medical Devices,Software - Infrastructure,False
MELI,REGN,0.2250733526961626,Internet Retail,Biotechnology,False
BIIB,GFS,0.22490644810247407,Drug Manufacturers - General,Semiconductors,False
INTC,XEL,0.22474143757459514,Semiconductors,Utilities - Regulated Electric,False
CSCO,DDOG,0.22473823500420706,Communication Equipment,Software - Application,False
APP,HON,0.22473061099753489,Advertising Agencies,Conglomerates,False
AMZN,MDLZ,0.2245803190901471,Internet Retail,Confectioners,False
EXC,FTNT,0.2244241149964962,Utilities - Regulated Electric,Software - Infrastructure,False
AMGN,NFLX,0.22439324443622066,Drug Manufacturers - General,Entertainment,False
AMD,MNST,0.22433754193745284,Semiconductors,Beverages - Non-Alcoholic,False
CCEP,FTNT,0.22430007550151787,Beverages - Non-Alcoholic,Software - Infrastructure,False
CHTR,TTD,0.22411907779555587,Telecom Services,Advertising Agencies,False
APP,PDD,0.22410774859235097,Advertising Agencies,Internet Retail,False
ROST,TEAM,0.22409061683111367,Apparel Retail,Software - Application,False
AZN,FTNT,0.22378816837561347,Drug Manufacturers - General,Software - Infrastructure,False
BIIB,CHTR,0.2237604340733513,Drug Manufacturers - General,Telecom Services,False
CSX,DXCM,0.22374754501040686,Railroads,Medical Devices,False
GILD,NXPI,0.22367098213232,Drug Manufacturers - General,Semiconductors,False
LULU,WBD,0.22355551904755003,Apparel Retail,Entertainment,False
AMAT,GILD,0.2235385741371421,Semiconductor Equipment & Materials,Drug Manufacturers - General,False
AMGN,LULU,0.22351115555982146,Drug Manufacturers - General,Apparel Retail,False
PCAR,TTWO,0.2234379726390592,Farm & Heavy Construction Machinery,Electronic Gaming & Multimedia,False
CSX,ZS,0.2234007189175586,Railroads,Software - Infrastructure,False
ARM,HON,0.22332632876854294,Semiconductors,Conglomerates,False
CMCSA,TSLA,0.22329422978317645,Telecom Services,Auto Manufacturers,False
CCEP,LULU,0.22315022273881932,Beverages - Non-Alcoholic,Apparel Retail,False
TTD,WBD,0.222923607355741,Advertising Agencies,Entertainment,False
EXC,WDAY,0.22262375153828345,Utilities - Regulated Electric,Software - Application,False
DASH,VRSK,0.2225643611812628,Internet Retail,Consulting Services,False
BKR,WDAY,0.22199273951139037,Oil & Gas Equipment & Services,Software - Application,False
BKR,CHTR,0.2219871840175654,Oil & Gas Equipment & Services,Telecom Services,False
BIIB,QCOM,0.22193749536519114,Drug Manufacturers - General,Semiconductors,False
CEG,SBUX,0.22179795046428613,Utilities - Independent Power Producers,Restaurants,False
PEP,TTWO,0.2214416831837786,Beverages - Non-Alcoholic,Electronic Gaming & Multimedia,False
BKR,LULU,0.22141416639573552,Oil & Gas Equipment & Services,Apparel Retail,False
GILD,SBUX,0.2213815441100841,Drug Manufacturers - General,Restaurants,False
BIIB,SNPS,0.2213441593338658,Drug Manufacturers - General,Software - Infrastructure,False
MDLZ,MU,0.22132901572661134,Confectioners,Semiconductors,False
CEG,IDXX,0.22122813045090597,Utilities - Independent Power Producers,Diagnostics & Research,False
AMZN,ORLY,0.22121496667021115,Internet Retail,Auto Parts,False
BKR,PEP,0.22107831322027782,Oil & Gas Equipment & Services,Beverages - Non-Alcoholic,False
CMCSA,TEAM,0.22101460406003848,Telecom Services,Software - Application,False
CEG,CSX,0.22092113229380567,Utilities - Independent Power Producers,Railroads,False
DXCM,INTC,0.22078658792803607,Medical Devices,Semiconductors,False
BIIB,ON,0.22068803831652775,Drug Manufacturers - General,Semiconductors,False
CEG,TTD,0.22030856142051417,Utilities - Independent Power Producers,Advertising Agencies,False
BIIB,CTAS,0.22023768532606253,Drug Manufacturers - General,Specialty Business Services,False
AEP,TXN,0.22018119313418755,Utilities - Regulated Electric,Semiconductors,False
ODFL,REGN,0.22008685184748242,Trucking,Biotechnology,False
GEHC,GILD,0.21989417284998689,Medical Devices,Drug Manufacturers - General,False
CEG,DASH,0.2197812512906234,Utilities - Independent Power Producers,Internet Retail,False
FTNT,PEP,0.21977176836328083,Software - Infrastructure,Beverages - Non-Alcoholic,False
GILD,KLAC,0.2197350743095403,Drug Manufacturers - General,Semiconductor Equipment & Materials,False
FANG,PYPL,0.21968003425767701,Oil & Gas E&P,Credit Services,False
DXCM,REGN,0.2195824764602179,Medical Devices,Biotechnology,False
NFLX,ROST,0.21950426175232557,Entertainment,Apparel Retail,False
LIN,MSTR,0.21924589423209218,Specialty Chemicals,Software - Application,False
CTAS,REGN,0.2191750458880892,Specialty Business Services,Biotechnology,False
BKNG,PDD,0.21895550308294218,Travel Services,Internet Retail,False
BIIB,LRCX,0.2188544085580553,Drug Manufacturers - General,Semiconductor Equipment & Materials,False
MRVL,REGN,0.21872196898183285,Semiconductors,Biotechnology,False
ARM,WBD,0.21862676518961768,Semiconductors,Entertainment,False
META,PEP,0.2184825266152337,Internet Content & Information,Beverages - Non-Alcoholic,False
CHTR,CRWD,0.2183803496010649,Telecom Services,Software - Infrastructure,False
AZN,NVDA,0.21811551769000556,Drug Manufacturers - General,Semiconductors,False
GILD,ODFL,0.21799664511428493,Drug Manufacturers - General,Trucking,False
CEG,MDB,0.2179134933583535,Utilities - Independent Power Producers,Software - Infrastructure,False
CCEP,PANW,0.21786520898825532,Beverages - Non-Alcoholic,Software - Infrastructure,False
CSGP,FANG,0.21775434972769175,Real Estate Services,Oil & Gas E&P,False
AMGN,MELI,0.21772562191679357,Drug Manufacturers - General,Internet Retail,False
AZN,MU,0.2177037927167505,Drug Manufacturers - General,Semiconductors,False
CEG,MSTR,0.217631884895692,Utilities - Independent Power Producers,Software - Application,False
GFS,VRTX,0.21743635420619672,Semiconductors,Biotechnology,False
CMCSA,KDP,0.2172484864725446,Telecom Services,Beverages - Non-Alcoholic,False
BKR,META,0.21714877221829812,Oil & Gas Equipment & Services,Internet Content & Information,False
NVDA,ORLY,0.21706724597524352,Semiconductors,Auto Parts,False
CRWD,MNST,0.21705764191544227,Software - Infrastructure,Beverages - Non-Alcoholic,False
FANG,FTNT,0.2169332212276216,Oil & Gas E&P,Software - Infrastructure,False
GEHC,MSTR,0.21688647204729333,Medical Devices,Software - Application,False
MNST,TTD,0.21644901778570225,Beverages - Non-Alcoholic,Advertising Agencies,False
HON,REGN,0.2164382202710786,Conglomerates,Biotechnology,False
CSX,MSTR,0.21636154213863268,Railroads,Software - Application,False
AMZN,PEP,0.21635362776628966,Internet Retail,Beverages - Non-Alcoholic,False
LIN,PLTR,0.21632909390188904,Specialty Chemicals,Software - Infrastructure,False
BIIB,KHC,0.21617216606782094,Drug Manufacturers - General,Packaged Foods,False
GEHC,KHC,0.21603647761262085,Medical Devices,Packaged Foods,False
TEAM,TMUS,0.21582343675422913,Software - Application,Telecom Services,False
CDNS,FANG,0.21566475517731223,Software - Application,Oil & Gas E&P,False
PCAR,TTD,0.21559950032262873,Farm & Heavy Construction Machinery,Advertising Agencies,False
CEG,DDOG,0.21553530519020433,Utilities - Independent Power Producers,Software - Application,False
DXCM,FAST,0.2154202847035985,Medical Devices,Industrial Distribution,False
NFLX,REGN,0.21512488506160007,Entertainment,Biotechnology,False
CHTR,REGN,0.2149264592449612,Telecom Services,Biotechnology,False
GILD,LRCX,0.21469311157793314,Drug Manufacturers - General,Semiconductor Equipment & Materials,False
CSX,TEAM,0.21465010103426296,Railroads,Software - Application,False
GOOGL,KDP,0.21452406890717537,Internet Content & Information,Beverages - Non-Alcoholic,False
AMZN,BKR,0.21448726842038446,Internet Retail,Oil & Gas Equipment & Services,False
KHC,ROST,0.21429155527088975,Packaged Foods,Apparel Retail,False
BKNG,KHC,0.2142097797413448,Travel Services,Packaged Foods,False
CEG,GFS,0.214183039624777,Utilities - Independent Power Producers,Semiconductors,False
ADI,XEL,0.21403088911894408,Semiconductors,Utilities - Regulated Electric,False
ADSK,KHC,0.21391775321668027,Software - Application,Packaged Foods,False
IDXX,WBD,0.21390783616034162,Diagnostics & Research,Entertainment,False
CDNS,XEL,0.21390398469471492,Software - Application,Utilities - Regulated Electric,False
CHTR,GILD,0.21370883044670833,Telecom Services,Drug Manufacturers - General,False
ROST,VRTX,0.21362743887250285,Apparel Retail,Biotechnology,False
CEG,CTSH,0.21354812294386927,Utilities - Independent Power Producers,Information Technology Services,False
MELI,WBD,0.21349586793706435,Internet Retail,Entertainment,False
BIIB,MELI,0.2132711125877052,Drug Manufacturers - General,Internet Retail,False
AMGN,MAR,0.21305234398327297,Drug Manufacturers - General,Lodging,False
CHTR,DDOG,0.212986928279235,Telecom Services,Software - Application,False
GFS,VRSK,0.21277102936252903,Semiconductors,Consulting Services,False
BIIB,COST,0.21273095314763343,Drug Manufacturers - General,Discount Stores,False
CSGP,PDD,0.21259033477355513,Real Estate Services,Internet Retail,False
AEP,ROST,0.2124482610007726,Utilities - Regulated Electric,Apparel Retail,False
CSX,REGN,0.21237455651323014,Railroads,Biotechnology,False
AMD,WBD,0.21220609336857438,Semiconductors,Entertainment,False
FANG,TSLA,0.21217094684489876,Oil & Gas E&P,Auto Manufacturers,False
BKR,MNST,0.21207940238588022,Oil & Gas Equipment & Services,Beverages - Non-Alcoholic,False
KHC,KLAC,0.2119558117711761,Packaged Foods,Semiconductor Equipment & Materials,False
INTC,PDD,0.21194939167361992,Semiconductors,Internet Retail,False
MNST,REGN,0.2116143569909821,Beverages - Non-Alcoholic,Biotechnology,False
ARM,TTWO,0.2115806444871226,Semiconductors,Electronic Gaming & Multimedia,False
AMD,CHTR,0.21157535762040736,Semiconductors,Telecom Services,False
GILD,ORLY,0.2114087553496979,Drug Manufacturers - General,Auto Parts,False
CCEP,VRTX,0.21138789240011055,Beverages - Non-Alcoholic,Biotechnology,False
ADBE,KHC,0.21134899407747526,Software - Application,Packaged Foods,False
CPRT,PDD,0.21134347750281365,Specialty Business Services,Internet Retail,False
MNST,TEAM,0.21080584106993888,Beverages - Non-Alcoholic,Software - Application,False
FANG,NVDA,0.21070021996841715,Oil & Gas E&P,Semiconductors,False
AZN,CMCSA,0.21067778818271052,Drug Manufacturers - General,Telecom Services,False
LIN,ZS,0.21057248243700366,Specialty Chemicals,Software - Infrastructure,False
ADSK,KDP,0.21039527929826674,Software - Application,Beverages - Non-Alcoholic,False
FTNT,PDD,0.21007105982900906,Software - Infrastructure,Internet Retail,False
ARM,ROP,0.21001555399868357,Semiconductors,Software - Application,False
AZN,FAST,0.20994870398348595,Drug Manufacturers - General,Industrial Distribution,False
TEAM,WBD,0.20993781479720972,Software - Application,Entertainment,False
AZN,PCAR,0.20978392116782568,Drug Manufacturers - General,Farm & Heavy Construction Machinery,False
GEHC,MNST,0.2096740541928717,Medical Devices,Beverages - Non-Alcoholic,False
ON,PEP,0.2096450179288454,Semiconductors,Beverages - Non-Alcoholic,False
BIIB,WDAY,0.2095296592180144,Drug Manufacturers - General,Software - Application,False
CEG,ROST,0.20951249866629632,Utilities - Independent Power Producers,Apparel Retail,False
HON,PLTR,0.20949470692599056,Conglomerates,Software - Infrastructure,False
KDP,WDAY,0.2094046869915691,Beverages - Non-Alcoholic,Software - Application,False
PCAR,XEL,0.20921883069055985,Farm & Heavy Construction Machinery,Utilities - Regulated Electric,False
ADBE,ARM,0.20906479777962686,Software - Application,Semiconductors,False
AXON,BKR,0.2086780233271728,Aerospace & Defense,Oil & Gas Equipment & Services,False
FTNT,WBD,0.2086689504998895,Software - Infrastructure,Entertainment,False
DXCM,MSTR,0.20852271970060535,Medical Devices,Software - Application,False
FANG,WDAY,0.2084501323211534,Oil & Gas E&P,Software - Application,False
GOOGL,KHC,0.2084025977536937,Internet Content & Information,Packaged Foods,False
KDP,LULU,0.20834776945458874,Beverages - Non-Alcoholic,Apparel Retail,False
AXON,FANG,0.2081227452999653,Aerospace & Defense,Oil & Gas E&P,False
AZN,NXPI,0.20798998995182463,Drug Manufacturers - General,Semiconductors,False
ARM,PYPL,0.20786700890369114,Semiconductors,Credit Services,False
FANG,PANW,0.20786353522065432,Oil & Gas E&P,Software - Infrastructure,False
FANG,TMUS,0.20781941729943634,Oil & Gas E&P,Telecom Services,False
CMCSA,ZS,0.20777871212377164,Telecom Services,Software - Infrastructure,False
APP,VRSK,0.20759556132318535,Advertising Agencies,Consulting Services,False
CEG,PCAR,0.20750000206119668,Utilities - Independent Power Producers,Farm & Heavy Construction Machinery,False
IDXX,KDP,0.2074761361819409,Diagnostics & Research,Beverages - Non-Alcoholic,False
BIIB,NVDA,0.20739057369662559,Drug Manufacturers - General,Semiconductors,False
CCEP,NVDA,0.20734135505571036,Beverages - Non-Alcoholic,Semiconductors,False
EXC,FANG,0.20727160691416038,Utilities - Regulated Electric,Oil & Gas E&P,False
BKR,TSLA,0.20679062722579872,Oil & Gas Equipment & Services,Auto Manufacturers,False
KDP,PYPL,0.2066068102052299,Beverages - Non-Alcoholic,Credit Services,False
KHC,MAR,0.20652760358829841,Packaged Foods,Lodging,False
AVGO,AZN,0.20651975345407714,Semiconductors,Drug Manufacturers - General,False
CSGP,KHC,0.20648895947552004,Real Estate Services,Packaged Foods,False
SNPS,WBD,0.20640790209997265,Software - Infrastructure,Entertainment,False
REGN,SBUX,0.20633982703111833,Biotechnology,Restaurants,False
BIIB,MU,0.206324485950872,Drug Manufacturers - General,Semiconductors,False
GOOGL,XEL,0.20626915119498732,Internet Content & Information,Utilities - Regulated Electric,False
ARM,FTNT,0.20626517018501747,Semiconductors,Software - Infrastructure,False
BKR,IDXX,0.20624116827717154,Oil & Gas Equipment & Services,Diagnostics & Research,False
CEG,CPRT,0.20611674852835482,Utilities - Independent Power Producers,Specialty Business Services,False
GILD,QCOM,0.2059596991529494,Drug Manufacturers - General,Semiconductors,False
ROST,TTWO,0.20587714241964336,Apparel Retail,Electronic Gaming & Multimedia,False
GEHC,VRTX,0.2058517451899546,Medical Devices,Biotechnology,False
CCEP,GEHC,0.20544155461630026,Beverages - Non-Alcoholic,Medical Devices,False
AMGN,FTNT,0.20534492553879763,Drug Manufacturers - General,Software - Infrastructure,False
GEHC,TTD,0.2052608711978079,Medical Devices,Advertising Agencies,False
CSGP,KDP,0.2051535243772547,Real Estate Services,Beverages - Non-Alcoholic,False
VRSK,WBD,0.20502804321951815,Consulting Services,Entertainment,False
MAR,TTWO,0.2049837910607165,Lodging,Electronic Gaming & Multimedia,False
AZN,CHTR,0.2049467002971024,Drug Manufacturers - General,Telecom Services,False
MDLZ,NVDA,0.20490671593104637,Confectioners,Semiconductors,False
PLTR,ROP,0.20463947956189357,Software - Infrastructure,Software - Application,False
PDD,SBUX,0.2046291558144916,Internet Retail,Restaurants,False
APP,CMCSA,0.20460094113634192,Advertising Agencies,Telecom Services,False
NVDA,WBD,0.20443570281237058,Semiconductors,Entertainment,False
CSX,PLTR,0.20435478973707605,Railroads,Software - Infrastructure,False
BIIB,MRVL,0.20425169155857087,Drug Manufacturers - General,Semiconductors,False
KDP,QCOM,0.2039768398017692,Beverages - Non-Alcoholic,Semiconductors,False
CRWD,ROST,0.2039670229786533,Software - Infrastructure,Apparel Retail,False
ORLY,PANW,0.20392927266366523,Auto Parts,Software - Infrastructure,False
KHC,NXPI,0.20390308969877352,Packaged Foods,Semiconductors,False
PLTR,ROST,0.2037680791896349,Software - Infrastructure,Apparel Retail,False
MDLZ,NFLX,0.2037325453037678,Confectioners,Entertainment,False
KHC,VRTX,0.20368057611790757,Packaged Foods,Biotechnology,False
AMAT,KHC,0.2036770064497623,Semiconductor Equipment & Materials,Packaged Foods,False
GFS,PDD,0.20360263790483657,Semiconductors,Internet Retail,False
TMUS,TSLA,0.20358626395024576,Telecom Services,Auto Manufacturers,False
AZN,PANW,0.20353988695614034,Drug Manufacturers - General,Software - Infrastructure,False
AZN,GEHC,0.2033641477559724,Drug Manufacturers - General,Medical Devices,False
GILD,MU,0.20335754117129087,Drug Manufacturers - General,Semiconductors,False
AZN,KDP,0.20330454759759203,Drug Manufacturers - General,Beverages - Non-Alcoholic,False
NFLX,PCAR,0.20324168048286959,Entertainment,Farm & Heavy Construction Machinery,False
PANW,WBD,0.20323343936845048,Software - Infrastructure,Entertainment,False
CSGP,GILD,0.20305647385887854,Real Estate Services,Drug Manufacturers - General,False
AMD,MDLZ,0.20290329979143923,Semiconductors,Confectioners,False
TMUS,WBD,0.2027001455831043,Telecom Services,Entertainment,False
MAR,VRTX,0.20265627844674483,Lodging,Biotechnology,False
MDLZ,WBD,0.20250303024132257,Confectioners,Entertainment,False
CEG,ODFL,0.202300602123209,Utilities - Independent Power Producers,Trucking,False
AMGN,MRVL,0.20229677989615216,Drug Manufacturers - General,Semiconductors,False
BKR,MELI,0.202276289847544,Oil & Gas Equipment & Services,Internet Retail,False
ADP,CEG,0.2021455590228655,Software - Application,Utilities - Independent Power Producers,False
MAR,ZS,0.20211989497592042,Lodging,Software - Infrastructure,False
KHC,QCOM,0.2020661152897474,Packaged Foods,Semiconductors,False
AZN,META,0.2020423562653376,Drug Manufacturers - General,Internet Content & Information,False
AZN,LULU,0.20177102684446158,Drug Manufacturers - General,Apparel Retail,False
EXC,LULU,0.20173180020813092,Utilities - Regulated Electric,Apparel Retail,False
HON,MDB,0.20158657073046313,Conglomerates,Software - Infrastructure,False
BIIB,LULU,0.200654663667095,Drug Manufacturers - General,Apparel Retail,False
AMGN,PANW,0.20052342620217486,Drug Manufacturers - General,Software - Infrastructure,False
ADSK,XEL,0.20049437977168752,Software - Application,Utilities - Regulated Electric,False
MELI,PEP,0.20046832869004078,Internet Retail,Beverages - Non-Alcoholic,False
CCEP,MRVL,0.200345791262117,Beverages - Non-Alcoholic,Semiconductors,False
REGN,ZS,0.20014934788074434,Biotechnology,Software - Infrastructure,False
AZN,ON,0.1999531811723556,Drug Manufacturers - General,Semiconductors,False
CHTR,KDP,0.19974779888166425,Telecom Services,Beverages - Non-Alcoholic,False
AMD,REGN,0.19926291716053382,Semiconductors,Biotechnology,False
ARM,LIN,0.1989917774857613,Semiconductors,Specialty Chemicals,False
META,ORLY,0.19890189617050746,Internet Content & Information,Auto Parts,False
CRWD,HON,0.19867273619987125,Software - Infrastructure,Conglomerates,False
VRTX,XEL,0.1985665503730368,Biotechnology,Utilities - Regulated Electric,False
BIIB,NFLX,0.1983469212711156,Drug Manufacturers - General,Entertainment,False
BKR,TTD,0.1982684641990694,Oil & Gas Equipment & Services,Advertising Agencies,False
KHC,LRCX,0.1982224952981883,Packaged Foods,Semiconductor Equipment & Materials,False
AZN,NFLX,0.1979698547443466,Drug Manufacturers - General,Entertainment,False
GILD,WDAY,0.19787283113254486,Drug Manufacturers - General,Software - Application,False
EXC,WBD,0.19781310525301304,Utilities - Regulated Electric,Entertainment,False
HON,ZS,0.19770887319986855,Conglomerates,Software - Infrastructure,False
INTU,KHC,0.19759072161375363,Software - Application,Packaged Foods,False
ASML,GILD,0.19742101737419168,Semiconductor Equipment & Materials,Drug Manufacturers - General,False
REGN,TTWO,0.19736740888471233,Biotechnology,Electronic Gaming & Multimedia,False
AMZN,CCEP,0.19729216534476224,Internet Retail,Beverages - Non-Alcoholic,False
GEHC,MDLZ,0.19708062491471226,Medical Devices,Confectioners,False
FANG,TTD,0.19692119441847067,Oil & Gas E&P,Advertising Agencies,False
PANW,REGN,0.19644590650852667,Software - Infrastructure,Biotechnology,False
KDP,MAR,0.19638912227318292,Beverages - Non-Alcoholic,Lodging,False
AZN,ODFL,0.19619930090279575,Drug Manufacturers - General,Trucking,False
BIIB,SBUX,0.19619865536225686,Drug Manufacturers - General,Restaurants,False
CEG,NFLX,0.1961578149839111,Utilities - Independent Power Producers,Entertainment,False
MSTR,PDD,0.19614808259647287,Software - Application,Internet Retail,False
BKNG,XEL,0.1957901461539969,Travel Services,Utilities - Regulated Electric,False
GILD,ROST,0.19576487739742626,Drug Manufacturers - General,Apparel Retail,False
ROST,ZS,0.19573786565133683,Apparel Retail,Software - Infrastructure,False
AMGN,WBD,0.19568885595953311,Drug Manufacturers - General,Entertainment,False
FANG,MELI,0.1955642041248847,Oil & Gas E&P,Internet Retail,False
KDP,MELI,0.19539455264100916,Beverages - Non-Alcoholic,Internet Retail,False
AZN,DXCM,0.19518044257141975,Drug Manufacturers - General,Medical Devices,False
SNPS,XEL,0.19508014190745726,Software - Infrastructure,Utilities - Regulated Electric,False
AZN,TTWO,0.19507176086886063,Drug Manufacturers - General,Electronic Gaming & Multimedia,False
ARM,CTAS,0.1947500781662343,Semiconductors,Specialty Business Services,False
ABNB,VRSK,0.1946576749705994,Travel Services,Consulting Services,False
WBD,ZS,0.19459592705166862,Entertainment,Software - Infrastructure,False
PCAR,TEAM,0.19450061996987866,Farm & Heavy Construction Machinery,Software - Application,False
CMCSA,DDOG,0.19438355048591358,Telecom Services,Software - Application,False
DXCM,KDP,0.19428072673360025,Medical Devices,Beverages - Non-Alcoholic,False
TMUS,ZS,0.19424819787589373,Telecom Services,Software - Infrastructure,False
MDB,WBD,0.19423492356605718,Software - Infrastructure,Entertainment,False
GILD,NFLX,0.1942124497477184,Drug Manufacturers - General,Entertainment,False
TTWO,WBD,0.19412047604123914,Electronic Gaming & Multimedia,Entertainment,False
EXC,MU,0.19408426669685114,Utilities - Regulated Electric,Semiconductors,False
ADBE,FANG,0.1940559183590509,Software - Application,Oil & Gas E&P,False
IDXX,KHC,0.19398156458471338,Diagnostics & Research,Packaged Foods,False
AXON,CHTR,0.1934535959389645,Aerospace & Defense,Telecom Services,False
AVGO,BIIB,0.1934212511552647,Semiconductors,Drug Manufacturers - General,False
AMZN,AZN,0.19326996661039686,Internet Retail,Drug Manufacturers - General,False
BIIB,FTNT,0.193159674283737,Drug Manufacturers - General,Software - Infrastructure,False
CDNS,WBD,0.1930118729317156,Software - Application,Entertainment,False
MU,ORLY,0.192968146550592,Semiconductors,Auto Parts,False
FANG,META,0.19295163429974937,Oil & Gas E&P,Internet Content & Information,False
CDNS,KDP,0.19294002034708221,Software - Application,Beverages - Non-Alcoholic,False
FTNT,KDP,0.19286713761437355,Software - Infrastructure,Beverages - Non-Alcoholic,False
CDNS,GILD,0.19266059182396006,Software - Application,Drug Manufacturers - General,False
EXC,MELI,0.19264258933009534,Utilities - Regulated Electric,Internet Retail,False
BKR,VRTX,0.1925050043349604,Oil & Gas Equipment & Services,Biotechnology,False
APP,CCEP,0.1924774710848504,Advertising Agencies,Beverages - Non-Alcoholic,False
AMZN,GILD,0.19243674031598715,Internet Retail,Drug Manufacturers - General,False
APP,PCAR,0.19238640409553978,Advertising Agencies,Farm & Heavy Construction Machinery,False
FTNT,GEHC,0.19237381979263132,Software - Infrastructure,Medical Devices,False
BKNG,GILD,0.19231899079241277,Travel Services,Drug Manufacturers - General,False
AMGN,TTWO,0.19231506685049568,Drug Manufacturers - General,Electronic Gaming & Multimedia,False
AMD,AMGN,0.19218995863025617,Semiconductors,Drug Manufacturers - General,False
CEG,GEHC,0.19190343122488868,Utilities - Independent Power Producers,Medical Devices,False
ASML,KDP,0.19187426855270645,Semiconductor Equipment & Materials,Beverages - Non-Alcoholic,False
AMD,FANG,0.19142100599625478,Semiconductors,Oil & Gas E&P,False
AZN,ROST,0.19141505208195028,Drug Manufacturers - General,Apparel Retail,False
PCAR,PLTR,0.191414896594528,Farm & Heavy Construction Machinery,Software - Infrastructure,False
AVGO,KHC,0.19135581045231811,Semiconductors,Packaged Foods,False
TSLA,VRTX,0.1911949777310453,Auto Manufacturers,Biotechnology,False
GILD,WBD,0.19104110398833948,Drug Manufacturers - General,Entertainment,False
NFLX,ORLY,0.19101678566378877,Entertainment,Auto Parts,False
ARM,DXCM,0.19099873519502064,Semiconductors,Medical Devices,False
CEG,FAST,0.1909707350580892,Utilities - Independent Power Producers,Industrial Distribution,False
MU,PEP,0.19096607650821878,Semiconductors,Beverages - Non-Alcoholic,False
REGN,TTD,0.19088255665696788,Biotechnology,Advertising Agencies,False
CTSH,PDD,0.19068174574084476,Information Technology Services,Internet Retail,False
CHTR,MDB,0.19041198523132855,Telecom Services,Software - Infrastructure,False
MNST,MSTR,0.19017675530837394,Beverages - Non-Alcoholic,Software - Application,False
FANG,LULU,0.1900153203117798,Oil & Gas E&P,Apparel Retail,False
ARM,PDD,0.1898881838509485,Semiconductors,Internet Retail,False
MAR,PEP,0.18986972403181726,Lodging,Beverages - Non-Alcoholic,False
KLAC,XEL,0.1893781875915087,Semiconductor Equipment & Materials,Utilities - Regulated Electric,False
FANG,SNPS,0.18936254422310891,Oil & Gas E&P,Software - Infrastructure,False
DDOG,TMUS,0.18934168821983333,Software - Application,Telecom Services,False
ADBE,WBD,0.18930511566422792,Software - Application,Entertainment,False
KDP,SNPS,0.18929447987042797,Beverages - Non-Alcoholic,Software - Infrastructure,False
GILD,KDP,0.18920953163101084,Drug Manufacturers - General,Beverages - Non-Alcoholic,False
AZN,DDOG,0.18905764213355705,Drug Manufacturers - General,Software - Application,False
ARM,AXON,0.18892052093640277,Semiconductors,Aerospace & Defense,False
NVDA,PEP,0.1888373727576691,Semiconductors,Beverages - Non-Alcoholic,False
MDLZ,PANW,0.188303890182027,Confectioners,Software - Infrastructure,False
CHTR,MSTR,0.1881912449681683,Telecom Services,Software - Application,False
AEP,INTC,0.18808819747026195,Utilities - Regulated Electric,Semiconductors,False
AZN,TTD,0.18787443744135518,Drug Manufacturers - General,Advertising Agencies,False
KHC,PYPL,0.18775200226318806,Packaged Foods,Credit Services,False
AXON,PDD,0.1875773369191233,Aerospace & Defense,Internet Retail,False
MDB,PCAR,0.1875619331593822,Software - Infrastructure,Farm & Heavy Construction Machinery,False
MDB,TMUS,0.1875114553997356,Software - Infrastructure,Telecom Services,False
CEG,TTWO,0.1874298166263771,Utilities - Independent Power Producers,Electronic Gaming & Multimedia,False
DXCM,PDD,0.18676788400475797,Medical Devices,Internet Retail,False
DDOG,ORLY,0.18674159065670728,Software - Application,Auto Parts,False
MNST,WBD,0.18672127981344624,Beverages - Non-Alcoholic,Entertainment,False
BIIB,BKNG,0.18656386817056672,Drug Manufacturers - General,Travel Services,False
AMZN,FANG,0.18649813055762762,Internet Retail,Oil & Gas E&P,False
AVGO,KDP,0.1859113123990135,Semiconductors,Beverages - Non-Alcoholic,False
MCHP,XEL,0.18561111034351305,Semiconductors,Utilities - Regulated Electric,False
LIN,PDD,0.18535629073718507,Specialty Chemicals,Internet Retail,False
AZN,MDB,0.18528452979621726,Drug Manufacturers - General,Software - Infrastructure,False
DDOG,HON,0.1848092827707901,Software - Application,Conglomerates,False
ORLY,REGN,0.1846888276036074,Auto Parts,Biotechnology,False
REGN,TEAM,0.18436802682337103,Biotechnology,Software - Application,False
MNST,PDD,0.18432806158126472,Beverages - Non-Alcoholic,Internet Retail,False
AZN,MRVL,0.184213289541159,Drug Manufacturers - General,Semiconductors,False
FANG,MSTR,0.18409765967994052,Oil & Gas E&P,Software - Application,False
GFS,REGN,0.18403244831641744,Semiconductors,Biotechnology,False
APP,CHTR,0.1839535929324526,Advertising Agencies,Telecom Services,False
GILD,SNPS,0.18391301370240437,Drug Manufacturers - General,Software - Infrastructure,False
DDOG,VRTX,0.18388248284655043,Software - Application,Biotechnology,False
BIIB,ZS,0.18373477698616625,Drug Manufacturers - General,Software - Infrastructure,False
CDW,PDD,0.18369439051571065,Information Technology Services,Internet Retail,False
BIIB,PANW,0.18302935571095794,Drug Manufacturers - General,Software - Infrastructure,False
AEP,VRTX,0.1825803846657923,Utilities - Regulated Electric,Biotechnology,False
COST,WBD,0.18255725206271556,Discount Stores,Entertainment,False
KHC,REGN,0.18232275626018382,Packaged Foods,Biotechnology,False
BIIB,TTWO,0.18192989683952368,Drug Manufacturers - General,Electronic Gaming & Multimedia,False
KHC,WBD,0.18190143051556742,Packaged Foods,Entertainment,False
AZN,CRWD,0.18182704976753383,Drug Manufacturers - General,Software - Infrastructure,False
AXON,ORLY,0.18153061401696058,Aerospace & Defense,Auto Parts,False
ODFL,XEL,0.1815033897469456,Trucking,Utilities - Regulated Electric,False
MRVL,ORLY,0.18150194965248295,Semiconductors,Auto Parts,False
KDP,ODFL,0.18089372816763805,Beverages - Non-Alcoholic,Trucking,False
CMCSA,CRWD,0.18082553306074983,Telecom Services,Software - Infrastructure,False
GEHC,MELI,0.18077617279718497,Medical Devices,Internet Retail,False
CCEP,MSTR,0.18070342364074607,Beverages - Non-Alcoholic,Software - Application,False
BIIB,DXCM,0.18058038860961242,Drug Manufacturers - General,Medical Devices,False
AMGN,DXCM,0.1805554351700749,Drug Manufacturers - General,Medical Devices,False
GEHC,NFLX,0.18021394507347865,Medical Devices,Entertainment,False
AEP,PYPL,0.17989478703526773,Utilities - Regulated Electric,Credit Services,False
CRWD,WBD,0.17986372976310144,Software - Infrastructure,Entertainment,False
PEP,WBD,0.1797705138635498,Beverages - Non-Alcoholic,Entertainment,False
REGN,XEL,0.1797680598152591,Biotechnology,Utilities - Regulated Electric,False
AMD,CCEP,0.17976528895182275,Semiconductors,Beverages - Non-Alcoholic,False
MDLZ,MRVL,0.1795633334772724,Confectioners,Semiconductors,False
MDLZ,TSLA,0.17948717734382716,Confectioners,Auto Manufacturers,False
AEP,PCAR,0.17935538137590792,Utilities - Regulated Electric,Farm & Heavy Construction Machinery,False
BKNG,KDP,0.179064881920996,Travel Services,Beverages - Non-Alcoholic,False
DXCM,MDLZ,0.17906258801440714,Medical Devices,Confectioners,False
CEG,PAYX,0.179017724130601,Utilities - Independent Power Producers,Software - Application,False
AMAT,KDP,0.1789377729343705,Semiconductor Equipment & Materials,Beverages - Non-Alcoholic,False
BIIB,EXC,0.1788223584948173,Drug Manufacturers - General,Utilities - Regulated Electric,False
GFS,KDP,0.17873178679376128,Semiconductors,Beverages - Non-Alcoholic,False
AMGN,FANG,0.1784565856812597,Drug Manufacturers - General,Oil & Gas E&P,False
GILD,ON,0.17845260444132668,Drug Manufacturers - General,Semiconductors,False
GILD,MELI,0.17839722741255917,Drug Manufacturers - General,Internet Retail,False
DXCM,PCAR,0.17835243396446793,Medical Devices,Farm & Heavy Construction Machinery,False
AMGN,GFS,0.17818676755787982,Drug Manufacturers - General,Semiconductors,False
EXC,REGN,0.17784709508813742,Utilities - Regulated Electric,Biotechnology,False
INTC,KDP,0.1775851552474484,Semiconductors,Beverages - Non-Alcoholic,False
CHTR,FANG,0.1774431581939203,Telecom Services,Oil & Gas E&P,False
DXCM,EXC,0.17710443048825195,Medical Devices,Utilities - Regulated Electric,False
EXC,TTWO,0.1770124389197092,Utilities - Regulated Electric,Electronic Gaming & Multimedia,False
KHC,ON,0.1769736918461156,Packaged Foods,Semiconductors,False
ARM,CSGP,0.17663140214314232,Semiconductors,Real Estate Services,False
CCEP,NFLX,0.1765662977631201,Beverages - Non-Alcoholic,Entertainment,False
PCAR,ZS,0.17626763618884544,Farm & Heavy Construction Machinery,Software - Infrastructure,False
ADBE,CEG,0.17624606697966075,Software - Application,Utilities - Independent Power Producers,False
ARM,CSX,0.17624508072173317,Semiconductors,Railroads,False
CMCSA,MDB,0.17563571625058627,Telecom Services,Software - Infrastructure,False
GFS,TMUS,0.17562497695754084,Semiconductors,Telecom Services,False
MSTR,VRSK,0.17561959448859107,Software - Application,Consulting Services,False
CCEP,TSLA,0.17534956793304232,Beverages - Non-Alcoholic,Auto Manufacturers,False
MDB,REGN,0.1752629141139197,Software - Infrastructure,Biotechnology,False
GILD,LULU,0.17500752509785683,Drug Manufacturers - General,Apparel Retail,False
AMD,AZN,0.17487859356672641,Semiconductors,Drug Manufacturers - General,False
AVGO,GILD,0.17465712918046367,Semiconductors,Drug Manufacturers - General,False
FANG,KHC,0.17423495841433506,Oil & Gas E&P,Packaged Foods,False
ODFL,PDD,0.17410110122413056,Trucking,Internet Retail,False
EXC,NVDA,0.1739127018052771,Utilities - Regulated Electric,Semiconductors,False
KDP,WBD,0.1737277066361318,Beverages - Non-Alcoholic,Entertainment,False
EXC,META,0.17370975206974412,Utilities - Regulated Electric,Internet Content & Information,False
CMCSA,DXCM,0.17366862440710282,Telecom Services,Medical Devices,False
MAR,PDD,0.1732488328390418,Lodging,Internet Retail,False
AEP,BKNG,0.17318240294331713,Utilities - Regulated Electric,Travel Services,False
BKR,COST,0.1730522094277159,Oil & Gas Equipment & Services,Discount Stores,False
BIIB,XEL,0.17296750608249684,Drug Manufacturers - General,Utilities - Regulated Electric,False
CMCSA,PLTR,0.1729326571545697,Telecom Services,Software - Infrastructure,False
FANG,VRSK,0.1726597318695317,Oil & Gas E&P,Consulting Services,False
DDOG,WBD,0.17265853722788763,Software - Application,Entertainment,False
BKR,XEL,0.1724165622948184,Oil & Gas Equipment & Services,Utilities - Regulated Electric,False
DDOG,GEHC,0.17224783225494916,Software - Application,Medical Devices,False
ADBE,AEP,0.1722229540480112,Software - Application,Utilities - Regulated Electric,False
FANG,VRTX,0.172166593054433,Oil & Gas E&P,Biotechnology,False
GEHC,XEL,0.17197362098685112,Medical Devices,Utilities - Regulated Electric,False
AEP,GOOGL,0.17167200338159183,Utilities - Regulated Electric,Internet Content & Information,False
CCEP,TTD,0.17146535712954636,Beverages - Non-Alcoholic,Advertising Agencies,False
AMD,ORLY,0.17127408110355113,Semiconductors,Auto Parts,False
BKNG,REGN,0.17111882276469043,Travel Services,Biotechnology,False
BIIB,ORLY,0.171068483695589,Drug Manufacturers - General,Auto Parts,False
AXON,REGN,0.17089641830500957,Aerospace & Defense,Biotechnology,False
DXCM,ORLY,0.17059555249937086,Medical Devices,Auto Parts,False
BKR,PLTR,0.17051669307340503,Oil & Gas Equipment & Services,Software - Infrastructure,False
BKR,MSTR,0.17004315000639328,Oil & Gas Equipment & Services,Software - Application,False
KDP,LRCX,0.16987418978349045,Beverages - Non-Alcoholic,Semiconductor Equipment & Materials,False
AMD,BIIB,0.1692315318327247,Semiconductors,Drug Manufacturers - General,False
ORLY,TTWO,0.16922633682598934,Auto Parts,Electronic Gaming & Multimedia,False
AMZN,KDP,0.1691925191755099,Internet Retail,Beverages - Non-Alcoholic,False
BIIB,ROST,0.16905376170824535,Drug Manufacturers - General,Apparel Retail,False
AMGN,TSLA,0.16892868683613774,Drug Manufacturers - General,Auto Manufacturers,False
APP,CSX,0.16874006627041163,Advertising Agencies,Railroads,False
REGN,ROST,0.16869650830755004,Biotechnology,Apparel Retail,False
BIIB,MAR,0.16807913464859678,Drug Manufacturers - General,Lodging,False
CCEP,TEAM,0.1678177957865529,Beverages - Non-Alcoholic,Software - Application,False
AXON,EXC,0.16773767420048397,Aerospace & Defense,Utilities - Regulated Electric,False
EXC,PANW,0.16772113502547792,Utilities - Regulated Electric,Software - Infrastructure,False
CEG,PYPL,0.1675671821901793,Utilities - Independent Power Producers,Credit Services,False
CSCO,PDD,0.16753562124841714,Communication Equipment,Internet Retail,False
GILD,META,0.16752188479271227,Drug Manufacturers - General,Internet Content & Information,False
BIIB,DASH,0.16736495824781344,Drug Manufacturers - General,Internet Retail,False
KHC,LULU,0.16694690118929617,Packaged Foods,Apparel Retail,False
AMGN,TEAM,0.1669253967524623,Drug Manufacturers - General,Software - Application,False
CHTR,PLTR,0.1668116352998548,Telecom Services,Software - Infrastructure,False
KDP,TSLA,0.1666361721065544,Beverages - Non-Alcoholic,Auto Manufacturers,False
AZN,BKR,0.16661619689013665,Drug Manufacturers - General,Oil & Gas Equipment & Services,False
BIIB,WBD,0.1664537489387506,Drug Manufacturers - General,Entertainment,False
ORLY,TTD,0.16616092365613674,Auto Parts,Advertising Agencies,False
FTNT,GILD,0.1660848242789641,Software - Infrastructure,Drug Manufacturers - General,False
ADI,AEP,0.1655548449472475,Semiconductors,Utilities - Regulated Electric,False
AZN,MAR,0.16544472060463106,Drug Manufacturers - General,Lodging,False
ORLY,WBD,0.1653600096307708,Auto Parts,Entertainment,False
AXON,WBD,0.1653342131233075,Aerospace & Defense,Entertainment,False
CCEP,TTWO,0.1651925146624687,Beverages - Non-Alcoholic,Electronic Gaming & Multimedia,False
ASML,KHC,0.165146671850225,Semiconductor Equipment & Materials,Packaged Foods,False
BKR,CRWD,0.1650428567858635,Oil & Gas Equipment & Services,Software - Infrastructure,False
AEP,BKR,0.16492243863002715,Utilities - Regulated Electric,Oil & Gas Equipment & Services,False
CDNS,KHC,0.16488675617889023,Software - Application,Packaged Foods,False
GILD,TTWO,0.1647774489533537,Drug Manufacturers - General,Electronic Gaming & Multimedia,False
DXCM,GILD,0.1646443479487956,Medical Devices,Drug Manufacturers - General,False
CEG,CSGP,0.16415804535395442,Utilities - Independent Power Producers,Real Estate Services,False
CRWD,REGN,0.16408131294490483,Software - Infrastructure,Biotechnology,False
QCOM,XEL,0.16396624459035922,Semiconductors,Utilities - Regulated Electric,False
AEP,KLAC,0.16379008138531054,Utilities - Regulated Electric,Semiconductor Equipment & Materials,False
MDB,ORLY,0.16373936107933704,Software - Infrastructure,Auto Parts,False
AMD,PEP,0.16366059482645617,Semiconductors,Beverages - Non-Alcoholic,False
MSTR,TMUS,0.1636326490154088,Software - Application,Telecom Services,False
AZN,TEAM,0.16362275841361534,Drug Manufacturers - General,Software - Application,False
KHC,MU,0.16352273912754117,Packaged Foods,Semiconductors,False
FANG,MNST,0.1630951722510431,Oil & Gas E&P,Beverages - Non-Alcoholic,False
VRTX,WBD,0.16305057574740467,Biotechnology,Entertainment,False
DASH,TMUS,0.1630168915595471,Internet Retail,Telecom Services,False
NFLX,PEP,0.16284048492092998,Entertainment,Beverages - Non-Alcoholic,False
AXON,MNST,0.1623498981165002,Aerospace & Defense,Beverages - Non-Alcoholic,False
WBD,XEL,0.1623422233212395,Entertainment,Utilities - Regulated Electric,False
AEP,CEG,0.16221855786302286,Utilities - Regulated Electric,Utilities - Independent Power Producers,False
AXON,CCEP,0.16215615552943888,Aerospace & Defense,Beverages - Non-Alcoholic,False
APP,BKR,0.16113574973317174,Advertising Agencies,Oil & Gas Equipment & Services,False
AMAT,XEL,0.16085552382257204,Semiconductor Equipment & Materials,Utilities - Regulated Electric,False
AEP,CDNS,0.16079237087017295,Utilities - Regulated Electric,Software - Application,False
KDP,VRTX,0.16065061197961578,Beverages - Non-Alcoholic,Biotechnology,False
AMZN,EXC,0.1605566443192688,Internet Retail,Utilities - Regulated Electric,False
GFS,GILD,0.16041213061793028,Semiconductors,Drug Manufacturers - General,False
FANG,MDLZ,0.16018632753984716,Oil & Gas E&P,Confectioners,False
CEG,EXC,0.1594734484762746,Utilities - Independent Power Producers,Utilities - Regulated Electric,False
LRCX,XEL,0.1593983880976782,Semiconductor Equipment & Materials,Utilities - Regulated Electric,False
CEG,LULU,0.15928075147184273,Utilities - Independent Power Producers,Apparel Retail,False
FANG,ORLY,0.15899024738556436,Oil & Gas E&P,Auto Parts,False
DDOG,MDLZ,0.15890725514249257,Software - Application,Confectioners,False
EXC,MRVL,0.158877494264972,Utilities - Regulated Electric,Semiconductors,False
TTWO,XEL,0.15873599981428876,Electronic Gaming & Multimedia,Utilities - Regulated Electric,False
BIIB,TTD,0.158524786995678,Drug Manufacturers - General,Advertising Agencies,False
AXON,VRTX,0.15837445445913076,Aerospace & Defense,Biotechnology,False
APP,MNST,0.1582610967161083,Advertising Agencies,Beverages - Non-Alcoholic,False
BIIB,TEAM,0.15804676798930692,Drug Manufacturers - General,Software - Application,False
DXCM,PEP,0.15776827282567596,Medical Devices,Beverages - Non-Alcoholic,False
ARM,FAST,0.15762741516764128,Semiconductors,Industrial Distribution,False
ABNB,BIIB,0.15762061387935183,Travel Services,Drug Manufacturers - General,False
GFS,ORLY,0.15756249513337026,Semiconductors,Auto Parts,False
KDP,KLAC,0.15727962644384003,Beverages - Non-Alcoholic,Semiconductor Equipment & Materials,False
ADSK,AEP,0.1572302498378589,Software - Application,Utilities - Regulated Electric,False
ORLY,TSLA,0.1571039344013331,Auto Parts,Auto Manufacturers,False
CRWD,FANG,0.15694172255929276,Software - Infrastructure,Oil & Gas E&P,False
GEHC,KDP,0.15688695589678203,Medical Devices,Beverages - Non-Alcoholic,False
MNST,PLTR,0.1568223612793789,Beverages - Non-Alcoholic,Software - Infrastructure,False
ARM,BIIB,0.15680942353737998,Semiconductors,Drug Manufacturers - General,False
WDAY,XEL,0.15663822436467467,Software - Application,Utilities - Regulated Electric,False
MRVL,PEP,0.15652863232014347,Semiconductors,Beverages - Non-Alcoholic,False
AZN,ZS,0.1564614063149112,Drug Manufacturers - General,Software - Infrastructure,False
AEP,MCHP,0.1561661187110552,Utilities - Regulated Electric,Semiconductors,False
HON,PDD,0.15600012043553763,Conglomerates,Internet Retail,False
AMD,EXC,0.15593672685366494,Semiconductors,Utilities - Regulated Electric,False
PANW,PEP,0.1548845638513705,Software - Infrastructure,Beverages - Non-Alcoholic,False
PDD,ROST,0.15466435768600506,Internet Retail,Apparel Retail,False
AEP,REGN,0.1544583673016178,Utilities - Regulated Electric,Biotechnology,False
ARM,PAYX,0.15412531704963628,Semiconductors,Software - Application,False
AZN,TSLA,0.1541166013622755,Drug Manufacturers - General,Auto Manufacturers,False
BKR,GILD,0.15411568670202952,Oil & Gas Equipment & Services,Drug Manufacturers - General,False
BIIB,BKR,0.15392151145515828,Drug Manufacturers - General,Oil & Gas Equipment & Services,False
CCEP,MDB,0.15388241226933477,Beverages - Non-Alcoholic,Software - Infrastructure,False
CRWD,ORLY,0.15379711953729688,Software - Infrastructure,Auto Parts,False
GEHC,PDD,0.15339665954040557,Medical Devices,Internet Retail,False
APP,FANG,0.15309308953141368,Advertising Agencies,Oil & Gas E&P,False
CCEP,DDOG,0.15292329732953483,Beverages - Non-Alcoholic,Software - Application,False
BIIB,CRWD,0.15277852352143098,Drug Manufacturers - General,Software - Infrastructure,False
KHC,SNPS,0.15259157036916488,Packaged Foods,Software - Infrastructure,False
CEG,WDAY,0.15235238957549596,Utilities - Independent Power Producers,Software - Application,False
PCAR,PDD,0.15194666639722051,Farm & Heavy Construction Machinery,Internet Retail,False
DDOG,FANG,0.15152060091236355,Software - Application,Oil & Gas E&P,False
GFS,PEP,0.15136966465594956,Semiconductors,Beverages - Non-Alcoholic,False
AEP,ODFL,0.15125535194743925,Utilities - Regulated Electric,Trucking,False
AMD,GILD,0.15083098906459957,Semiconductors,Drug Manufacturers - General,False
CEG,WBD,0.15079081430767932,Utilities - Independent Power Producers,Entertainment,False
APP,TMUS,0.15078311502125918,Advertising Agencies,Telecom Services,False
AEP,BIIB,0.15022652103639447,Utilities - Regulated Electric,Drug Manufacturers - General,False
KDP,META,0.15021551125265287,Beverages - Non-Alcoholic,Internet Content & Information,False
CRWD,PCAR,0.15015833607317056,Software - Infrastructure,Farm & Heavy Construction Machinery,False
FAST,PDD,0.14992255229564516,Industrial Distribution,Internet Retail,False
GILD,TEAM,0.14964422035577502,Drug Manufacturers - General,Software - Application,False
ORLY,ZS,0.14963981694665415,Auto Parts,Software - Infrastructure,False
GILD,TSLA,0.14958783313382784,Drug Manufacturers - General,Auto Manufacturers,False
EXC,TSLA,0.1494726907679588,Utilities - Regulated Electric,Auto Manufacturers,False
FANG,PLTR,0.14942437535845102,Oil & Gas E&P,Software - Infrastructure,False
KDP,MDB,0.14942048587248538,Beverages - Non-Alcoholic,Software - Infrastructure,False
EXC,TTD,0.14923587610080594,Utilities - Regulated Electric,Advertising Agencies,False
FANG,IDXX,0.14922383565885222,Oil & Gas E&P,Diagnostics & Research,False
AEP,WBD,0.14913835183874552,Utilities - Regulated Electric,Entertainment,False
REGN,TSLA,0.1483590630716469,Biotechnology,Auto Manufacturers,False
FANG,KDP,0.14787775405895795,Oil & Gas E&P,Beverages - Non-Alcoholic,False
CTAS,PDD,0.1478297485557296,Specialty Business Services,Internet Retail,False
GILD,MRVL,0.1473955498008045,Drug Manufacturers - General,Semiconductors,False
ADP,ARM,0.14721000792968955,Software - Application,Semiconductors,False
DDOG,PEP,0.1462517830278254,Software - Application,Beverages - Non-Alcoholic,False
BKR,KDP,0.1461204033518916,Oil & Gas Equipment & Services,Beverages - Non-Alcoholic,False
LULU,XEL,0.1459141009009853,Apparel Retail,Utilities - Regulated Electric,False
KDP,NFLX,0.14576561424551823,Beverages - Non-Alcoholic,Entertainment,False
DDOG,PCAR,0.1456059273935688,Software - Application,Farm & Heavy Construction Machinery,False
AEP,SNPS,0.14550934151051312,Utilities - Regulated Electric,Software - Infrastructure,False
AMGN,TTD,0.1455086065889941,Drug Manufacturers - General,Advertising Agencies,False
AMGN,ZS,0.1452037417983462,Drug Manufacturers - General,Software - Infrastructure,False
FTNT,XEL,0.14506518183584866,Software - Infrastructure,Utilities - Regulated Electric,False
DXCM,WBD,0.14487095755863988,Medical Devices,Entertainment,False
KDP,MRVL,0.14447731312385256,Beverages - Non-Alcoholic,Semiconductors,False
KDP,MU,0.14441873048704046,Beverages - Non-Alcoholic,Semiconductors,False
KDP,REGN,0.14440276450205786,Beverages - Non-Alcoholic,Biotechnology,False
CCEP,DXCM,0.14436148112626848,Beverages - Non-Alcoholic,Medical Devices,False
PEP,TSLA,0.1442197901381287,Beverages - Non-Alcoholic,Auto Manufacturers,False
ABNB,VRTX,0.143788157050275,Travel Services,Biotechnology,False
DDOG,REGN,0.14367785578406084,Software - Application,Biotechnology,False
NXPI,XEL,0.14342099054766472,Semiconductors,Utilities - Regulated Electric,False
MSTR,VRTX,0.14340623263735885,Software - Application,Biotechnology,False
GFS,MDLZ,0.14335689232625948,Semiconductors,Confectioners,False
GILD,NVDA,0.1433369952373058,Drug Manufacturers - General,Semiconductors,False
AXON,MDLZ,0.14316542830980486,Aerospace & Defense,Confectioners,False
BIIB,DDOG,0.14309806498391286,Drug Manufacturers - General,Software - Application,False
DDOG,KDP,0.14273693638029053,Software - Application,Beverages - Non-Alcoholic,False
GILD,MAR,0.1427147847039869,Drug Manufacturers - General,Lodging,False
CCEP,REGN,0.1422368845767885,Beverages - Non-Alcoholic,Biotechnology,False
CRWD,KDP,0.14213301134624418,Software - Infrastructure,Beverages - Non-Alcoholic,False
FANG,MDB,0.14205929503179757,Oil & Gas E&P,Software - Infrastructure,False
CMCSA,PDD,0.1418972382321857,Telecom Services,Internet Retail,False
KHC,WDAY,0.14155544882645046,Packaged Foods,Software - Application,False
AMGN,AXON,0.14151159752874537,Drug Manufacturers - General,Aerospace & Defense,False
MDLZ,TTD,0.14143418771429317,Confectioners,Advertising Agencies,False
AVGO,XEL,0.14137389001100256,Semiconductors,Utilities - Regulated Electric,False
PDD,ROP,0.14134833792796414,Internet Retail,Software - Application,False
KDP,PANW,0.14118803260447713,Beverages - Non-Alcoholic,Software - Infrastructure,False
PLTR,VRSK,0.1409014304604748,Software - Infrastructure,Consulting Services,False
GEHC,PEP,0.1407972765080246,Medical Devices,Beverages - Non-Alcoholic,False
KHC,TTWO,0.14078221665108828,Packaged Foods,Electronic Gaming & Multimedia,False
BKR,TTWO,0.14068649429309035,Oil & Gas Equipment & Services,Electronic Gaming & Multimedia,False
META,XEL,0.14035867016832462,Internet Content & Information,Utilities - Regulated Electric,False
BKR,DASH,0.14028496063110052,Oil & Gas Equipment & Services,Internet Retail,False
KDP,TTD,0.14011327717072206,Beverages - Non-Alcoholic,Advertising Agencies,False
DASH,ORLY,0.13978729572301332,Internet Retail,Auto Parts,False
BKR,DDOG,0.13950457789537013,Oil & Gas Equipment & Services,Software - Application,False
AEP,QCOM,0.13949002178725015,Utilities - Regulated Electric,Semiconductors,False
AXON,AZN,0.1393723277443497,Aerospace & Defense,Drug Manufacturers - General,False
AZN,CEG,0.13927838640434176,Drug Manufacturers - General,Utilities - Independent Power Producers,False
KHC,META,0.13918998280341577,Packaged Foods,Internet Content & Information,False
AEP,LRCX,0.13905323704868344,Utilities - Regulated Electric,Semiconductor Equipment & Materials,False
KDP,NVDA,0.139011779632719,Beverages - Non-Alcoholic,Semiconductors,False
AMZN,KHC,0.1386841161878111,Internet Retail,Packaged Foods,False
CHTR,DXCM,0.13849622999286837,Telecom Services,Medical Devices,False
AMZN,XEL,0.13847988020155236,Internet Retail,Utilities - Regulated Electric,False
AXON,BIIB,0.13775796917714447,Aerospace & Defense,Drug Manufacturers - General,False
BIIB,TSLA,0.13753816410166525,Drug Manufacturers - General,Auto Manufacturers,False
APP,VRTX,0.13731246844355957,Advertising Agencies,Biotechnology,False
DASH,FANG,0.13714897241547974,Internet Retail,Oil & Gas E&P,False
AZN,PDD,0.13684303538293324,Drug Manufacturers - General,Internet Retail,False
BKR,MDB,0.13662940606299775,Oil & Gas Equipment & Services,Software - Infrastructure,False
AEP,AMAT,0.13641878108796798,Utilities - Regulated Electric,Semiconductor Equipment & Materials,False
BKR,NFLX,0.1363308358840207,Oil & Gas Equipment & Services,Entertainment,False
PDD,VRTX,0.13609161115308047,Internet Retail,Biotechnology,False
ABNB,TMUS,0.13605649350882412,Travel Services,Telecom Services,False
REGN,WBD,0.1354930660411323,Biotechnology,Entertainment,False
FTNT,KHC,0.13535154724188203,Software - Infrastructure,Packaged Foods,False
KDP,TTWO,0.13532055894424747,Beverages - Non-Alcoholic,Electronic Gaming & Multimedia,False
BIIB,MDB,0.13529441158153863,Drug Manufacturers - General,Software - Infrastructure,False
CCEP,CRWD,0.13516889357304174,Beverages - Non-Alcoholic,Software - Infrastructure,False
CSX,PDD,0.1349478954522931,Railroads,Internet Retail,False
ASML,XEL,0.13473686537941992,Semiconductor Equipment & Materials,Utilities - Regulated Electric,False
DDOG,EXC,0.13469913693703162,Software - Application,Utilities - Regulated Electric,False
BKR,TEAM,0.13454997179707265,Oil & Gas Equipment & Services,Software - Application,False
MDB,MDLZ,0.13412528628692585,Software - Infrastructure,Confectioners,False
BKR,REGN,0.13404016596987847,Oil & Gas Equipment & Services,Biotechnology,False
AXON,KDP,0.13379818059811133,Aerospace & Defense,Beverages - Non-Alcoholic,False
AMGN,MDB,0.13378244447107968,Drug Manufacturers - General,Software - Infrastructure,False
AXON,GEHC,0.13352750501917335,Aerospace & Defense,Medical Devices,False
PDD,WBD,0.1329230064281634,Internet Retail,Entertainment,False
BIIB,CCEP,0.13269079138331538,Drug Manufacturers - General,Beverages - Non-Alcoholic,False
PDD,TMUS,0.1321246423851875,Internet Retail,Telecom Services,False
FANG,PEP,0.13133224326691204,Oil & Gas E&P,Beverages - Non-Alcoholic,False
CEG,DXCM,0.13089610294706028,Utilities - Independent Power Producers,Medical Devices,False
BIIB,KDP,0.13086575023394814,Drug Manufacturers - General,Beverages - Non-Alcoholic,False
APP,BIIB,0.13057098346453158,Advertising Agencies,Drug Manufacturers - General,False
FANG,TEAM,0.13042992272729403,Oil & Gas E&P,Software - Application,False
FANG,GILD,0.13037916069701386,Oil & Gas E&P,Drug Manufacturers - General,False
AZN,FANG,0.12995800586008005,Drug Manufacturers - General,Oil & Gas E&P,False
ARM,CHTR,0.1296272666396808,Semiconductors,Telecom Services,False
PDD,REGN,0.12950010202755424,Internet Retail,Biotechnology,False
PAYX,PDD,0.12889715595493478,Software - Application,Internet Retail,False
MELI,XEL,0.1284173903480523,Internet Retail,Utilities - Regulated Electric,False
DASH,REGN,0.12828253386802416,Internet Retail,Biotechnology,False
BIIB,MSTR,0.12815809617138593,Drug Manufacturers - General,Software - Application,False
BIIB,PDD,0.1280721581431356,Drug Manufacturers - General,Internet Retail,False
AEP,WDAY,0.12805576144552594,Utilities - Regulated Electric,Software - Application,False
PEP,TTD,0.12794903854486261,Beverages - Non-Alcoholic,Advertising Agencies,False
MDLZ,ZS,0.12780186721429687,Confectioners,Software - Infrastructure,False
ADP,PDD,0.12751330332925012,Software - Application,Internet Retail,False
KHC,NVDA,0.12730206209404485,Packaged Foods,Semiconductors,False
MDB,PEP,0.1265070333371561,Software - Infrastructure,Beverages - Non-Alcoholic,False
DXCM,FANG,0.1263587582733303,Medical Devices,Oil & Gas E&P,False
AMGN,MSTR,0.12576601020544312,Drug Manufacturers - General,Software - Application,False
AXON,PEP,0.12570503005238334,Aerospace & Defense,Beverages - Non-Alcoholic,False
MSTR,ORLY,0.12490502113084624,Software - Application,Auto Parts,False
MDLZ,TEAM,0.12460841714881611,Confectioners,Software - Application,False
AEP,TTWO,0.12419527402702293,Utilities - Regulated Electric,Electronic Gaming & Multimedia,False
DXCM,XEL,0.12368192546847545,Medical Devices,Utilities - Regulated Electric,False
CHTR,PDD,0.12356274943252901,Telecom Services,Internet Retail,False
BKR,ZS,0.12283976541722946,Oil & Gas Equipment & Services,Software - Infrastructure,False
CEG,TMUS,0.12282632815138257,Utilities - Independent Power Producers,Telecom Services,False
ORLY,TEAM,0.12278787822500128,Auto Parts,Software - Application,False
CCEP,ZS,0.12233581296044363,Beverages - Non-Alcoholic,Software - Infrastructure,False
KHC,TSLA,0.12222823981257544,Packaged Foods,Auto Manufacturers,False
AZN,WBD,0.12138418837019874,Drug Manufacturers - General,Entertainment,False
GILD,PANW,0.12123821476577082,Drug Manufacturers - General,Software - Infrastructure,False
ARM,REGN,0.12086202312569538,Semiconductors,Biotechnology,False
COST,PDD,0.12080465586765039,Discount Stores,Internet Retail,False
AEP,META,0.12079950999518216,Utilities - Regulated Electric,Internet Content & Information,False
AZN,DASH,0.12051151175504815,Drug Manufacturers - General,Internet Retail,False
EXC,MDB,0.1202067257225465,Utilities - Regulated Electric,Software - Infrastructure,False
CRWD,EXC,0.11951958269210981,Software - Infrastructure,Utilities - Regulated Electric,False
FANG,PDD,0.11950582869873508,Oil & Gas E&P,Internet Retail,False
AMD,KDP,0.11946943619782388,Semiconductors,Beverages - Non-Alcoholic,False
PDD,VRSK,0.11894451380527968,Internet Retail,Consulting Services,False
CEG,XEL,0.11879820050901736,Utilities - Independent Power Producers,Utilities - Regulated Electric,False
MAR,XEL,0.11803181396906849,Lodging,Utilities - Regulated Electric,False
AEP,NXPI,0.11779646364856713,Utilities - Regulated Electric,Semiconductors,False
BKR,DXCM,0.11677219673331639,Oil & Gas Equipment & Services,Medical Devices,False
DXCM,KHC,0.11609946997821056,Medical Devices,Packaged Foods,False
FANG,TTWO,0.11602822505321952,Oil & Gas E&P,Electronic Gaming & Multimedia,False
GEHC,ORLY,0.11574623086001556,Medical Devices,Auto Parts,False
DASH,VRTX,0.115525394579915,Internet Retail,Biotechnology,False
AEP,AVGO,0.11495543484451838,Utilities - Regulated Electric,Semiconductors,False
AMD,KHC,0.11467534084168211,Semiconductors,Packaged Foods,False
FANG,REGN,0.11451937863195044,Oil & Gas E&P,Biotechnology,False
FANG,NFLX,0.1136818113252459,Oil & Gas E&P,Entertainment,False
AEP,AMZN,0.1136163647664923,Utilities - Regulated Electric,Internet Retail,False
EXC,NFLX,0.11360651098655276,Utilities - Regulated Electric,Entertainment,False
KHC,MELI,0.11336564502965873,Packaged Foods,Internet Retail,False
ABNB,REGN,0.11312317803636901,Travel Services,Biotechnology,False
KHC,PANW,0.11312103636143227,Packaged Foods,Software - Infrastructure,False
PLTR,VRTX,0.11307288468662663,Software - Infrastructure,Biotechnology,False
ABNB,ORLY,0.1127456950236757,Travel Services,Auto Parts,False
ARM,VRTX,0.11216790369431312,Semiconductors,Biotechnology,False
AEP,GEHC,0.11206091696225554,Utilities - Regulated Electric,Medical Devices,False
PEP,TEAM,0.11178037673095972,Beverages - Non-Alcoholic,Software - Application,False
KDP,ZS,0.11125246250979971,Beverages - Non-Alcoholic,Software - Infrastructure,False
APP,AZN,0.11111668790473456,Advertising Agencies,Drug Manufacturers - General,False
EXC,TEAM,0.11100715743841198,Utilities - Regulated Electric,Software - Application,False
AXON,GILD,0.11045217852010628,Aerospace & Defense,Drug Manufacturers - General,False
EXC,MSTR,0.11023006135856792,Utilities - Regulated Electric,Software - Application,False
GILD,ZS,0.11016478147758886,Drug Manufacturers - General,Software - Infrastructure,False
NVDA,XEL,0.11002555294123519,Semiconductors,Utilities - Regulated Electric,False
MDLZ,MSTR,0.10935071621365035,Confectioners,Software - Application,False
KDP,MSTR,0.10899351548954865,Beverages - Non-Alcoholic,Software - Application,False
MSTR,REGN,0.10886965557990884,Software - Application,Biotechnology,False
AEP,MAR,0.10886936848285872,Utilities - Regulated Electric,Lodging,False
AZN,MSTR,0.10829562116720363,Drug Manufacturers - General,Software - Application,False
PLTR,TMUS,0.10805418044929918,Software - Infrastructure,Telecom Services,False
COST,FANG,0.10773619610968395,Discount Stores,Oil & Gas E&P,False
PEP,ZS,0.10769243724877488,Beverages - Non-Alcoholic,Software - Infrastructure,False
KDP,TEAM,0.10764285039358051,Beverages - Non-Alcoholic,Software - Application,False
AMGN,DDOG,0.1075602971386317,Drug Manufacturers - General,Software - Application,False
ABNB,KDP,0.107469568557513,Travel Services,Beverages - Non-Alcoholic,False
EXC,GEHC,0.107125877471514,Utilities - Regulated Electric,Medical Devices,False
AZN,GFS,0.10710539413171416,Drug Manufacturers - General,Semiconductors,False
AEP,FTNT,0.10696304473489932,Utilities - Regulated Electric,Software - Infrastructure,False
MAR,REGN,0.10692178652096981,Lodging,Biotechnology,False
KHC,MRVL,0.10656765745622833,Packaged Foods,Semiconductors,False
APP,REGN,0.10597919834434949,Advertising Agencies,Biotechnology,False
AMGN,CRWD,0.10571100251498732,Drug Manufacturers - General,Software - Infrastructure,False
ON,XEL,0.10568616547423482,Semiconductors,Utilities - Regulated Electric,False
AMGN,PDD,0.10551353278880864,Drug Manufacturers - General,Internet Retail,False
CCEP,PDD,0.10499070758077679,Beverages - Non-Alcoholic,Internet Retail,False
AEP,MELI,0.10463363018322785,Utilities - Regulated Electric,Internet Retail,False
DASH,MDLZ,0.10397815022505248,Internet Retail,Confectioners,False
TSLA,XEL,0.10376268930396358,Auto Manufacturers,Utilities - Regulated Electric,False
PANW,XEL,0.10336309733483762,Software - Infrastructure,Utilities - Regulated Electric,False
AMGN,ARM,0.10241158309138446,Drug Manufacturers - General,Semiconductors,False
BKR,PDD,0.10214115184431333,Oil & Gas Equipment & Services,Internet Retail,False
AMD,XEL,0.10168633902877425,Semiconductors,Utilities - Regulated Electric,False
TEAM,XEL,0.10157069358037893,Software - Application,Utilities - Regulated Electric,False
FANG,ZS,0.10063482709484604,Oil & Gas E&P,Software - Infrastructure,False
AEP,ASML,0.0991459756006429,Utilities - Regulated Electric,Semiconductor Equipment & Materials,False
NFLX,XEL,0.09912148852705753,Entertainment,Utilities - Regulated Electric,False
ABNB,AZN,0.09840826964813999,Travel Services,Drug Manufacturers - General,False
EXC,GFS,0.09829310225248936,Utilities - Regulated Electric,Semiconductors,False
CRWD,MDLZ,0.09787287509839097,Software - Infrastructure,Confectioners,False
AEP,DXCM,0.09659254586743196,Utilities - Regulated Electric,Medical Devices,False
ABNB,MDLZ,0.09584082384729804,Travel Services,Confectioners,False
DDOG,XEL,0.09529955752885912,Software - Application,Utilities - Regulated Electric,False
BIIB,FANG,0.09515271985420859,Drug Manufacturers - General,Oil & Gas E&P,False
DASH,GILD,0.09495774571955101,Internet Retail,Drug Manufacturers - General,False
PLTR,REGN,0.0948910995777109,Software - Infrastructure,Biotechnology,False
KHC,NFLX,0.09483131557761017,Packaged Foods,Entertainment,False
MRVL,XEL,0.09435087172114823,Semiconductors,Utilities - Regulated Electric,False
GEHC,TMUS,0.09424019033840124,Medical Devices,Telecom Services,False
CEG,VRTX,0.0932115231202763,Utilities - Independent Power Producers,Biotechnology,False
CCEP,PLTR,0.09301729009469167,Beverages - Non-Alcoholic,Software - Infrastructure,False
GILD,MSTR,0.09248087358911236,Drug Manufacturers - General,Software - Application,False
BIIB,PLTR,0.09190080172833263,Drug Manufacturers - General,Software - Infrastructure,False
CEG,PDD,0.09122804386666333,Utilities - Independent Power Producers,Internet Retail,False
AEP,LULU,0.08915349904870006,Utilities - Regulated Electric,Apparel Retail,False
ABNB,GILD,0.08853432655337648,Travel Services,Drug Manufacturers - General,False
APP,ORLY,0.0881652486522055,Advertising Agencies,Auto Parts,False
APP,GILD,0.0875537857819991,Advertising Agencies,Drug Manufacturers - General,False
GFS,KHC,0.08719308619147179,Semiconductors,Packaged Foods,False
GFS,XEL,0.08695798285176096,Semiconductors,Utilities - Regulated Electric,False
MSTR,PEP,0.08681556375424028,Software - Application,Beverages - Non-Alcoholic,False
AEP,AMD,0.08665133084683845,Utilities - Regulated Electric,Semiconductors,False
ARM,CMCSA,0.08654479361722113,Semiconductors,Telecom Services,False
MU,XEL,0.08644877928613204,Semiconductors,Utilities - Regulated Electric,False
AXON,KHC,0.08599862300361759,Aerospace & Defense,Packaged Foods,False
ORLY,PDD,0.08544934306883394,Auto Parts,Internet Retail,False
CEG,REGN,0.08540343366532806,Utilities - Independent Power Producers,Biotechnology,False
CRWD,PEP,0.08463376692359142,Software - Infrastructure,Beverages - Non-Alcoholic,False
MDLZ,PDD,0.08433153277212375,Confectioners,Internet Retail,False
ABNB,PEP,0.08291878455675383,Travel Services,Beverages - Non-Alcoholic,False
AEP,GFS,0.08223159963358931,Utilities - Regulated Electric,Semiconductors,False
GILD,MDB,0.08137516972619713,Drug Manufacturers - General,Software - Infrastructure,False
ABNB,AMGN,0.08044673561785169,Travel Services,Drug Manufacturers - General,False
ARM,CCEP,0.07973324341906675,Semiconductors,Beverages - Non-Alcoholic,False
AXON,XEL,0.07935880854739716,Aerospace & Defense,Utilities - Regulated Electric,False
CEG,ORLY,0.07903478491699197,Utilities - Independent Power Producers,Auto Parts,False
TTD,XEL,0.07876816077857944,Advertising Agencies,Utilities - Regulated Electric,False
DASH,KDP,0.07856165284709954,Internet Retail,Beverages - Non-Alcoholic,False
CEG,CMCSA,0.07800930554129007,Utilities - Independent Power Producers,Telecom Services,False
AEP,TTD,0.07785969981999315,Utilities - Regulated Electric,Advertising Agencies,False
AEP,AXON,0.07571389754791555,Utilities - Regulated Electric,Aerospace & Defense,False
AEP,NFLX,0.074487110714127,Utilities - Regulated Electric,Entertainment,False
AEP,TEAM,0.0740581253743568,Utilities - Regulated Electric,Software - Application,False
GILD,TTD,0.07401999843106595,Drug Manufacturers - General,Advertising Agencies,False
AEP,NVDA,0.07312881653162386,Utilities - Regulated Electric,Semiconductors,False
AEP,MU,0.07174190585570346,Utilities - Regulated Electric,Semiconductors,False
AEP,ON,0.07151068353745929,Utilities - Regulated Electric,Semiconductors,False
AEP,PANW,0.07064302195339876,Utilities - Regulated Electric,Software - Infrastructure,False
BIIB,CEG,0.06993353343206245,Drug Manufacturers - General,Utilities - Independent Power Producers,False
AZN,PLTR,0.06967434681219636,Drug Manufacturers - General,Software - Infrastructure,False
DDOG,GILD,0.06952465757878974,Software - Application,Drug Manufacturers - General,False
CEG,CHTR,0.06915429523583316,Utilities - Independent Power Producers,Telecom Services,False
AEP,MRVL,0.06909251216172219,Utilities - Regulated Electric,Semiconductors,False
KDP,PDD,0.0675371093014207,Beverages - Non-Alcoholic,Internet Retail,False
MDB,XEL,0.06727713431042563,Software - Infrastructure,Utilities - Regulated Electric,False
AEP,DDOG,0.06690174910581305,Utilities - Regulated Electric,Software - Application,False
KHC,MSTR,0.06582564491911434,Packaged Foods,Software - Application,False
EXC,ZS,0.06569226516203777,Utilities - Regulated Electric,Software - Infrastructure,False
DASH,EXC,0.06563712893865675,Internet Retail,Utilities - Regulated Electric,False
MSTR,XEL,0.0647779795594497,Software - Application,Utilities - Regulated Electric,False
PDD,PEP,0.06407486800098115,Internet Retail,Beverages - Non-Alcoholic,False
GILD,PDD,0.06362371589632938,Drug Manufacturers - General,Internet Retail,False
DDOG,KHC,0.06348633511695655,Software - Application,Packaged Foods,False
DASH,PEP,0.06333730047720017,Internet Retail,Beverages - Non-Alcoholic,False
CEG,VRSK,0.06247704705096314,Utilities - Independent Power Producers,Consulting Services,False
AEP,FANG,0.06235080545848959,Utilities - Regulated Electric,Oil & Gas E&P,False
AMGN,DASH,0.05966974592927805,Drug Manufacturers - General,Internet Retail,False
ARM,MNST,0.05922492225170816,Semiconductors,Beverages - Non-Alcoholic,False
AMGN,APP,0.05914832661744426,Drug Manufacturers - General,Advertising Agencies,False
ABNB,EXC,0.05856991057339781,Travel Services,Utilities - Regulated Electric,False
ORLY,PLTR,0.05492353673536851,Auto Parts,Software - Infrastructure,False
FANG,XEL,0.05471243074393557,Oil & Gas E&P,Utilities - Regulated Electric,False
CCEP,CEG,0.04957926063360923,Beverages - Non-Alcoholic,Utilities - Independent Power Producers,False
AEP,MDB,0.047970415672094834,Utilities - Regulated Electric,Software - Infrastructure,False
CRWD,GILD,0.04746658117630358,Software - Infrastructure,Drug Manufacturers - General,False
AEP,DASH,0.047459399850088714,Utilities - Regulated Electric,Internet Retail,False
AEP,TSLA,0.04736751295034664,Utilities - Regulated Electric,Auto Manufacturers,False
EXC,PDD,0.046975028006571426,Utilities - Regulated Electric,Internet Retail,False
KHC,PDD,0.04687523632400599,Packaged Foods,Internet Retail,False
APP,MDLZ,0.04632268514436297,Advertising Agencies,Confectioners,False
CRWD,XEL,0.045837339259556034,Software - Infrastructure,Utilities - Regulated Electric,False
APP,KDP,0.04570118664998848,Advertising Agencies,Beverages - Non-Alcoholic,False
AEP,MSTR,0.04461178358996265,Utilities - Regulated Electric,Software - Application,False
CRWD,KHC,0.04446252445482865,Software - Infrastructure,Packaged Foods,False
AMGN,CEG,0.04400049390201884,Drug Manufacturers - General,Utilities - Independent Power Producers,False
KHC,TEAM,0.04398059946202414,Packaged Foods,Software - Application,False
AMGN,PLTR,0.0428618982452641,Drug Manufacturers - General,Software - Infrastructure,False
XEL,ZS,0.04174880713546604,Utilities - Regulated Electric,Software - Infrastructure,False
ARM,KDP,0.04033207705299889,Semiconductors,Beverages - Non-Alcoholic,False
KHC,ZS,0.03623004540553543,Packaged Foods,Software - Infrastructure,False
EXC,PLTR,0.03356723220506632,Utilities - Regulated Electric,Software - Infrastructure,False
GILD,PLTR,0.03269301452723422,Drug Manufacturers - General,Software - Infrastructure,False
ARM,AZN,0.03206319425572501,Semiconductors,Drug Manufacturers - General,False
DASH,XEL,0.03163841994237895,Internet Retail,Utilities - Regulated Electric,False
ABNB,KHC,0.03113001398013992,Travel Services,Packaged Foods,False
KDP,PLTR,0.030267481032386263,Beverages - Non-Alcoholic,Software - Infrastructure,False
ARM,GILD,0.029990259393976707,Semiconductors,Drug Manufacturers - General,False
CEG,MNST,0.029482183973063056,Utilities - Independent Power Producers,Beverages - Non-Alcoholic,False
CEG,KDP,0.02751803647481736,Utilities - Independent Power Producers,Beverages - Non-Alcoholic,False
APP,EXC,0.021951331551151518,Advertising Agencies,Utilities - Regulated Electric,False
AEP,ZS,0.020194637417111205,Utilities - Regulated Electric,Software - Infrastructure,False
ARM,TMUS,0.01734411392039069,Semiconductors,Telecom Services,False
APP,XEL,0.017054479494435924,Advertising Agencies,Utilities - Regulated Electric,False
KHC,MDB,0.015758520836565714,Packaged Foods,Software - Infrastructure,False
ARM,PEP,0.014484459952588631,Semiconductors,Beverages - Non-Alcoholic,False
CEG,GILD,0.011762657187180987,Utilities - Independent Power Producers,Drug Manufacturers - General,False
ABNB,AEP,0.010825098448926112,Travel Services,Utilities - Regulated Electric,False
AEP,CRWD,0.01038381155454769,Utilities - Regulated Electric,Software - Infrastructure,False
AEP,APP,0.010167823821787879,Utilities - Regulated Electric,Advertising Agencies,False
APP,PEP,0.009142947706354848,Advertising Agencies,Beverages - Non-Alcoholic,False
AEP,PLTR,0.007524387189363165,Utilities - Regulated Electric,Software - Infrastructure,False
ARM,KHC,0.006649333766631164,Semiconductors,Packaged Foods,False
MDLZ,PLTR,0.0022108863651760717,Confectioners,Software - Infrastructure,False
CEG,MDLZ,0.0016076194423444335,Utilities - Independent Power Producers,Confectioners,False
KHC,TTD,-0.002800558208933402,Packaged Foods,Advertising Agencies,False
ARM,VRSK,-0.007416430939527459,Semiconductors,Consulting Services,False
AEP,PDD,-0.013119839780549716,Utilities - Regulated Electric,Internet Retail,False
ABNB,XEL,-0.014093065639005182,Travel Services,Utilities - Regulated Electric,False
PDD,XEL,-0.014643905814937424,Internet Retail,Utilities - Regulated Electric,False
PLTR,XEL,-0.01503450795039071,Software - Infrastructure,Utilities - Regulated Electric,False
DASH,KHC,-0.0195167918878347,Internet Retail,Packaged Foods,False
CEG,KHC,-0.023236784057005928,Utilities - Independent Power Producers,Packaged Foods,False
ARM,MDLZ,-0.023698767222840308,Semiconductors,Confectioners,False
PEP,PLTR,-0.030157039449023357,Beverages - Non-Alcoholic,Software - Infrastructure,False
CEG,PEP,-0.03884346056961689,Utilities - Independent Power Producers,Beverages - Non-Alcoholic,False
KHC,PLTR,-0.05332692575985249,Packaged Foods,Software - Infrastructure,False
APP,KHC,-0.05418259311914848,Advertising Agencies,Packaged Foods,False
ARM,XEL,-0.07217734914315259,Semiconductors,Utilities - Regulated Electric,False
ARM,ORLY,-0.08007827448023576,Semiconductors,Auto Parts,False
AEP,ARM,-0.11899369077975536,Utilities - Regulated Electric,Semiconductors,False
ARM,EXC,-0.13780498513775094,Semiconductors,Utilities - Regulated Electric,False
