Stock_A,Stock_B,Correlation,Industry_A,Industry_B,Same_Industry
CDNS,SNPS,0.8281497911666964,Software - Application,Software - Infrastructure,False
ADI,KLAC,0.7550573799591005,Semiconductors,Semiconductor Equipment & Materials,False
KLAC,NXPI,0.7507384923756385,Semiconductor Equipment & Materials,Semiconductors,False
LRCX,NXPI,0.7493480114723117,Semiconductor Equipment & Materials,Semiconductors,False
LRCX,MU,0.7489411016100868,Semiconductor Equipment & Materials,Semiconductors,False
AMAT,NXPI,0.7466364073822528,Semiconductor Equipment & Materials,Semiconductors,False
KLAC,MCHP,0.7462918525198157,Semiconductor Equipment & Materials,Semiconductors,False
ADI,LRCX,0.7396564465575706,Semiconductors,Semiconductor Equipment & Materials,False
LRCX,MCHP,0.7344939740884494,Semiconductor Equipment & Materials,Semiconductors,False
ADI,AMAT,0.7330582821998902,Semiconductors,Semiconductor Equipment & Materials,False
AMAT,MCHP,0.7305278669436304,Semiconductor Equipment & Materials,Semiconductors,False
KLAC,QCOM,0.7190213510710287,Semiconductor Equipment & Materials,Semiconductors,False
LRCX,QCOM,0.7173071530660146,Semiconductor Equipment & Materials,Semiconductors,False
AMAT,QCOM,0.711371636586086,Semiconductor Equipment & Materials,Semiconductors,False
KLAC,TXN,0.7029917514065498,Semiconductor Equipment & Materials,Semiconductors,False
ASML,NXPI,0.700239848442989,Semiconductor Equipment & Materials,Semiconductors,False
AMAT,ON,0.6951239766179518,Semiconductor Equipment & Materials,Semiconductors,False
KLAC,ON,0.6950101140213362,Semiconductor Equipment & Materials,Semiconductors,False
AMAT,MU,0.694668594096938,Semiconductor Equipment & Materials,Semiconductors,False
LRCX,TXN,0.6942565465790358,Semiconductor Equipment & Materials,Semiconductors,False
LRCX,ON,0.6939581268032854,Semiconductor Equipment & Materials,Semiconductors,False
KLAC,MU,0.6926090960366849,Semiconductor Equipment & Materials,Semiconductors,False
KLAC,NVDA,0.689487203217927,Semiconductor Equipment & Materials,Semiconductors,False
DDOG,MDB,0.6878834990007561,Software - Application,Software - Infrastructure,False
ADI,ASML,0.6864265484170992,Semiconductors,Semiconductor Equipment & Materials,False
AVGO,KLAC,0.6853946986218268,Semiconductors,Semiconductor Equipment & Materials,False
ASML,QCOM,0.6836205950562689,Semiconductor Equipment & Materials,Semiconductors,False
AMAT,TXN,0.683345622378587,Semiconductor Equipment & Materials,Semiconductors,False
ASML,MCHP,0.6829793877203083,Semiconductor Equipment & Materials,Semiconductors,False
LRCX,NVDA,0.6805722664641359,Semiconductor Equipment & Materials,Semiconductors,False
ASML,NVDA,0.6804559493783463,Semiconductor Equipment & Materials,Semiconductors,False
AMAT,NVDA,0.6798027089292441,Semiconductor Equipment & Materials,Semiconductors,False
KLAC,MRVL,0.6791836408315365,Semiconductor Equipment & Materials,Semiconductors,False
AMD,KLAC,0.6762414110339889,Semiconductors,Semiconductor Equipment & Materials,False
AMD,LRCX,0.6754827684675054,Semiconductors,Semiconductor Equipment & Materials,False
AVGO,LRCX,0.6735532600229402,Semiconductors,Semiconductor Equipment & Materials,False
LRCX,MRVL,0.6719186841561272,Semiconductor Equipment & Materials,Semiconductors,False
MDLZ,PEP,0.6693188240474851,Confectioners,Beverages - Non-Alcoholic,False
AMAT,MRVL,0.666858033441718,Semiconductor Equipment & Materials,Semiconductors,False
AMAT,AMD,0.6664250066709123,Semiconductor Equipment & Materials,Semiconductors,False
CDNS,KLAC,0.6589900372563712,Software - Application,Semiconductor Equipment & Materials,False
AMAT,AVGO,0.6566948066903815,Semiconductor Equipment & Materials,Semiconductors,False
BKNG,MAR,0.6564214070625317,Travel Services,Lodging,False
CDNS,NVDA,0.6549134885389499,Software - Application,Semiconductors,False
AMZN,MSFT,0.6547274363169443,Internet Retail,Software - Infrastructure,False
AMD,ASML,0.6523619748761965,Semiconductors,Semiconductor Equipment & Materials,False
ASML,ON,0.6475112422305361,Semiconductor Equipment & Materials,Semiconductors,False
DDOG,ZS,0.646546390083923,Software - Application,Software - Infrastructure,False
ASML,CDNS,0.6455259145467315,Semiconductor Equipment & Materials,Software - Application,False
GOOGL,MSFT,0.6442699289608814,Internet Content & Information,Software - Infrastructure,False
BKR,FANG,0.6435113014631154,Oil & Gas Equipment & Services,Oil & Gas E&P,False
ASML,MRVL,0.6366200009178385,Semiconductor Equipment & Materials,Semiconductors,False
CDNS,LRCX,0.635280548541427,Software - Application,Semiconductor Equipment & Materials,False
AAPL,MSFT,0.633958200317927,Consumer Electronics,Software - Infrastructure,False
ASML,MU,0.6326501537346887,Semiconductor Equipment & Materials,Semiconductors,False
ASML,AVGO,0.6316637742299736,Semiconductor Equipment & Materials,Semiconductors,False
MSFT,NVDA,0.6304549046476001,Software - Infrastructure,Semiconductors,False
AMAT,CDNS,0.6274031702388174,Semiconductor Equipment & Materials,Software - Application,False
ASML,TXN,0.6273336992185814,Semiconductor Equipment & Materials,Semiconductors,False
AMZN,GOOGL,0.6192788646191935,Internet Retail,Internet Content & Information,False
CDNS,MSFT,0.6156031961483678,Software - Application,Software - Infrastructure,False
INTU,MSFT,0.6135035122636752,Software - Application,Software - Infrastructure,False
CRWD,DDOG,0.6061186758936679,Software - Infrastructure,Software - Application,False
KLAC,SNPS,0.6029758284510951,Semiconductor Equipment & Materials,Software - Infrastructure,False
MDB,TEAM,0.6017711774923745,Software - Infrastructure,Software - Application,False
AMZN,META,0.6010261919022065,Internet Retail,Internet Content & Information,False
ADI,CDW,0.5996828200937684,Semiconductors,Information Technology Services,False
CDNS,QCOM,0.5978263369227483,Software - Application,Semiconductors,False
ADBE,MSFT,0.5965339605871055,Software - Application,Software - Infrastructure,False
ASML,SNPS,0.5960764771768221,Semiconductor Equipment & Materials,Software - Infrastructure,False
AMAT,SNPS,0.5944981702202466,Semiconductor Equipment & Materials,Software - Infrastructure,False
NVDA,SNPS,0.5939193726459203,Semiconductors,Software - Infrastructure,False
META,MSFT,0.5919663710888228,Internet Content & Information,Software - Infrastructure,False
ADP,CTAS,0.5918674490051112,Software - Application,Specialty Business Services,False
GFS,KLAC,0.5916996609706702,Semiconductors,Semiconductor Equipment & Materials,False
LRCX,SNPS,0.5910637147717297,Semiconductor Equipment & Materials,Software - Infrastructure,False
GFS,LRCX,0.5910339643795797,Semiconductors,Semiconductor Equipment & Materials,False
INTU,ZS,0.5909146410970189,Software - Application,Software - Infrastructure,False
AMAT,GFS,0.5898015276873926,Semiconductor Equipment & Materials,Semiconductors,False
CDW,NXPI,0.5894360332233836,Information Technology Services,Semiconductors,False
TEAM,ZS,0.5871096564937335,Software - Application,Software - Infrastructure,False
CTAS,ROP,0.5870803498678189,Specialty Business Services,Software - Application,False
CDW,MCHP,0.5858544782833008,Information Technology Services,Semiconductors,False
AVGO,CDNS,0.584370109752428,Semiconductors,Software - Application,False
ADI,CDNS,0.5817639075498746,Semiconductors,Software - Application,False
AMZN,INTU,0.581073312104459,Internet Retail,Software - Application,False
ASML,MSFT,0.5785840073138072,Semiconductor Equipment & Materials,Software - Infrastructure,False
AAPL,GOOGL,0.5785441079554214,Consumer Electronics,Internet Content & Information,False
AMD,CDNS,0.5779781089538144,Semiconductors,Software - Application,False
ADSK,MSFT,0.573628218589751,Software - Application,Software - Infrastructure,False
CDNS,MRVL,0.5732101134508787,Software - Application,Semiconductors,False
INTU,SNPS,0.5727274270508771,Software - Application,Software - Infrastructure,False
KHC,MDLZ,0.5727199279164011,Packaged Foods,Confectioners,False
CDNS,NXPI,0.5723546893091274,Software - Application,Semiconductors,False
CTAS,PAYX,0.5714327747830827,Specialty Business Services,Software - Application,False
AAPL,QCOM,0.5696208172766665,Consumer Electronics,Semiconductors,False
ADSK,CPRT,0.5677699475340527,Software - Application,Specialty Business Services,False
CDNS,MCHP,0.5663278311637455,Software - Application,Semiconductors,False
AAPL,ADI,0.5645506122831384,Consumer Electronics,Semiconductors,False
AAPL,NXPI,0.5628438458604998,Consumer Electronics,Semiconductors,False
WDAY,ZS,0.5626278998875232,Software - Application,Software - Infrastructure,False
AAPL,AMZN,0.561305792502558,Consumer Electronics,Internet Retail,False
CDW,TXN,0.5598563794044772,Information Technology Services,Semiconductors,False
AMD,MSFT,0.5581970532052376,Semiconductors,Software - Infrastructure,False
AMZN,NVDA,0.5571758105888026,Internet Retail,Semiconductors,False
AAPL,MCHP,0.5566263444137678,Consumer Electronics,Semiconductors,False
CTAS,VRSK,0.5544181883480197,Specialty Business Services,Consulting Services,False
KHC,PEP,0.5540388823357275,Packaged Foods,Beverages - Non-Alcoholic,False
ARM,KLAC,0.5539542838842122,Semiconductors,Semiconductor Equipment & Materials,False
ADSK,ZS,0.5530774238337507,Software - Application,Software - Infrastructure,False
ADSK,ASML,0.5524601143373841,Software - Application,Semiconductor Equipment & Materials,False
ARM,LRCX,0.5515342631443875,Semiconductors,Semiconductor Equipment & Materials,False
CDNS,CRWD,0.5509408536312163,Software - Application,Software - Infrastructure,False
ADI,INTU,0.5507086022092336,Semiconductors,Software - Application,False
ADI,ADSK,0.5505073063413234,Semiconductors,Software - Application,False
CDNS,CPRT,0.5503864985626734,Software - Application,Specialty Business Services,False
QCOM,SNPS,0.5467088281094313,Semiconductors,Software - Infrastructure,False
KLAC,MSFT,0.5449855208998509,Semiconductor Equipment & Materials,Software - Infrastructure,False
ABNB,DASH,0.5446718236972169,Travel Services,Internet Retail,False
AMZN,MRVL,0.5443441767972316,Internet Retail,Semiconductors,False
ASML,INTU,0.543925327923177,Semiconductor Equipment & Materials,Software - Application,False
AMZN,DDOG,0.5434515921484254,Internet Retail,Software - Application,False
INTU,NVDA,0.5434145151954347,Software - Application,Semiconductors,False
CSX,ODFL,0.5427986944747896,Railroads,Trucking,False
CDNS,ZS,0.5426258710189776,Software - Application,Software - Infrastructure,False
ABNB,MAR,0.5421084815072724,Travel Services,Lodging,False
AAPL,TXN,0.5420132001339688,Consumer Electronics,Semiconductors,False
AAPL,ASML,0.5419984537991159,Consumer Electronics,Semiconductor Equipment & Materials,False
INTU,KLAC,0.5418902544003966,Software - Application,Semiconductor Equipment & Materials,False
AMAT,ARM,0.540758215343448,Semiconductor Equipment & Materials,Semiconductors,False
CRWD,TEAM,0.5406444645684536,Software - Infrastructure,Software - Application,False
ADP,VRSK,0.5406288541347527,Software - Application,Consulting Services,False
MSFT,WDAY,0.5404001129556024,Software - Infrastructure,Software - Application,False
ASML,GFS,0.5400186244316693,Semiconductor Equipment & Materials,Semiconductors,False
AMAT,MSFT,0.5400164362336567,Semiconductor Equipment & Materials,Software - Infrastructure,False
AMZN,CDNS,0.53978582257068,Internet Retail,Software - Application,False
ADSK,AMZN,0.5390239084651696,Software - Application,Internet Retail,False
NXPI,SNPS,0.5387734672145391,Semiconductors,Software - Infrastructure,False
HON,LIN,0.5386713799760757,Conglomerates,Specialty Chemicals,False
LRCX,MSFT,0.5385705834627481,Semiconductor Equipment & Materials,Software - Infrastructure,False
ADSK,NXPI,0.537641583798037,Software - Application,Semiconductors,False
FAST,ROP,0.5373540496689858,Industrial Distribution,Software - Application,False
ADI,SNPS,0.5367705285594672,Semiconductors,Software - Infrastructure,False
INTU,ISRG,0.5365643150982724,Software - Application,Medical Instruments & Supplies,False
AMZN,ZS,0.5360882603334451,Internet Retail,Software - Infrastructure,False
ADSK,QCOM,0.5360390870264438,Software - Application,Semiconductors,False
ADSK,SNPS,0.5352835162766729,Software - Application,Software - Infrastructure,False
GOOGL,INTU,0.5352725736335482,Internet Content & Information,Software - Application,False
ADSK,PYPL,0.534389196905163,Software - Application,Credit Services,False
ADSK,KLAC,0.5343032164940047,Software - Application,Semiconductor Equipment & Materials,False
AMZN,ASML,0.534254540563299,Internet Retail,Semiconductor Equipment & Materials,False
AMZN,TEAM,0.5341629630735736,Internet Retail,Software - Application,False
CDNS,TXN,0.5338830119113905,Software - Application,Semiconductors,False
HON,PAYX,0.5336836031215033,Conglomerates,Software - Application,False
ADBE,AMZN,0.533453673023571,Software - Application,Internet Retail,False
CDW,KLAC,0.5332768811091119,Information Technology Services,Semiconductor Equipment & Materials,False
CTAS,LIN,0.532828070117241,Specialty Business Services,Specialty Chemicals,False
ADP,FAST,0.532234969363807,Software - Application,Industrial Distribution,False
AAPL,INTU,0.5320968555146895,Consumer Electronics,Software - Application,False
ADSK,AMAT,0.5319104430575379,Software - Application,Semiconductor Equipment & Materials,False
CTAS,FAST,0.531356429323183,Specialty Business Services,Industrial Distribution,False
AAPL,LRCX,0.5303668331104886,Consumer Electronics,Semiconductor Equipment & Materials,False
MRVL,MSFT,0.5303353091209504,Semiconductors,Software - Infrastructure,False
INTU,MDB,0.529881243689648,Software - Application,Software - Infrastructure,False
FAST,PAYX,0.5296546262061418,Industrial Distribution,Software - Application,False
INTU,LRCX,0.5293488113562528,Software - Application,Semiconductor Equipment & Materials,False
CDNS,ON,0.5292444706642971,Software - Application,Semiconductors,False
ADSK,MCHP,0.5291861748727656,Software - Application,Semiconductors,False
ADP,HON,0.5287231275267059,Software - Application,Conglomerates,False
CDW,ON,0.5282679552315449,Information Technology Services,Semiconductors,False
GOOGL,NVDA,0.5276083685035112,Internet Content & Information,Semiconductors,False
MDB,WDAY,0.5270259440485773,Software - Infrastructure,Software - Application,False
ADSK,LRCX,0.5268729664069952,Software - Application,Semiconductor Equipment & Materials,False
ADSK,ISRG,0.5267462427329146,Software - Application,Medical Instruments & Supplies,False
ADI,MSFT,0.5261148680477425,Semiconductors,Software - Infrastructure,False
CTAS,INTU,0.5255165161637846,Specialty Business Services,Software - Application,False
DDOG,MSFT,0.5255018895502052,Software - Application,Software - Infrastructure,False
AAPL,KLAC,0.5246348742757502,Consumer Electronics,Semiconductor Equipment & Materials,False
ADSK,CRWD,0.5245365255640626,Software - Application,Software - Infrastructure,False
INTU,NXPI,0.5245125270979182,Software - Application,Semiconductors,False
AAPL,ADSK,0.5236899470718225,Consumer Electronics,Software - Application,False
AMZN,MDB,0.5235156146937826,Internet Retail,Software - Infrastructure,False
ADSK,NVDA,0.52328771404024,Software - Application,Semiconductors,False
AMD,SNPS,0.5225176185284591,Semiconductors,Software - Infrastructure,False
ISRG,MSFT,0.5220233303560472,Medical Instruments & Supplies,Software - Infrastructure,False
INTC,LRCX,0.5219723170660269,Semiconductors,Semiconductor Equipment & Materials,False
MRVL,SNPS,0.5211104797156524,Semiconductors,Software - Infrastructure,False
AMAT,CDW,0.5210365136845222,Semiconductor Equipment & Materials,Information Technology Services,False
CDNS,MU,0.5206557805231,Software - Application,Semiconductors,False
MCHP,SNPS,0.5205931364542478,Semiconductors,Software - Infrastructure,False
CRWD,NVDA,0.5203923726403564,Software - Infrastructure,Semiconductors,False
CDW,LRCX,0.5202476371371907,Information Technology Services,Semiconductor Equipment & Materials,False
PAYX,VRSK,0.5201486407888259,Software - Application,Consulting Services,False
AAPL,AMAT,0.5200544610534035,Consumer Electronics,Semiconductor Equipment & Materials,False
AMAT,INTC,0.5199444209149373,Semiconductor Equipment & Materials,Semiconductors,False
AAPL,NVDA,0.5198520476265045,Consumer Electronics,Semiconductors,False
AMD,AMZN,0.5198498865212768,Semiconductors,Internet Retail,False
AAPL,ADBE,0.5197614973849176,Consumer Electronics,Software - Application,False
CPRT,INTU,0.5190948306920231,Specialty Business Services,Software - Application,False
INTU,QCOM,0.5190324205105946,Software - Application,Semiconductors,False
ADSK,MDB,0.5183507652816046,Software - Application,Software - Infrastructure,False
CPRT,ROP,0.5183491244722516,Specialty Business Services,Software - Application,False
AMAT,INTU,0.5181054744882362,Semiconductor Equipment & Materials,Software - Application,False
AMZN,CRWD,0.5178938420632491,Internet Retail,Software - Infrastructure,False
ADBE,SNPS,0.5171264742023745,Software - Application,Software - Infrastructure,False
AMD,GOOGL,0.5168703455396938,Semiconductors,Internet Content & Information,False
CTAS,HON,0.5159475609928932,Specialty Business Services,Conglomerates,False
AMZN,WDAY,0.5154646870091416,Internet Retail,Software - Application,False
TTD,ZS,0.5153921281896149,Advertising Agencies,Software - Infrastructure,False
ROP,VRSK,0.5150617503179412,Software - Application,Consulting Services,False
GOOGL,LRCX,0.5145255499695328,Internet Content & Information,Semiconductor Equipment & Materials,False
AVGO,MSFT,0.5132187791930953,Semiconductors,Software - Infrastructure,False
COST,CTAS,0.5131761168339641,Discount Stores,Specialty Business Services,False
MAR,NXPI,0.5131285398271966,Lodging,Semiconductors,False
CDNS,ISRG,0.513014650117755,Software - Application,Medical Instruments & Supplies,False
CDNS,GOOGL,0.5128863652140583,Software - Application,Internet Content & Information,False
AAPL,ON,0.5126746070135858,Consumer Electronics,Semiconductors,False
INTC,KLAC,0.5125607683515018,Semiconductors,Semiconductor Equipment & Materials,False
INTU,MCHP,0.5121796215255205,Software - Application,Semiconductors,False
LIN,PAYX,0.5117660181581929,Specialty Chemicals,Software - Application,False
ADBE,NVDA,0.5114846350635204,Software - Application,Semiconductors,False
ADSK,MELI,0.5110257435076088,Software - Application,Internet Retail,False
ASML,GOOGL,0.5102727842459694,Semiconductor Equipment & Materials,Internet Content & Information,False
CDW,CSCO,0.5102530597675685,Information Technology Services,Communication Equipment,False
MSFT,QCOM,0.5098848407826142,Software - Infrastructure,Semiconductors,False
CPRT,FAST,0.5098635440112963,Specialty Business Services,Industrial Distribution,False
DDOG,TTD,0.5096236024245987,Software - Application,Advertising Agencies,False
CRWD,WDAY,0.5096172654308224,Software - Infrastructure,Software - Application,False
CPRT,MSFT,0.5093101357040669,Specialty Business Services,Software - Infrastructure,False
ASML,CDW,0.509184463388985,Semiconductor Equipment & Materials,Information Technology Services,False
AAPL,CDNS,0.509120969281226,Consumer Electronics,Software - Application,False
CPRT,ODFL,0.5088075654125427,Specialty Business Services,Trucking,False
AMZN,QCOM,0.5085904517718106,Internet Retail,Semiconductors,False
CRWD,INTU,0.507894030874333,Software - Infrastructure,Software - Application,False
ASML,ISRG,0.5078358177813358,Semiconductor Equipment & Materials,Medical Instruments & Supplies,False
CDW,GFS,0.5074825773185201,Information Technology Services,Semiconductors,False
ADBE,CPRT,0.5072939628217702,Software - Application,Specialty Business Services,False
ADP,LIN,0.5070653964699947,Software - Application,Specialty Chemicals,False
INTU,PYPL,0.5062994814477241,Software - Application,Credit Services,False
ADBE,GOOGL,0.5062477122971394,Software - Application,Internet Content & Information,False
AMZN,LRCX,0.5059758674350897,Internet Retail,Semiconductor Equipment & Materials,False
IDXX,ISRG,0.5059293040347036,Diagnostics & Research,Medical Instruments & Supplies,False
FTNT,INTU,0.5055740364931882,Software - Infrastructure,Software - Application,False
ADBE,ZS,0.5054639018503234,Software - Application,Software - Infrastructure,False
ADI,ISRG,0.5053946610161391,Semiconductors,Medical Instruments & Supplies,False
AAPL,AMD,0.5052350463798319,Consumer Electronics,Semiconductors,False
INTU,MELI,0.5050898881928799,Software - Application,Internet Retail,False
AMZN,SNPS,0.5046188068666959,Internet Retail,Software - Infrastructure,False
CDW,QCOM,0.5045685918287053,Information Technology Services,Semiconductors,False
MSFT,NXPI,0.5044262751467711,Software - Infrastructure,Semiconductors,False
GOOGL,KLAC,0.504273909595123,Internet Content & Information,Semiconductor Equipment & Materials,False
LIN,ROP,0.5033633080547111,Specialty Chemicals,Software - Application,False
NVDA,ZS,0.503202769340779,Semiconductors,Software - Infrastructure,False
ADSK,TXN,0.5030638608239407,Software - Application,Semiconductors,False
INTU,TXN,0.5029089643233049,Software - Application,Semiconductors,False
IDXX,INTU,0.5027547165378592,Diagnostics & Research,Software - Application,False
CPRT,SNPS,0.5024378131068452,Specialty Business Services,Software - Infrastructure,False
MCHP,MSFT,0.5017199106268936,Semiconductors,Software - Infrastructure,False
CSX,HON,0.5015463398404046,Railroads,Conglomerates,False
CSX,PAYX,0.501480728577601,Railroads,Software - Application,False
AMZN,PYPL,0.5010409913046082,Internet Retail,Credit Services,False
DASH,ZS,0.5008818689750331,Internet Retail,Software - Infrastructure,False
ADSK,ON,0.500568641403154,Software - Application,Semiconductors,False
AAPL,TSLA,0.5001910778923553,Consumer Electronics,Auto Manufacturers,False
CPRT,WDAY,0.49972428068858976,Specialty Business Services,Software - Application,False
CPRT,NXPI,0.49953932256819883,Specialty Business Services,Semiconductors,False
ADI,CTSH,0.4994546667439738,Semiconductors,Information Technology Services,False
AMAT,AMZN,0.4992532476663906,Semiconductor Equipment & Materials,Internet Retail,False
AMZN,KLAC,0.49830050508089796,Internet Retail,Semiconductor Equipment & Materials,False
META,NVDA,0.49826490554986735,Internet Content & Information,Semiconductors,False
AMAT,GOOGL,0.49781174752746804,Semiconductor Equipment & Materials,Internet Content & Information,False
FAST,ODFL,0.49737220766272405,Industrial Distribution,Trucking,False
ARM,ASML,0.4969988037674389,Semiconductors,Semiconductor Equipment & Materials,False
DASH,PLTR,0.49559001180898943,Internet Retail,Software - Infrastructure,False
ADBE,ASML,0.4952376702739726,Software - Application,Semiconductor Equipment & Materials,False
NXPI,ODFL,0.49460407323459415,Semiconductors,Trucking,False
ADI,AMZN,0.4945353861624083,Semiconductors,Internet Retail,False
CPRT,CSGP,0.4936837790714796,Specialty Business Services,Real Estate Services,False
ADI,MAR,0.49358319563969727,Semiconductors,Lodging,False
ADSK,GOOGL,0.4934954560505114,Software - Application,Internet Content & Information,False
AAPL,ISRG,0.4931013498225349,Consumer Electronics,Medical Instruments & Supplies,False
ON,TSLA,0.4926069363476294,Semiconductors,Auto Manufacturers,False
MELI,ZS,0.49254652333441346,Internet Retail,Software - Infrastructure,False
INTU,META,0.4924704277940181,Software - Application,Internet Content & Information,False
GOOGL,QCOM,0.4923554425171219,Internet Content & Information,Semiconductors,False
ASML,CPRT,0.49232784031175775,Semiconductor Equipment & Materials,Specialty Business Services,False
AAPL,GFS,0.49199478110049893,Consumer Electronics,Semiconductors,False
CPRT,ISRG,0.49160124715425035,Specialty Business Services,Medical Instruments & Supplies,False
CPRT,LIN,0.4915951252934585,Specialty Business Services,Specialty Chemicals,False
CDW,MAR,0.49151654019645785,Information Technology Services,Lodging,False
CTSH,PAYX,0.4911367452999876,Information Technology Services,Software - Application,False
CTSH,ROP,0.49083575351918796,Information Technology Services,Software - Application,False
ADSK,IDXX,0.490592502467857,Software - Application,Diagnostics & Research,False
AAPL,SNPS,0.49056838621554466,Consumer Electronics,Software - Infrastructure,False
FAST,HON,0.4905535535101684,Industrial Distribution,Conglomerates,False
ADSK,CDW,0.49051393802865734,Software - Application,Information Technology Services,False
CRWD,DASH,0.49034314185782363,Software - Infrastructure,Internet Retail,False
SNPS,TXN,0.4894810070245587,Software - Infrastructure,Semiconductors,False
ADP,CPRT,0.4892696893688337,Software - Application,Specialty Business Services,False
CPRT,KLAC,0.48909934479233763,Specialty Business Services,Semiconductor Equipment & Materials,False
ADBE,QCOM,0.48907887941786027,Software - Application,Semiconductors,False
CDNS,MDB,0.48888619137519373,Software - Application,Software - Infrastructure,False
AAPL,META,0.48884238679334396,Consumer Electronics,Internet Content & Information,False
INTU,MRVL,0.4887066845214919,Software - Application,Semiconductors,False
ON,SNPS,0.4884315656164016,Semiconductors,Software - Infrastructure,False
MELI,WDAY,0.48748052623576826,Internet Retail,Software - Application,False
ISRG,SNPS,0.4874353355828803,Medical Instruments & Supplies,Software - Infrastructure,False
AMZN,TTD,0.48714313632193723,Internet Retail,Advertising Agencies,False
DDOG,NVDA,0.4871095538354785,Software - Application,Semiconductors,False
MAR,PCAR,0.4870803023398744,Lodging,Farm & Heavy Construction Machinery,False
MAR,ROST,0.48691959405227275,Lodging,Apparel Retail,False
MSFT,TXN,0.4868431451674992,Software - Infrastructure,Semiconductors,False
CDW,PAYX,0.4867896415706757,Information Technology Services,Software - Application,False
ISRG,KLAC,0.48632539511630674,Medical Instruments & Supplies,Semiconductor Equipment & Materials,False
ADSK,MRVL,0.48629119060935005,Software - Application,Semiconductors,False
CTSH,NXPI,0.4850595264788979,Information Technology Services,Semiconductors,False
AAPL,CTAS,0.48503409229310507,Consumer Electronics,Specialty Business Services,False
ISRG,NVDA,0.48494361529132163,Medical Instruments & Supplies,Semiconductors,False
MAR,MCHP,0.48486965191931747,Lodging,Semiconductors,False
ASML,INTC,0.48475425642360775,Semiconductor Equipment & Materials,Semiconductors,False
AAPL,CPRT,0.4845950299339194,Consumer Electronics,Specialty Business Services,False
ADSK,CTAS,0.48432556141701116,Software - Application,Specialty Business Services,False
CTAS,MSFT,0.4843172007488377,Specialty Business Services,Software - Infrastructure,False
ADI,CPRT,0.48420764709710457,Semiconductors,Specialty Business Services,False
NXPI,TSLA,0.48418101851257833,Semiconductors,Auto Manufacturers,False
HON,ROP,0.4841081482072164,Conglomerates,Software - Application,False
INTU,PANW,0.4836331880612563,Software - Application,Software - Infrastructure,False
ADI,GOOGL,0.4834631365033292,Semiconductors,Internet Content & Information,False
AAPL,CDW,0.4834285661561901,Consumer Electronics,Information Technology Services,False
GOOGL,MRVL,0.48305597066760536,Internet Content & Information,Semiconductors,False
AMD,INTU,0.4830110292346293,Semiconductors,Software - Application,False
ADSK,AMD,0.48288972464534646,Software - Application,Semiconductors,False
CTSH,TXN,0.4828291840486728,Information Technology Services,Semiconductors,False
CDW,INTU,0.4825768065279498,Information Technology Services,Software - Application,False
ADP,CSCO,0.48191372492341783,Software - Application,Communication Equipment,False
DDOG,MELI,0.4817926540417703,Software - Application,Internet Retail,False
CDNS,IDXX,0.4814636669589877,Software - Application,Diagnostics & Research,False
MDB,NVDA,0.48140812551210405,Software - Infrastructure,Semiconductors,False
CPRT,PAYX,0.4812936150610724,Specialty Business Services,Software - Application,False
META,PYPL,0.48113127817327495,Internet Content & Information,Credit Services,False
ODFL,TXN,0.4810612487860038,Trucking,Semiconductors,False
HON,PCAR,0.48094979997181886,Conglomerates,Farm & Heavy Construction Machinery,False
CTSH,MCHP,0.48075436333950194,Information Technology Services,Semiconductors,False
CSX,FAST,0.4805862157134501,Railroads,Industrial Distribution,False
CTAS,TXN,0.48055153472916556,Specialty Business Services,Semiconductors,False
MELI,NVDA,0.480320532070225,Internet Retail,Semiconductors,False
ADSK,FTNT,0.48029880705016387,Software - Application,Software - Infrastructure,False
PYPL,WDAY,0.4802363391513967,Credit Services,Software - Application,False
CCEP,LIN,0.4801246604271095,Beverages - Non-Alcoholic,Specialty Chemicals,False
MCHP,ODFL,0.48009700645022135,Semiconductors,Trucking,False
AMZN,NFLX,0.4799785246632304,Internet Retail,Entertainment,False
CDW,CTAS,0.4792447388765033,Information Technology Services,Specialty Business Services,False
AMZN,ISRG,0.4789570780416369,Internet Retail,Medical Instruments & Supplies,False
HON,MAR,0.47878144301378467,Conglomerates,Lodging,False
AVGO,SNPS,0.4786802030235821,Semiconductors,Software - Infrastructure,False
ASML,META,0.4786439421023219,Semiconductor Equipment & Materials,Internet Content & Information,False
CSCO,PAYX,0.47859914930566344,Communication Equipment,Software - Application,False
ODFL,ROP,0.4784138351929548,Trucking,Software - Application,False
MSFT,TEAM,0.4781451805386499,Software - Infrastructure,Software - Application,False
CSGP,INTU,0.47800432170388607,Real Estate Services,Software - Application,False
ISRG,LRCX,0.4779285889017358,Medical Instruments & Supplies,Semiconductor Equipment & Materials,False
ADSK,CTSH,0.47719272277435043,Software - Application,Information Technology Services,False
ADBE,ADI,0.4769984016127409,Software - Application,Semiconductors,False
AAPL,WDAY,0.4768336815719119,Consumer Electronics,Software - Application,False
TEAM,TTD,0.47680288617609423,Software - Application,Advertising Agencies,False
ADSK,TTD,0.47674790688796725,Software - Application,Advertising Agencies,False
CDNS,GFS,0.47659591536493157,Software - Application,Semiconductors,False
CTSH,INTU,0.4765291935954241,Information Technology Services,Software - Application,False
INTU,TTD,0.47645196050537275,Software - Application,Advertising Agencies,False
DASH,PYPL,0.47635904319741024,Internet Retail,Credit Services,False
AMZN,MCHP,0.47630724509306055,Internet Retail,Semiconductors,False
ADI,CTAS,0.4756984734854765,Semiconductors,Specialty Business Services,False
FAST,LIN,0.4756633592549273,Industrial Distribution,Specialty Chemicals,False
MELI,PYPL,0.47565282140905546,Internet Retail,Credit Services,False
CPRT,MAR,0.4755595256006804,Specialty Business Services,Lodging,False
KDP,MDLZ,0.4752919074363823,Beverages - Non-Alcoholic,Confectioners,False
MSFT,ROP,0.4752680999715059,Software - Infrastructure,Software - Application,False
ADI,CSCO,0.47520415035020575,Semiconductors,Communication Equipment,False
MU,SNPS,0.4751983362477032,Semiconductors,Software - Infrastructure,False
ADSK,DASH,0.47500891832314684,Software - Application,Internet Retail,False
CTSH,MAR,0.4747557444934738,Information Technology Services,Lodging,False
AMZN,CPRT,0.47458084511168647,Internet Retail,Specialty Business Services,False
LIN,MAR,0.47442953680423594,Specialty Chemicals,Lodging,False
ADBE,KLAC,0.474376313601607,Software - Application,Semiconductor Equipment & Materials,False
MELI,MSFT,0.4742405106416443,Internet Retail,Software - Infrastructure,False
PYPL,TTD,0.4741182052045527,Credit Services,Advertising Agencies,False
ADBE,LRCX,0.47396969178025067,Software - Application,Semiconductor Equipment & Materials,False
AAPL,COST,0.4739348721481733,Consumer Electronics,Discount Stores,False
FAST,PCAR,0.4738053762325496,Industrial Distribution,Farm & Heavy Construction Machinery,False
ADI,PYPL,0.4736896636298137,Semiconductors,Credit Services,False
AAPL,MRVL,0.47309806868496224,Consumer Electronics,Semiconductors,False
AMAT,ISRG,0.4729734112229555,Semiconductor Equipment & Materials,Medical Instruments & Supplies,False
ABNB,ADI,0.4729629363693216,Travel Services,Semiconductors,False
SNPS,WDAY,0.4726781536148997,Software - Infrastructure,Software - Application,False
ADBE,NXPI,0.4725774540199411,Software - Application,Semiconductors,False
COST,MSFT,0.47257567440039167,Discount Stores,Software - Infrastructure,False
NXPI,PYPL,0.47236181358382817,Semiconductors,Credit Services,False
DASH,INTU,0.4723408519297205,Internet Retail,Software - Application,False
CDW,PCAR,0.4722057454182237,Information Technology Services,Farm & Heavy Construction Machinery,False
ABNB,AMZN,0.47215125330895,Travel Services,Internet Retail,False
MCHP,PYPL,0.47210515997249547,Semiconductors,Credit Services,False
CDNS,MELI,0.4720620956288153,Software - Application,Internet Retail,False
AMD,CDW,0.47176428407663057,Semiconductors,Information Technology Services,False
DDOG,PANW,0.47153235761420015,Software - Application,Software - Infrastructure,False
AMZN,AVGO,0.47133298614682134,Internet Retail,Semiconductors,False
INTU,ON,0.47116811033515077,Software - Application,Semiconductors,False
AMZN,NXPI,0.4709358175392677,Internet Retail,Semiconductors,False
MDB,TTD,0.4708326436919176,Software - Infrastructure,Advertising Agencies,False
NVDA,PLTR,0.47082148796108086,Semiconductors,Software - Infrastructure,False
ADBE,META,0.470808948646699,Software - Application,Internet Content & Information,False
ABNB,ADSK,0.4707430997012811,Travel Services,Software - Application,False
DDOG,SNPS,0.4706581765448344,Software - Application,Software - Infrastructure,False
AMD,META,0.4706194370567651,Semiconductors,Internet Content & Information,False
CPRT,LRCX,0.470396077138995,Specialty Business Services,Semiconductor Equipment & Materials,False
BKNG,NXPI,0.47032605304333075,Travel Services,Semiconductors,False
ADI,BKNG,0.47027879816072204,Semiconductors,Travel Services,False
CPRT,QCOM,0.4701427525382648,Specialty Business Services,Semiconductors,False
AMAT,CPRT,0.46990724438551984,Semiconductor Equipment & Materials,Specialty Business Services,False
ADSK,AVGO,0.4696005742989079,Software - Application,Semiconductors,False
MAR,ON,0.46955037016293527,Lodging,Semiconductors,False
CSX,CTAS,0.46941958929136623,Railroads,Specialty Business Services,False
CRWD,MELI,0.4692532060898251,Software - Infrastructure,Internet Retail,False
CPRT,MCHP,0.46918251875270645,Specialty Business Services,Semiconductors,False
MCHP,TSLA,0.469182059316515,Semiconductors,Auto Manufacturers,False
DASH,NVDA,0.46913102477336394,Internet Retail,Semiconductors,False
ADBE,PYPL,0.46908223484598155,Software - Application,Credit Services,False
ADBE,AMD,0.46905752711619514,Software - Application,Semiconductors,False
ABNB,NXPI,0.46897282653392025,Travel Services,Semiconductors,False
ADSK,BKNG,0.46895238981968534,Software - Application,Travel Services,False
ADBE,FTNT,0.4689042490216861,Software - Application,Software - Infrastructure,False
ARM,CDNS,0.4688080854108296,Semiconductors,Software - Application,False
PLTR,TSLA,0.4685386383735867,Software - Infrastructure,Auto Manufacturers,False
ADSK,MAR,0.4682844398881842,Software - Application,Lodging,False
PEP,XEL,0.4682235050669274,Beverages - Non-Alcoholic,Utilities - Regulated Electric,False
ADSK,ODFL,0.4680922655136039,Software - Application,Trucking,False
ADBE,MDB,0.4680827963179902,Software - Application,Software - Infrastructure,False
ADI,HON,0.46792496489626384,Semiconductors,Conglomerates,False
KLAC,META,0.4679138183959544,Semiconductor Equipment & Materials,Internet Content & Information,False
COST,ROP,0.4678171391287687,Discount Stores,Software - Application,False
NVDA,TSLA,0.4678169632303554,Semiconductors,Auto Manufacturers,False
CPRT,NVDA,0.4676317771709648,Specialty Business Services,Semiconductors,False
CTAS,ISRG,0.4674780892935181,Specialty Business Services,Medical Instruments & Supplies,False
ISRG,QCOM,0.46739030000847903,Medical Instruments & Supplies,Semiconductors,False
CSX,PCAR,0.4673801635112998,Railroads,Farm & Heavy Construction Machinery,False
DASH,TTD,0.4671397669748059,Internet Retail,Advertising Agencies,False
BKNG,MCHP,0.46713632742556926,Travel Services,Semiconductors,False
ISRG,MCHP,0.46713547932317523,Medical Instruments & Supplies,Semiconductors,False
CDW,CPRT,0.4667574341897068,Information Technology Services,Specialty Business Services,False
CSX,LIN,0.46662400219298905,Railroads,Specialty Chemicals,False
AAPL,CSCO,0.4665440239402679,Consumer Electronics,Communication Equipment,False
DASH,MDB,0.4662327635717967,Internet Retail,Software - Infrastructure,False
ADSK,META,0.4660200648420866,Software - Application,Internet Content & Information,False
LRCX,META,0.46548266924112924,Semiconductor Equipment & Materials,Internet Content & Information,False
CDNS,META,0.4653977828554265,Software - Application,Internet Content & Information,False
CSCO,TXN,0.4653342756166987,Communication Equipment,Semiconductors,False
AAPL,AVGO,0.46521641573400224,Consumer Electronics,Semiconductors,False
ABNB,PYPL,0.4650933481308512,Travel Services,Credit Services,False
NXPI,WDAY,0.46495470579152876,Semiconductors,Software - Application,False
SNPS,TEAM,0.4649280308344824,Software - Infrastructure,Software - Application,False
CDW,ODFL,0.46466261802730097,Information Technology Services,Trucking,False
CRWD,MRVL,0.4644748724343196,Software - Infrastructure,Semiconductors,False
MSFT,ON,0.4643391330369001,Software - Infrastructure,Semiconductors,False
ASML,ZS,0.46432684073956193,Semiconductor Equipment & Materials,Software - Infrastructure,False
CPRT,ZS,0.4634090028040118,Specialty Business Services,Software - Infrastructure,False
ADSK,CSGP,0.46325816732131353,Software - Application,Real Estate Services,False
MELI,TTD,0.4632437174391072,Internet Retail,Advertising Agencies,False
CDW,MRVL,0.4629952640993656,Information Technology Services,Semiconductors,False
AMZN,GFS,0.4628939970735671,Internet Retail,Semiconductors,False
ASML,BKNG,0.46265127490881086,Semiconductor Equipment & Materials,Travel Services,False
GOOGL,SNPS,0.4626512574749217,Internet Content & Information,Software - Infrastructure,False
INTU,NFLX,0.4625147470935007,Software - Application,Entertainment,False
COST,CPRT,0.46245940574335315,Discount Stores,Specialty Business Services,False
MAR,TXN,0.4624072135622284,Lodging,Semiconductors,False
ADI,LIN,0.4622660870871513,Semiconductors,Specialty Chemicals,False
ISRG,NXPI,0.46224121529641465,Medical Instruments & Supplies,Semiconductors,False
AAPL,PYPL,0.4621339399747849,Consumer Electronics,Credit Services,False
CDNS,CDW,0.4620448858399167,Software - Application,Information Technology Services,False
ASML,PYPL,0.46188394903782704,Semiconductor Equipment & Materials,Credit Services,False
CPRT,MELI,0.4617228904125425,Specialty Business Services,Internet Retail,False
NXPI,PCAR,0.4616263287118811,Semiconductors,Farm & Heavy Construction Machinery,False
CDW,HON,0.46142432621798957,Information Technology Services,Conglomerates,False
AMZN,ON,0.46138342751934436,Internet Retail,Semiconductors,False
CTSH,HON,0.4607310522147503,Information Technology Services,Conglomerates,False
ASML,CRWD,0.46067642513809975,Semiconductor Equipment & Materials,Software - Infrastructure,False
CPRT,PYPL,0.46062922960256947,Specialty Business Services,Credit Services,False
CPRT,TXN,0.4606072134733039,Specialty Business Services,Semiconductors,False
ADP,CSX,0.460400929450869,Software - Application,Railroads,False
MDB,MELI,0.4602463102380886,Software - Infrastructure,Internet Retail,False
AVGO,GOOGL,0.4602032714809543,Semiconductors,Internet Content & Information,False
AEP,PEP,0.4598743049855379,Utilities - Regulated Electric,Beverages - Non-Alcoholic,False
ADI,TSLA,0.45979578788268094,Semiconductors,Auto Manufacturers,False
ADBE,CRWD,0.4594779039300228,Software - Application,Software - Infrastructure,False
ABNB,MCHP,0.4594006937962229,Travel Services,Semiconductors,False
HON,TXN,0.4592612520987983,Conglomerates,Semiconductors,False
ADP,CTSH,0.45920758380788607,Software - Application,Information Technology Services,False
AMD,CPRT,0.45911218539731646,Semiconductors,Specialty Business Services,False
PANW,WDAY,0.4589128700194745,Software - Infrastructure,Software - Application,False
LRCX,TSLA,0.4589040810501389,Semiconductor Equipment & Materials,Auto Manufacturers,False
ASML,IDXX,0.4588866428981714,Semiconductor Equipment & Materials,Diagnostics & Research,False
META,NFLX,0.45865489345924615,Internet Content & Information,Entertainment,False
ASML,MELI,0.4585688983218912,Semiconductor Equipment & Materials,Internet Retail,False
AMD,MELI,0.4581551726083484,Semiconductors,Internet Retail,False
CSCO,HON,0.45783559684794317,Communication Equipment,Conglomerates,False
GFS,MSFT,0.45772355864960107,Semiconductors,Software - Infrastructure,False
DDOG,PLTR,0.4577139957498303,Software - Application,Software - Infrastructure,False
ADBE,MCHP,0.4577004884653561,Software - Application,Semiconductors,False
ADBE,ISRG,0.4574265662118058,Software - Application,Medical Instruments & Supplies,False
GFS,ODFL,0.4573556545658481,Semiconductors,Trucking,False
APP,PLTR,0.4572773088378566,Advertising Agencies,Software - Infrastructure,False
ABNB,NVDA,0.4569832847904718,Travel Services,Semiconductors,False
ADI,PCAR,0.4569496026104381,Semiconductors,Farm & Heavy Construction Machinery,False
CTSH,QCOM,0.4568900692016507,Information Technology Services,Semiconductors,False
AAPL,ROP,0.4567206810975536,Consumer Electronics,Software - Application,False
ODFL,PCAR,0.45670445521020275,Trucking,Farm & Heavy Construction Machinery,False
AMD,TSLA,0.45666744330603554,Semiconductors,Auto Manufacturers,False
GOOGL,NXPI,0.45655415458369836,Internet Content & Information,Semiconductors,False
GOOGL,MCHP,0.4565334841004422,Internet Content & Information,Semiconductors,False
DDOG,MRVL,0.45644599841981404,Software - Application,Semiconductors,False
CPRT,HON,0.456388774955215,Specialty Business Services,Conglomerates,False
CDW,SBUX,0.45595081022744866,Information Technology Services,Restaurants,False
ADBE,TXN,0.45593149459815213,Software - Application,Semiconductors,False
CSX,MAR,0.45591801479624117,Railroads,Lodging,False
CPRT,ROST,0.45579683401399274,Specialty Business Services,Apparel Retail,False
AMAT,META,0.4557315928398038,Semiconductor Equipment & Materials,Internet Content & Information,False
CSGP,PYPL,0.4555500127269844,Real Estate Services,Credit Services,False
CSGP,CTAS,0.455488931453395,Real Estate Services,Specialty Business Services,False
AMD,ZS,0.4553846580426416,Semiconductors,Software - Infrastructure,False
CDNS,FTNT,0.4551521525803181,Software - Application,Software - Infrastructure,False
MAR,ODFL,0.45511356037657835,Lodging,Trucking,False
MRVL,TSLA,0.45506098266134054,Semiconductors,Auto Manufacturers,False
ADBE,AMAT,0.45505381259277555,Software - Application,Semiconductor Equipment & Materials,False
CDNS,PANW,0.4549719393538035,Software - Application,Software - Infrastructure,False
CSGP,ROP,0.4549498762109072,Real Estate Services,Software - Application,False
QCOM,TSLA,0.45473354543854133,Semiconductors,Auto Manufacturers,False
GFS,MAR,0.4545683483507048,Semiconductors,Lodging,False
GOOGL,ISRG,0.45444263883877456,Internet Content & Information,Medical Instruments & Supplies,False
KLAC,TSLA,0.45423520492533953,Semiconductor Equipment & Materials,Auto Manufacturers,False
ADI,SBUX,0.45404058454314783,Semiconductors,Restaurants,False
CRWD,TTD,0.4540357305263249,Software - Infrastructure,Advertising Agencies,False
ADP,COST,0.4539761416004483,Software - Application,Discount Stores,False
CPRT,VRSK,0.45394765739867177,Specialty Business Services,Consulting Services,False
AVGO,INTU,0.45393232668248185,Semiconductors,Software - Application,False
AAPL,ZS,0.4536537358708807,Consumer Electronics,Software - Infrastructure,False
ADI,IDXX,0.453573568013458,Semiconductors,Diagnostics & Research,False
CSX,CTSH,0.4533553799216012,Railroads,Information Technology Services,False
ISRG,MRVL,0.4532732803865167,Medical Instruments & Supplies,Semiconductors,False
ABNB,DDOG,0.4530164604548899,Travel Services,Software - Application,False
AMZN,PLTR,0.45298688076753746,Internet Retail,Software - Infrastructure,False
CTAS,ODFL,0.45292304609586453,Specialty Business Services,Trucking,False
AMAT,MAR,0.45289812482010716,Semiconductor Equipment & Materials,Lodging,False
CDNS,CTAS,0.45273937893684946,Software - Application,Specialty Business Services,False
ABNB,MELI,0.45253088761844595,Travel Services,Internet Retail,False
CSX,ROP,0.45237434339996446,Railroads,Software - Application,False
FTNT,ISRG,0.4523336636466884,Software - Infrastructure,Medical Instruments & Supplies,False
ABNB,MDB,0.45227331123774445,Travel Services,Software - Infrastructure,False
BKNG,INTU,0.45220452978374476,Travel Services,Software - Application,False
FTNT,WDAY,0.452182223195478,Software - Infrastructure,Software - Application,False
DASH,META,0.4520912655314933,Internet Retail,Internet Content & Information,False
BKNG,KLAC,0.45203923120955997,Travel Services,Semiconductor Equipment & Materials,False
LULU,NXPI,0.45173226622196966,Apparel Retail,Semiconductors,False
AMZN,TXN,0.451672706675103,Internet Retail,Semiconductors,False
LRCX,MAR,0.4514530217547034,Semiconductor Equipment & Materials,Lodging,False
ABNB,ZS,0.4512995114934757,Travel Services,Software - Infrastructure,False
IDXX,MSFT,0.4512741600135408,Diagnostics & Research,Software - Infrastructure,False
MELI,TEAM,0.45121107184085,Internet Retail,Software - Application,False
META,MRVL,0.4511646539548194,Internet Content & Information,Semiconductors,False
META,QCOM,0.4510536670988841,Internet Content & Information,Semiconductors,False
CSX,TXN,0.4509879448688823,Railroads,Semiconductors,False
AMD,DDOG,0.4509722558055236,Semiconductors,Software - Application,False
PCAR,TXN,0.45093817028308114,Farm & Heavy Construction Machinery,Semiconductors,False
CRWD,KLAC,0.45047724623294016,Software - Infrastructure,Semiconductor Equipment & Materials,False
PYPL,TEAM,0.45043607433634514,Credit Services,Software - Application,False
CDW,MU,0.4503645865329036,Information Technology Services,Semiconductors,False
ASML,DASH,0.4503150271614131,Semiconductor Equipment & Materials,Internet Retail,False
CSCO,NXPI,0.4502877566321219,Communication Equipment,Semiconductors,False
CDW,CSX,0.45007855730191965,Information Technology Services,Railroads,False
KDP,KHC,0.4499784531739535,Beverages - Non-Alcoholic,Packaged Foods,False
AAPL,ADP,0.44991773342018965,Consumer Electronics,Software - Application,False
ISRG,TXN,0.4498716093265387,Medical Instruments & Supplies,Semiconductors,False
CTAS,CTSH,0.44985003888190683,Specialty Business Services,Information Technology Services,False
CCEP,MDLZ,0.4495818996250997,Beverages - Non-Alcoholic,Confectioners,False
BKNG,LRCX,0.4495529152469659,Travel Services,Semiconductor Equipment & Materials,False
CPRT,LULU,0.4493555970279881,Specialty Business Services,Apparel Retail,False
AMZN,LULU,0.4493473598580872,Internet Retail,Apparel Retail,False
ADBE,CTAS,0.44912158970060395,Software - Application,Specialty Business Services,False
AMD,CRWD,0.4489498078192758,Semiconductors,Software - Infrastructure,False
MDB,MRVL,0.4489070843650437,Software - Infrastructure,Semiconductors,False
AAPL,CTSH,0.4487361440879015,Consumer Electronics,Information Technology Services,False
AMZN,TSLA,0.44860870846321027,Internet Retail,Auto Manufacturers,False
ADI,META,0.4485340732907516,Semiconductors,Internet Content & Information,False
COST,ISRG,0.4481903623590985,Discount Stores,Medical Instruments & Supplies,False
AVGO,CDW,0.44807890083859486,Semiconductors,Information Technology Services,False
ABNB,INTU,0.4479901644400821,Travel Services,Software - Application,False
ADSK,GFS,0.4479889099870213,Software - Application,Semiconductors,False
NVDA,WDAY,0.447984330918384,Semiconductors,Software - Application,False
PAYX,TXN,0.4479365575672952,Software - Application,Semiconductors,False
CDNS,PLTR,0.4479135993855239,Software - Application,Software - Infrastructure,False
MCHP,WDAY,0.44786068837602117,Semiconductors,Software - Application,False
CSCO,CTAS,0.4478230449620073,Communication Equipment,Specialty Business Services,False
MSFT,NFLX,0.44781810577998354,Software - Infrastructure,Entertainment,False
IDXX,NXPI,0.44775509521160306,Diagnostics & Research,Semiconductors,False
PYPL,TXN,0.4477374832185104,Credit Services,Semiconductors,False
ABNB,TTD,0.44773090867642196,Travel Services,Advertising Agencies,False
META,TTD,0.4475406143707607,Internet Content & Information,Advertising Agencies,False
ISRG,META,0.44723749562927206,Medical Instruments & Supplies,Internet Content & Information,False
COST,INTU,0.4472276370442909,Discount Stores,Software - Application,False
PYPL,ZS,0.44710979301886733,Credit Services,Software - Infrastructure,False
BKNG,MELI,0.4471050234362696,Travel Services,Internet Retail,False
AMD,PLTR,0.4470713196171927,Semiconductors,Software - Infrastructure,False
GOOGL,ZS,0.4469914672996065,Internet Content & Information,Software - Infrastructure,False
ODFL,PAYX,0.4468606337424189,Trucking,Software - Application,False
MRVL,WDAY,0.4467892172346952,Semiconductors,Software - Application,False
ADI,WDAY,0.4467208189831023,Semiconductors,Software - Application,False
BKNG,LIN,0.44671832822055474,Travel Services,Specialty Chemicals,False
AMAT,BKNG,0.4465285460630437,Semiconductor Equipment & Materials,Travel Services,False
ADSK,PANW,0.4465085759633685,Software - Application,Software - Infrastructure,False
CSCO,MSFT,0.44649388064175866,Communication Equipment,Software - Infrastructure,False
MCHP,META,0.4464479770793156,Semiconductors,Internet Content & Information,False
CDW,MSFT,0.44639486490593405,Information Technology Services,Software - Infrastructure,False
CSCO,MCHP,0.4461815746058136,Communication Equipment,Semiconductors,False
AMD,TTD,0.44596009656241137,Semiconductors,Advertising Agencies,False
MELI,NFLX,0.4459484180647052,Internet Retail,Entertainment,False
ABNB,PLTR,0.445944281098294,Travel Services,Software - Infrastructure,False
AMZN,BKNG,0.4457893850497627,Internet Retail,Travel Services,False
CPRT,CTSH,0.4455481109062417,Specialty Business Services,Information Technology Services,False
INTU,LIN,0.44552211735196473,Software - Application,Specialty Chemicals,False
AMZN,MU,0.4452234757163164,Internet Retail,Semiconductors,False
COST,PAYX,0.44511560453687415,Discount Stores,Software - Application,False
MSFT,MU,0.44499842478608975,Software - Infrastructure,Semiconductors,False
ADP,CSGP,0.4449751860239737,Software - Application,Real Estate Services,False
AMD,DASH,0.4449396204038261,Semiconductors,Internet Retail,False
CPRT,ON,0.4449269695474612,Specialty Business Services,Semiconductors,False
ADI,CSGP,0.44476841116059423,Semiconductors,Real Estate Services,False
AMZN,APP,0.4447559912563193,Internet Retail,Advertising Agencies,False
AMAT,TSLA,0.44462486632139503,Semiconductor Equipment & Materials,Auto Manufacturers,False
CDNS,TTD,0.4446108080975456,Software - Application,Advertising Agencies,False
ADBE,MRVL,0.4445725645753775,Software - Application,Semiconductors,False
ADI,ODFL,0.4445045499281805,Semiconductors,Trucking,False
LIN,TXN,0.4444768406402966,Specialty Chemicals,Semiconductors,False
GOOGL,TXN,0.4442249610854889,Internet Content & Information,Semiconductors,False
CPRT,IDXX,0.44410933730823543,Specialty Business Services,Diagnostics & Research,False
ASML,MAR,0.44389989283182785,Semiconductor Equipment & Materials,Lodging,False
ADP,CDW,0.4438602525773219,Software - Application,Information Technology Services,False
CTAS,NXPI,0.443825136916636,Specialty Business Services,Semiconductors,False
LIN,MCHP,0.44376655879089666,Specialty Chemicals,Semiconductors,False
IDXX,SNPS,0.44375852279917904,Diagnostics & Research,Software - Infrastructure,False
CTSH,GFS,0.44370760014572214,Information Technology Services,Semiconductors,False
APP,CRWD,0.443565870598606,Advertising Agencies,Software - Infrastructure,False
KLAC,ZS,0.4430969920953819,Semiconductor Equipment & Materials,Software - Infrastructure,False
ISRG,ZS,0.4430315877186673,Medical Instruments & Supplies,Software - Infrastructure,False
ABNB,ON,0.4428159898156024,Travel Services,Semiconductors,False
AMZN,CTSH,0.4428141707050134,Internet Retail,Information Technology Services,False
ISRG,LIN,0.4426907033246973,Medical Instruments & Supplies,Specialty Chemicals,False
CSGP,MSFT,0.4426288899257959,Real Estate Services,Software - Infrastructure,False
ASML,WDAY,0.4424197965798996,Semiconductor Equipment & Materials,Software - Application,False
ROP,SNPS,0.44238186686131553,Software - Application,Software - Infrastructure,False
ADBE,MELI,0.4422946198358139,Software - Application,Internet Retail,False
TTD,WDAY,0.4422685004872663,Advertising Agencies,Software - Application,False
CTSH,ODFL,0.44220575570410187,Information Technology Services,Trucking,False
TSLA,TXN,0.44201462812144693,Auto Manufacturers,Semiconductors,False
ODFL,QCOM,0.4417810464341322,Trucking,Semiconductors,False
DXCM,ISRG,0.4416287364368815,Medical Devices,Medical Instruments & Supplies,False
ODFL,ON,0.4414901621163282,Trucking,Semiconductors,False
NFLX,PYPL,0.44146729952181296,Entertainment,Credit Services,False
ASML,DDOG,0.44117997999002034,Semiconductor Equipment & Materials,Software - Application,False
MDLZ,XEL,0.44108537734614645,Confectioners,Utilities - Regulated Electric,False
ASML,LIN,0.4410194531432597,Semiconductor Equipment & Materials,Specialty Chemicals,False
META,NXPI,0.44100422413495505,Internet Content & Information,Semiconductors,False
DDOG,KLAC,0.4409404700613455,Software - Application,Semiconductor Equipment & Materials,False
DASH,DDOG,0.440829029990921,Internet Retail,Software - Application,False
CTAS,KLAC,0.4407795209025544,Specialty Business Services,Semiconductor Equipment & Materials,False
CDNS,ODFL,0.4404881395479329,Software - Application,Trucking,False
MAR,QCOM,0.4402401722190717,Lodging,Semiconductors,False
GOOGL,MELI,0.44023656828574237,Internet Content & Information,Internet Retail,False
ADI,TTD,0.4400989413974498,Semiconductors,Advertising Agencies,False
CTSH,LIN,0.4400686729321828,Information Technology Services,Specialty Chemicals,False
AAPL,PAYX,0.44000474800273015,Consumer Electronics,Software - Application,False
CDW,FAST,0.43965529736884235,Information Technology Services,Industrial Distribution,False
GFS,INTU,0.4396164041579202,Semiconductors,Software - Application,False
MCHP,PCAR,0.4395153500122092,Semiconductors,Farm & Heavy Construction Machinery,False
BKNG,CDW,0.43924640915246815,Travel Services,Information Technology Services,False
INTU,MU,0.43908931786655553,Software - Application,Semiconductors,False
CPRT,DASH,0.4390830479833831,Specialty Business Services,Internet Retail,False
AMZN,MAR,0.43863873335297965,Internet Retail,Lodging,False
KLAC,MAR,0.4386304591560846,Semiconductor Equipment & Materials,Lodging,False
CSGP,WDAY,0.4384975210861238,Real Estate Services,Software - Application,False
ABNB,GFS,0.4383393818750308,Travel Services,Semiconductors,False
CTSH,FAST,0.4383377403382967,Information Technology Services,Industrial Distribution,False
CSCO,ROP,0.4383015935691832,Communication Equipment,Software - Application,False
IDXX,KLAC,0.4383015148234169,Diagnostics & Research,Semiconductor Equipment & Materials,False
INTU,MAR,0.4382849086993181,Software - Application,Lodging,False
CDW,ROP,0.4382643116525105,Information Technology Services,Software - Application,False
ROP,TXN,0.43796761570807,Software - Application,Semiconductors,False
ADSK,PLTR,0.4379456497731722,Software - Application,Software - Infrastructure,False
AAPL,FAST,0.43787660789019667,Consumer Electronics,Industrial Distribution,False
CDW,IDXX,0.4378664550060582,Information Technology Services,Diagnostics & Research,False
IDXX,TXN,0.4378368810616213,Diagnostics & Research,Semiconductors,False
FAST,TXN,0.43777766562235804,Industrial Distribution,Semiconductors,False
AAPL,MELI,0.4377246940579625,Consumer Electronics,Internet Retail,False
HON,MCHP,0.4377149992876645,Conglomerates,Semiconductors,False
ADI,ROP,0.43770139939815267,Semiconductors,Software - Application,False
DDOG,ISRG,0.4376302488995732,Software - Application,Medical Instruments & Supplies,False
CPRT,DDOG,0.4375486323492012,Specialty Business Services,Software - Application,False
CTSH,MSFT,0.4375432042972607,Information Technology Services,Software - Infrastructure,False
ADI,CSX,0.43750705137802853,Semiconductors,Railroads,False
CPRT,GFS,0.43742269844476345,Specialty Business Services,Semiconductors,False
LIN,NXPI,0.43730673958951816,Specialty Chemicals,Semiconductors,False
NFLX,NVDA,0.4372206809227409,Entertainment,Semiconductors,False
DDOG,PYPL,0.437105771679543,Software - Application,Credit Services,False
MAR,SBUX,0.43684314702060556,Lodging,Restaurants,False
META,SNPS,0.43671949919768704,Internet Content & Information,Software - Infrastructure,False
ABNB,AMD,0.4366723780439116,Travel Services,Semiconductors,False
APP,DASH,0.43666887293901346,Advertising Agencies,Internet Retail,False
APP,ZS,0.43656709436288915,Advertising Agencies,Software - Infrastructure,False
HON,NXPI,0.4365660954041384,Conglomerates,Semiconductors,False
CDNS,COST,0.4360264135892143,Software - Application,Discount Stores,False
ADBE,PANW,0.43600277818662886,Software - Application,Software - Infrastructure,False
GOOGL,ON,0.43594880294820515,Internet Content & Information,Semiconductors,False
MDLZ,MNST,0.4358869272141081,Confectioners,Beverages - Non-Alcoholic,False
ISRG,MELI,0.43587883637802866,Medical Instruments & Supplies,Internet Retail,False
MAR,PAYX,0.43568563752455836,Lodging,Software - Application,False
CTAS,MAR,0.43550971181335485,Specialty Business Services,Lodging,False
MELI,META,0.43540243848097226,Internet Retail,Internet Content & Information,False
ISRG,PYPL,0.43537238282727253,Medical Instruments & Supplies,Credit Services,False
DASH,NXPI,0.4352212730757282,Internet Retail,Semiconductors,False
LRCX,ZS,0.43509974427373477,Semiconductor Equipment & Materials,Software - Infrastructure,False
MCHP,SBUX,0.4349557971428865,Semiconductors,Restaurants,False
MSFT,TTD,0.43487363467415213,Software - Infrastructure,Advertising Agencies,False
KLAC,MELI,0.4346973601200648,Semiconductor Equipment & Materials,Internet Retail,False
AAPL,ABNB,0.43441589623662186,Consumer Electronics,Travel Services,False
AMZN,CSGP,0.4343555591076431,Internet Retail,Real Estate Services,False
CRWD,LRCX,0.4342941672195587,Software - Infrastructure,Semiconductor Equipment & Materials,False
NVDA,TTD,0.4342881472858857,Semiconductors,Advertising Agencies,False
ADSK,FAST,0.43422667807403925,Software - Application,Industrial Distribution,False
ADI,PAYX,0.43422500868323965,Semiconductors,Software - Application,False
ADSK,NFLX,0.434046034747463,Software - Application,Entertainment,False
AVGO,CRWD,0.4340369364392438,Semiconductors,Software - Infrastructure,False
MRVL,ZS,0.4339759636450325,Semiconductors,Software - Infrastructure,False
CSCO,CTSH,0.43395272157860754,Communication Equipment,Information Technology Services,False
AXON,PLTR,0.43394580141115285,Aerospace & Defense,Software - Infrastructure,False
AMZN,PANW,0.4339220318393742,Internet Retail,Software - Infrastructure,False
ABNB,MRVL,0.43387329498914473,Travel Services,Semiconductors,False
GFS,SNPS,0.43386218831188644,Semiconductors,Software - Infrastructure,False
AAPL,IDXX,0.4337892714479665,Consumer Electronics,Diagnostics & Research,False
CPRT,FTNT,0.433451426925307,Specialty Business Services,Software - Infrastructure,False
ADBE,GFS,0.43343070685128354,Software - Application,Semiconductors,False
ADBE,COST,0.43332161077734865,Software - Application,Discount Stores,False
AMAT,MELI,0.433299772908369,Semiconductor Equipment & Materials,Internet Retail,False
ADSK,MU,0.4332836116790764,Software - Application,Semiconductors,False
MSFT,PYPL,0.4332008573142159,Software - Infrastructure,Credit Services,False
INTU,LULU,0.43313850174537166,Software - Application,Apparel Retail,False
MRVL,PYPL,0.4331092528436563,Semiconductors,Credit Services,False
ABNB,TEAM,0.4329898497801835,Travel Services,Software - Application,False
CPRT,TEAM,0.4329881264959245,Specialty Business Services,Software - Application,False
BKNG,CCEP,0.4327845476015473,Travel Services,Beverages - Non-Alcoholic,False
DDOG,GOOGL,0.4326780101664187,Software - Application,Internet Content & Information,False
GOOGL,MU,0.43267757072704327,Internet Content & Information,Semiconductors,False
ASML,MDB,0.43244974939278485,Semiconductor Equipment & Materials,Software - Infrastructure,False
FAST,INTU,0.4323797053643798,Industrial Distribution,Software - Application,False
GFS,TSLA,0.43232932508262123,Semiconductors,Auto Manufacturers,False
ASML,FTNT,0.43224121973111246,Semiconductor Equipment & Materials,Software - Infrastructure,False
COST,VRSK,0.4322408400182527,Discount Stores,Consulting Services,False
BKNG,CPRT,0.4321335980201551,Travel Services,Specialty Business Services,False
ADP,TXN,0.43192618732927773,Software - Application,Semiconductors,False
ADP,MSFT,0.4317280629277598,Software - Application,Software - Infrastructure,False
AMD,ISRG,0.43155374736324004,Semiconductors,Medical Instruments & Supplies,False
ABNB,META,0.4314904715393302,Travel Services,Internet Content & Information,False
CDW,LIN,0.4314676461603146,Information Technology Services,Specialty Chemicals,False
AMAT,WDAY,0.43133054579342345,Semiconductor Equipment & Materials,Software - Application,False
CTAS,MCHP,0.43107678985599823,Specialty Business Services,Semiconductors,False
AAPL,LIN,0.43104838463425466,Consumer Electronics,Specialty Chemicals,False
ISRG,WDAY,0.43095855773778363,Medical Instruments & Supplies,Software - Application,False
NXPI,TTD,0.43094145141697665,Semiconductors,Advertising Agencies,False
CTSH,WDAY,0.43094060180354476,Information Technology Services,Software - Application,False
GOOGL,WDAY,0.43092935607734595,Internet Content & Information,Software - Application,False
ISRG,TEAM,0.43085963921503173,Medical Instruments & Supplies,Software - Application,False
QCOM,WDAY,0.4308165073688157,Semiconductors,Software - Application,False
AMAT,ODFL,0.43080396475964383,Semiconductor Equipment & Materials,Trucking,False
LIN,MSFT,0.4307940945034363,Specialty Chemicals,Software - Infrastructure,False
ADI,FAST,0.4305793623553548,Semiconductors,Industrial Distribution,False
KLAC,PYPL,0.4304015430115376,Semiconductor Equipment & Materials,Credit Services,False
AAPL,MAR,0.4303762194382632,Consumer Electronics,Lodging,False
DDOG,FTNT,0.4302624420790689,Software - Application,Software - Infrastructure,False
AVGO,TSLA,0.430259923673994,Semiconductors,Auto Manufacturers,False
CPRT,GOOGL,0.4301341710938125,Specialty Business Services,Internet Content & Information,False
SNPS,TTD,0.4299425452765779,Software - Infrastructure,Advertising Agencies,False
ASML,TTD,0.4298943040087517,Semiconductor Equipment & Materials,Advertising Agencies,False
ADSK,LULU,0.42979184945058163,Software - Application,Apparel Retail,False
FTNT,TEAM,0.42978811968343356,Software - Infrastructure,Software - Application,False
AMAT,IDXX,0.4295755743472654,Semiconductor Equipment & Materials,Diagnostics & Research,False
DDOG,LRCX,0.4295105919861767,Software - Application,Semiconductor Equipment & Materials,False
AMAT,CRWD,0.42950409735326234,Semiconductor Equipment & Materials,Software - Infrastructure,False
CSCO,CSX,0.429461552599808,Communication Equipment,Railroads,False
KLAC,WDAY,0.42926623666271196,Semiconductor Equipment & Materials,Software - Application,False
NVDA,PANW,0.42908318456786426,Semiconductors,Software - Infrastructure,False
IDXX,ROP,0.4289067301245585,Diagnostics & Research,Software - Application,False
PANW,TEAM,0.42885408402093456,Software - Infrastructure,Software - Application,False
APP,NVDA,0.42883151936792907,Advertising Agencies,Semiconductors,False
EXC,MDLZ,0.4287304941267545,Utilities - Regulated Electric,Confectioners,False
ADI,ADP,0.4285398527621984,Semiconductors,Software - Application,False
IDXX,LRCX,0.42853620681133997,Diagnostics & Research,Semiconductor Equipment & Materials,False
ADSK,APP,0.428528540773645,Software - Application,Advertising Agencies,False
NXPI,SBUX,0.4283855224487577,Semiconductors,Restaurants,False
LRCX,WDAY,0.42834535771587395,Semiconductor Equipment & Materials,Software - Application,False
BKNG,ON,0.4282619413278965,Travel Services,Semiconductors,False
CPRT,MDB,0.4280792622720928,Specialty Business Services,Software - Infrastructure,False
PYPL,QCOM,0.428017781155657,Credit Services,Semiconductors,False
AMAT,ZS,0.42788786009052315,Semiconductor Equipment & Materials,Software - Infrastructure,False
AEP,MDLZ,0.4277081254569468,Utilities - Regulated Electric,Confectioners,False
AAPL,ODFL,0.4276369214821091,Consumer Electronics,Trucking,False
MCHP,TTD,0.42755347543188293,Semiconductors,Advertising Agencies,False
QCOM,ZS,0.42746617258225633,Semiconductors,Software - Infrastructure,False
LRCX,ODFL,0.42740052403312384,Semiconductor Equipment & Materials,Trucking,False
DASH,MRVL,0.42733688980103246,Internet Retail,Semiconductors,False
MRVL,TTD,0.4270714854628518,Semiconductors,Advertising Agencies,False
ADBE,CTSH,0.42701139562509277,Software - Application,Information Technology Services,False
AMZN,COST,0.42697005026482754,Internet Retail,Discount Stores,False
TSLA,ZS,0.42690689605803456,Auto Manufacturers,Software - Infrastructure,False
ASML,ODFL,0.4269014033799072,Semiconductor Equipment & Materials,Trucking,False
CDNS,TSLA,0.4268898461802011,Software - Application,Auto Manufacturers,False
DASH,MSFT,0.42683639163105763,Internet Retail,Software - Infrastructure,False
ADBE,ON,0.426764164184391,Software - Application,Semiconductors,False
AAPL,DDOG,0.42675803155733816,Consumer Electronics,Software - Application,False
CSGP,IDXX,0.42670712273658223,Real Estate Services,Diagnostics & Research,False
AMAT,TTD,0.4266915931188622,Semiconductor Equipment & Materials,Advertising Agencies,False
ADSK,LIN,0.4265911212833215,Software - Application,Specialty Chemicals,False
CDNS,DASH,0.42643206831684544,Software - Application,Internet Retail,False
APP,MRVL,0.42631350478818736,Advertising Agencies,Semiconductors,False
DASH,LRCX,0.42626817632174746,Internet Retail,Semiconductor Equipment & Materials,False
IDXX,ZS,0.4262101441139516,Diagnostics & Research,Software - Infrastructure,False
ADSK,TSLA,0.42618855236341396,Software - Application,Auto Manufacturers,False
CTSH,GOOGL,0.4261412932563267,Information Technology Services,Internet Content & Information,False
LULU,MCHP,0.425979225439007,Apparel Retail,Semiconductors,False
NFLX,WDAY,0.4258639307815445,Entertainment,Software - Application,False
LRCX,MELI,0.42574338366383024,Semiconductor Equipment & Materials,Internet Retail,False
AAPL,MU,0.4255712769129161,Consumer Electronics,Semiconductors,False
CSCO,MRVL,0.42519342717557673,Communication Equipment,Semiconductors,False
BKNG,TXN,0.4249961568763354,Travel Services,Semiconductors,False
CDW,NVDA,0.42499574142408114,Information Technology Services,Semiconductors,False
AMAT,PYPL,0.42496538200670003,Semiconductor Equipment & Materials,Credit Services,False
ABNB,QCOM,0.42487462660557046,Travel Services,Semiconductors,False
ABNB,ASML,0.42483365215188784,Travel Services,Semiconductor Equipment & Materials,False
NXPI,ZS,0.4247822156183902,Semiconductors,Software - Infrastructure,False
CDW,CSGP,0.42466925600411093,Information Technology Services,Real Estate Services,False
CPRT,CRWD,0.42465527131892855,Specialty Business Services,Software - Infrastructure,False
FAST,NXPI,0.4246233235626681,Industrial Distribution,Semiconductors,False
CSCO,LRCX,0.4243986571361996,Communication Equipment,Semiconductor Equipment & Materials,False
MELI,PLTR,0.42411440188307653,Internet Retail,Software - Infrastructure,False
CSGP,PAYX,0.42399776284980434,Real Estate Services,Software - Application,False
AXON,INTU,0.42396829395856994,Aerospace & Defense,Software - Application,False
CTAS,ORLY,0.423810656178768,Specialty Business Services,Auto Parts,False
ABNB,LRCX,0.4236576848631806,Travel Services,Semiconductor Equipment & Materials,False
CRWD,PYPL,0.42343160797340296,Software - Infrastructure,Credit Services,False
MSFT,TSLA,0.4233266095031275,Software - Infrastructure,Auto Manufacturers,False
KLAC,MDB,0.42330073933381474,Semiconductor Equipment & Materials,Software - Infrastructure,False
MRVL,PLTR,0.4232868814144173,Semiconductors,Software - Infrastructure,False
HON,ISRG,0.4232566384846795,Conglomerates,Medical Instruments & Supplies,False
CRWD,ISRG,0.4232376303365817,Software - Infrastructure,Medical Instruments & Supplies,False
CSGP,TEAM,0.42314318244026333,Real Estate Services,Software - Application,False
AAPL,FTNT,0.423074314542207,Consumer Electronics,Software - Infrastructure,False
DASH,TEAM,0.42291924131658903,Internet Retail,Software - Application,False
ADP,ODFL,0.4229065424506924,Software - Application,Trucking,False
ADP,ISRG,0.4228136696129518,Software - Application,Medical Instruments & Supplies,False
ADI,LULU,0.4227653100352735,Semiconductors,Apparel Retail,False
ADBE,IDXX,0.4226855068940713,Software - Application,Diagnostics & Research,False
ON,PYPL,0.4224222121478132,Semiconductors,Credit Services,False
AXON,CRWD,0.42240624560939605,Aerospace & Defense,Software - Infrastructure,False
MDB,PYPL,0.42232183919579946,Software - Infrastructure,Credit Services,False
DASH,WDAY,0.4222579266738742,Internet Retail,Software - Application,False
DASH,KLAC,0.4222325189548254,Internet Retail,Semiconductor Equipment & Materials,False
PYPL,TSLA,0.4221477673405916,Credit Services,Auto Manufacturers,False
CPRT,MRVL,0.42208550600252254,Specialty Business Services,Semiconductors,False
MELI,SNPS,0.42204276583652656,Internet Retail,Software - Infrastructure,False
AVGO,META,0.4219968210123879,Semiconductors,Internet Content & Information,False
MSTR,TSLA,0.42191653184508054,Software - Application,Auto Manufacturers,False
AVGO,CEG,0.4218522836044998,Semiconductors,Utilities - Independent Power Producers,False
ADI,GEHC,0.42182984928848993,Semiconductors,Medical Devices,False
CTSH,ON,0.4217346976790139,Information Technology Services,Semiconductors,False
INTU,ODFL,0.421720841657361,Software - Application,Trucking,False
INTU,PLTR,0.42163501487371674,Software - Application,Software - Infrastructure,False
LRCX,PYPL,0.42160068902982456,Semiconductor Equipment & Materials,Credit Services,False
AMD,MDB,0.4211685804223851,Semiconductors,Software - Infrastructure,False
IDXX,MCHP,0.42108832302856064,Diagnostics & Research,Semiconductors,False
ADI,ZS,0.42103972768272246,Semiconductors,Software - Infrastructure,False
BKNG,NVDA,0.4209343170614681,Travel Services,Semiconductors,False
ADI,FTNT,0.4209117717794487,Semiconductors,Software - Infrastructure,False
LULU,WDAY,0.42078915365062397,Apparel Retail,Software - Application,False
APP,META,0.42074262937219264,Advertising Agencies,Internet Content & Information,False
CTAS,SNPS,0.42069091488008264,Specialty Business Services,Software - Infrastructure,False
FTNT,NVDA,0.42066562921291173,Software - Infrastructure,Semiconductors,False
ADBE,AVGO,0.42061729330466946,Software - Application,Semiconductors,False
CDW,SNPS,0.4205763037591509,Information Technology Services,Software - Infrastructure,False
ASML,TSLA,0.4204145273616054,Semiconductor Equipment & Materials,Auto Manufacturers,False
ADBE,NFLX,0.4203986632633607,Software - Application,Entertainment,False
CMCSA,CTSH,0.4203767898143823,Telecom Services,Information Technology Services,False
IDXX,WDAY,0.42036360134125705,Diagnostics & Research,Software - Application,False
PLTR,TEAM,0.42025035484427875,Software - Infrastructure,Software - Application,False
CTAS,LRCX,0.4201614815570798,Specialty Business Services,Semiconductor Equipment & Materials,False
CSGP,TXN,0.42014509439977366,Real Estate Services,Semiconductors,False
INTU,TSLA,0.4199903466119272,Software - Application,Auto Manufacturers,False
MSTR,PLTR,0.41985282502094584,Software - Application,Software - Infrastructure,False
HON,ODFL,0.4197235182281415,Conglomerates,Trucking,False
MSFT,PAYX,0.419523375459917,Software - Infrastructure,Software - Application,False
AAPL,SBUX,0.41936361071008205,Consumer Electronics,Restaurants,False
CSCO,LIN,0.41935048808461184,Communication Equipment,Specialty Chemicals,False
KLAC,ODFL,0.4193280574379713,Semiconductor Equipment & Materials,Trucking,False
BKNG,QCOM,0.4191668557931412,Travel Services,Semiconductors,False
CDNS,INTC,0.41911234154069393,Software - Application,Semiconductors,False
KLAC,TTD,0.41906308176168244,Semiconductor Equipment & Materials,Advertising Agencies,False
EXC,PEP,0.4189411129760394,Utilities - Regulated Electric,Beverages - Non-Alcoholic,False
ADSK,HON,0.41881727930232426,Software - Application,Conglomerates,False
CSCO,FAST,0.4188151994949344,Communication Equipment,Industrial Distribution,False
ADBE,LULU,0.41851513208505886,Software - Application,Apparel Retail,False
LULU,MSFT,0.41840125576641307,Apparel Retail,Software - Infrastructure,False
BKNG,ROST,0.41828859532698315,Travel Services,Apparel Retail,False
CMCSA,PAYX,0.41806847242718487,Telecom Services,Software - Application,False
AMAT,DDOG,0.4180549523427452,Semiconductor Equipment & Materials,Software - Application,False
GFS,ZS,0.41784880950131087,Semiconductors,Software - Infrastructure,False
META,WDAY,0.41782006572098507,Internet Content & Information,Software - Application,False
ADI,DASH,0.4178062029651428,Semiconductors,Internet Retail,False
ADBE,TTD,0.41769319424477347,Software - Application,Advertising Agencies,False
META,ON,0.41763097819571,Internet Content & Information,Semiconductors,False
KLAC,LIN,0.41744003452047157,Semiconductor Equipment & Materials,Specialty Chemicals,False
AXON,MELI,0.41735693273220653,Aerospace & Defense,Internet Retail,False
META,TXN,0.4172028593423193,Internet Content & Information,Semiconductors,False
CSCO,KLAC,0.41717397608331797,Communication Equipment,Semiconductor Equipment & Materials,False
GFS,PYPL,0.4170699795693125,Semiconductors,Credit Services,False
GEHC,MAR,0.41685412467779764,Medical Devices,Lodging,False
AVGO,CSCO,0.41684209713585924,Semiconductors,Communication Equipment,False
AMZN,IDXX,0.41679297665896403,Internet Retail,Diagnostics & Research,False
AAPL,HON,0.4166528378545431,Consumer Electronics,Conglomerates,False
GFS,WDAY,0.4165915043974114,Semiconductors,Software - Application,False
CTAS,IDXX,0.41654330605779427,Specialty Business Services,Diagnostics & Research,False
GOOGL,TSLA,0.41645596247719757,Internet Content & Information,Auto Manufacturers,False
ADSK,CSX,0.41639521279066616,Software - Application,Railroads,False
ABNB,AMAT,0.41629469428387766,Travel Services,Semiconductor Equipment & Materials,False
SBUX,TXN,0.41622437701436443,Restaurants,Semiconductors,False
CDNS,CTSH,0.41615155097205275,Software - Application,Information Technology Services,False
LIN,ODFL,0.4160716250493216,Specialty Chemicals,Trucking,False
CSX,MCHP,0.4160034513755391,Railroads,Semiconductors,False
LRCX,TTD,0.4159892924636674,Semiconductor Equipment & Materials,Advertising Agencies,False
ON,WDAY,0.4159666432519531,Semiconductors,Software - Application,False
ABNB,MSFT,0.4157581261685305,Travel Services,Software - Infrastructure,False
PLTR,TTD,0.4157402271451557,Software - Infrastructure,Advertising Agencies,False
AMAT,CTAS,0.41566009350084093,Semiconductor Equipment & Materials,Specialty Business Services,False
CDW,WDAY,0.4156405027349591,Information Technology Services,Software - Application,False
TXN,WDAY,0.41561930673953623,Semiconductors,Software - Application,False
ADSK,COST,0.41548377760584404,Software - Application,Discount Stores,False
GFS,GOOGL,0.41538101667465077,Semiconductors,Internet Content & Information,False
ISRG,ROP,0.4150920445937753,Medical Instruments & Supplies,Software - Application,False
AMAT,CSCO,0.4149787710445099,Semiconductor Equipment & Materials,Communication Equipment,False
ABNB,KLAC,0.41484749600327997,Travel Services,Semiconductor Equipment & Materials,False
ADI,MELI,0.4145587552383006,Semiconductors,Internet Retail,False
MCHP,ZS,0.4145099485042067,Semiconductors,Software - Infrastructure,False
BKNG,CDNS,0.414469056911809,Travel Services,Software - Application,False
AXON,DASH,0.4144658483704933,Aerospace & Defense,Internet Retail,False
ADP,MAR,0.41445921533086727,Software - Application,Lodging,False
ABNB,CDNS,0.4144478432727202,Travel Services,Software - Application,False
MSTR,NVDA,0.41442998142095183,Software - Application,Semiconductors,False
GEHC,TXN,0.41439675449072416,Medical Devices,Semiconductors,False
ADP,ORLY,0.4142343377033373,Software - Application,Auto Parts,False
MELI,NXPI,0.41419630933452833,Internet Retail,Semiconductors,False
DDOG,NXPI,0.4139782764609914,Software - Application,Semiconductors,False
AMAT,DASH,0.4139368971558898,Semiconductor Equipment & Materials,Internet Retail,False
ISRG,NFLX,0.41383997836403796,Medical Instruments & Supplies,Entertainment,False
ASML,CTAS,0.4138250118903501,Semiconductor Equipment & Materials,Specialty Business Services,False
QCOM,TTD,0.4137748491611563,Semiconductors,Advertising Agencies,False
GOOGL,PYPL,0.4136330169494126,Internet Content & Information,Credit Services,False
LIN,VRSK,0.41362214021494276,Specialty Chemicals,Consulting Services,False
ISRG,PAYX,0.41345289234794835,Medical Instruments & Supplies,Software - Application,False
DASH,NFLX,0.41344865558938465,Internet Retail,Entertainment,False
ABNB,CPRT,0.41318562285067567,Travel Services,Specialty Business Services,False
LULU,ON,0.41316543933973343,Apparel Retail,Semiconductors,False
MRVL,TEAM,0.4129206476418379,Semiconductors,Software - Application,False
CRWD,QCOM,0.41291386337641417,Software - Infrastructure,Semiconductors,False
ISRG,ON,0.41267097807228525,Medical Instruments & Supplies,Semiconductors,False
AMZN,CDW,0.41266573125547656,Internet Retail,Information Technology Services,False
CRWD,GOOGL,0.41258230114707417,Software - Infrastructure,Internet Content & Information,False
HON,ROST,0.4125126397281371,Conglomerates,Apparel Retail,False
AVGO,ISRG,0.411970595867665,Semiconductors,Medical Instruments & Supplies,False
META,MU,0.4118311277386325,Internet Content & Information,Semiconductors,False
CTAS,WDAY,0.4117712550893223,Specialty Business Services,Software - Application,False
ADBE,ODFL,0.41175113443368444,Software - Application,Trucking,False
APP,DDOG,0.4116537999065902,Advertising Agencies,Software - Application,False
ADP,IDXX,0.41159038722897184,Software - Application,Diagnostics & Research,False
ASML,NFLX,0.41151976714667243,Semiconductor Equipment & Materials,Entertainment,False
BKNG,SBUX,0.4114682534338564,Travel Services,Restaurants,False
ODFL,SNPS,0.4113310828690603,Trucking,Software - Infrastructure,False
CSGP,VRSK,0.411313813245073,Real Estate Services,Consulting Services,False
NVDA,PYPL,0.41130864890870317,Semiconductors,Credit Services,False
FAST,VRSK,0.41117165789117815,Industrial Distribution,Consulting Services,False
CPRT,MNST,0.41105510075568785,Specialty Business Services,Beverages - Non-Alcoholic,False
LIN,SBUX,0.4108940921381165,Specialty Chemicals,Restaurants,False
PEP,VRSK,0.41080310377564017,Beverages - Non-Alcoholic,Consulting Services,False
LULU,PYPL,0.4107318757465109,Apparel Retail,Credit Services,False
ISRG,MDB,0.4107264424220009,Medical Instruments & Supplies,Software - Infrastructure,False
AMAT,CTSH,0.4106294346232185,Semiconductor Equipment & Materials,Information Technology Services,False
FTNT,NXPI,0.41060614420870306,Software - Infrastructure,Semiconductors,False
AMZN,FTNT,0.41035757008785884,Internet Retail,Software - Infrastructure,False
MAR,MRVL,0.4102338493454405,Lodging,Semiconductors,False
APP,MDB,0.410026812673205,Advertising Agencies,Software - Infrastructure,False
GOOGL,IDXX,0.40986319433217305,Internet Content & Information,Diagnostics & Research,False
CRWD,TSLA,0.40984856683869003,Software - Infrastructure,Auto Manufacturers,False
ADP,NXPI,0.40984705425948087,Software - Application,Semiconductors,False
ON,PCAR,0.4098372784279574,Semiconductors,Farm & Heavy Construction Machinery,False
AMD,PYPL,0.4098235483873699,Semiconductors,Credit Services,False
NVDA,TEAM,0.4097787265102394,Semiconductors,Software - Application,False
NXPI,PAYX,0.4097652901527686,Semiconductors,Software - Application,False
BKNG,MSFT,0.4095166393655294,Travel Services,Software - Infrastructure,False
AXON,CDNS,0.4093618499810576,Aerospace & Defense,Software - Application,False
ADP,TMUS,0.40934352909733357,Software - Application,Telecom Services,False
NFLX,ZS,0.4091844605129502,Entertainment,Software - Infrastructure,False
AAPL,NFLX,0.40909905354040177,Consumer Electronics,Entertainment,False
LULU,ZS,0.40904601588842643,Apparel Retail,Software - Infrastructure,False
MAR,MSFT,0.40902807878033137,Lodging,Software - Infrastructure,False
GOOGL,TTD,0.4090199579014489,Internet Content & Information,Advertising Agencies,False
AAPL,TTD,0.408133474318588,Consumer Electronics,Advertising Agencies,False
CDW,ISRG,0.4080966646029468,Information Technology Services,Medical Instruments & Supplies,False
ISRG,MAR,0.40803201829140723,Medical Instruments & Supplies,Lodging,False
CDNS,LIN,0.40786130871776666,Software - Application,Specialty Chemicals,False
CTAS,PCAR,0.4077477708678329,Specialty Business Services,Farm & Heavy Construction Machinery,False
ABNB,TSLA,0.40770195408773885,Travel Services,Auto Manufacturers,False
ADSK,CSCO,0.40768709658798064,Software - Application,Communication Equipment,False
GFS,PCAR,0.40760119710690124,Semiconductors,Farm & Heavy Construction Machinery,False
DASH,MCHP,0.40742451834638105,Internet Retail,Semiconductors,False
MDB,NXPI,0.4073285177588726,Software - Infrastructure,Semiconductors,False
CSGP,ISRG,0.4072724430782731,Real Estate Services,Medical Instruments & Supplies,False
MELI,MRVL,0.4072115721308574,Internet Retail,Semiconductors,False
ISRG,TTD,0.4071665542517273,Medical Instruments & Supplies,Advertising Agencies,False
CSGP,NXPI,0.40697769965858077,Real Estate Services,Semiconductors,False
ABNB,CRWD,0.4069618996902186,Travel Services,Software - Infrastructure,False
AAPL,CRWD,0.4068709041136537,Consumer Electronics,Software - Infrastructure,False
INTC,SNPS,0.4066613019599066,Semiconductors,Software - Infrastructure,False
IDXX,QCOM,0.4066368881589471,Diagnostics & Research,Semiconductors,False
DASH,ON,0.40654917921793643,Internet Retail,Semiconductors,False
ADI,DDOG,0.4064649794322485,Semiconductors,Software - Application,False
FTNT,KLAC,0.40636714722117284,Software - Infrastructure,Semiconductor Equipment & Materials,False
ADBE,CDW,0.40635706270124927,Software - Application,Information Technology Services,False
BKNG,MRVL,0.40635028144388924,Travel Services,Semiconductors,False
ADBE,DASH,0.40634275078752274,Software - Application,Internet Retail,False
FTNT,PYPL,0.40618171086037846,Software - Infrastructure,Credit Services,False
CSGP,MCHP,0.4061084659963562,Real Estate Services,Semiconductors,False
ABNB,WDAY,0.4061012543506434,Travel Services,Software - Application,False
ASML,CSCO,0.4059645857881171,Semiconductor Equipment & Materials,Communication Equipment,False
AAPL,CSGP,0.4059559810351934,Consumer Electronics,Real Estate Services,False
CTSH,LRCX,0.4059421218322181,Information Technology Services,Semiconductor Equipment & Materials,False
AMD,WDAY,0.40592673410601426,Semiconductors,Software - Application,False
ADSK,ROST,0.4058390880681197,Software - Application,Apparel Retail,False
CSGP,DDOG,0.4058119892831258,Real Estate Services,Software - Application,False
CSX,NXPI,0.40579805375906197,Railroads,Semiconductors,False
CRWD,NFLX,0.40568316361053747,Software - Infrastructure,Entertainment,False
AMZN,ODFL,0.40563416085195414,Internet Retail,Trucking,False
CPRT,TTD,0.40561491854155757,Specialty Business Services,Advertising Agencies,False
GEHC,MCHP,0.4055235190427978,Medical Devices,Semiconductors,False
APP,LRCX,0.4054853015607829,Advertising Agencies,Semiconductor Equipment & Materials,False
AMAT,LIN,0.4053516840552094,Semiconductor Equipment & Materials,Specialty Chemicals,False
LIN,MNST,0.4053212820592999,Specialty Chemicals,Beverages - Non-Alcoholic,False
ADP,MNST,0.40514791958814333,Software - Application,Beverages - Non-Alcoholic,False
LIN,PCAR,0.4051094608764818,Specialty Chemicals,Farm & Heavy Construction Machinery,False
CTSH,MRVL,0.4049815606150342,Information Technology Services,Semiconductors,False
CDNS,MAR,0.4048142810218342,Software - Application,Lodging,False
KLAC,PLTR,0.40466180861244194,Semiconductor Equipment & Materials,Software - Infrastructure,False
GFS,HON,0.4046128136663081,Semiconductors,Conglomerates,False
PYPL,SNPS,0.4044268958314359,Credit Services,Software - Infrastructure,False
ABNB,ADBE,0.4042731971459518,Travel Services,Software - Application,False
CDW,PYPL,0.4042167942359216,Information Technology Services,Credit Services,False
AAPL,TEAM,0.4041747555758051,Consumer Electronics,Software - Application,False
APP,ASML,0.40410511086635237,Advertising Agencies,Semiconductor Equipment & Materials,False
FTNT,MCHP,0.4039578239152034,Software - Infrastructure,Semiconductors,False
CSX,ISRG,0.4039247819857033,Railroads,Medical Instruments & Supplies,False
ABNB,CDW,0.4037920854441291,Travel Services,Information Technology Services,False
IDXX,NVDA,0.4037627909150823,Diagnostics & Research,Semiconductors,False
CDNS,PYPL,0.4034878956650043,Software - Application,Credit Services,False
LRCX,MDB,0.40334235713838534,Semiconductor Equipment & Materials,Software - Infrastructure,False
CPRT,CSCO,0.40321190709020094,Specialty Business Services,Communication Equipment,False
MAR,ROP,0.4029023709436327,Lodging,Software - Application,False
CSCO,INTU,0.40288839610680816,Communication Equipment,Software - Application,False
MELI,ON,0.4027387658505357,Internet Retail,Semiconductors,False
ASML,LULU,0.40266071086988997,Semiconductor Equipment & Materials,Apparel Retail,False
CTSH,KLAC,0.4026471785511498,Information Technology Services,Semiconductor Equipment & Materials,False
FAST,MSFT,0.40259002844044217,Industrial Distribution,Software - Infrastructure,False
CEG,MRVL,0.4025698570320162,Utilities - Independent Power Producers,Semiconductors,False
LIN,LRCX,0.40251876090101546,Specialty Chemicals,Semiconductor Equipment & Materials,False
CDW,ROST,0.40243980304062354,Information Technology Services,Apparel Retail,False
CTAS,QCOM,0.40242969189485445,Specialty Business Services,Semiconductors,False
IDXX,PAYX,0.40229093458400583,Diagnostics & Research,Software - Application,False
ASML,CTSH,0.4022848544473742,Semiconductor Equipment & Materials,Information Technology Services,False
IDXX,TEAM,0.4021692975422875,Diagnostics & Research,Software - Application,False
ABNB,TXN,0.402164616642837,Travel Services,Semiconductors,False
CDW,LULU,0.4021391769000022,Information Technology Services,Apparel Retail,False
MCHP,MELI,0.40198065709720104,Semiconductors,Internet Retail,False
CDNS,NFLX,0.4018048229978235,Software - Application,Entertainment,False
CRWD,NXPI,0.40166116949765,Software - Infrastructure,Semiconductors,False
COST,FAST,0.40158736890566876,Discount Stores,Industrial Distribution,False
CSGP,CTSH,0.4014973721747808,Real Estate Services,Information Technology Services,False
IDXX,MELI,0.40142125382816135,Diagnostics & Research,Internet Retail,False
ASML,PLTR,0.4012361934233813,Semiconductor Equipment & Materials,Software - Infrastructure,False
APP,INTU,0.4012328522426526,Advertising Agencies,Software - Application,False
AMD,MSTR,0.4011221507147653,Semiconductors,Software - Application,False
CTAS,MNST,0.40073645105633277,Specialty Business Services,Beverages - Non-Alcoholic,False
BKNG,PYPL,0.40071046731067944,Travel Services,Credit Services,False
CSGP,LIN,0.40067673985101654,Real Estate Services,Specialty Chemicals,False
CMCSA,HON,0.40065217510675954,Telecom Services,Conglomerates,False
CTSH,PCAR,0.40062567209992594,Information Technology Services,Farm & Heavy Construction Machinery,False
ASML,TEAM,0.4004069551389488,Semiconductor Equipment & Materials,Software - Application,False
META,ZS,0.40037684574676247,Internet Content & Information,Software - Infrastructure,False
BKNG,GOOGL,0.4003228986664162,Travel Services,Internet Content & Information,False
ADP,PEP,0.4003014676227985,Software - Application,Beverages - Non-Alcoholic,False
PAYX,PEP,0.40025673576041326,Software - Application,Beverages - Non-Alcoholic,False
MELI,QCOM,0.40022709057438516,Internet Retail,Semiconductors,False
MAR,MU,0.40019977501474857,Lodging,Semiconductors,False
CPRT,SBUX,0.3999400914337356,Specialty Business Services,Restaurants,False
AMZN,MSTR,0.39972530382203747,Internet Retail,Software - Application,False
BKNG,ISRG,0.3997197021996824,Travel Services,Medical Instruments & Supplies,False
ASML,COST,0.3997025689980336,Semiconductor Equipment & Materials,Discount Stores,False
DDOG,MCHP,0.39948179716008714,Software - Application,Semiconductors,False
CRWD,IDXX,0.399429181018852,Software - Infrastructure,Diagnostics & Research,False
COST,CSCO,0.3993604248859553,Discount Stores,Communication Equipment,False
CPRT,PANW,0.3993392735342248,Specialty Business Services,Software - Infrastructure,False
ISRG,MU,0.3992315989990772,Medical Instruments & Supplies,Semiconductors,False
LULU,TEAM,0.39914977423936,Apparel Retail,Software - Application,False
AAPL,LULU,0.39912703936172683,Consumer Electronics,Apparel Retail,False
IDXX,PYPL,0.39908500352035303,Diagnostics & Research,Credit Services,False
FTNT,TTD,0.3990604486138497,Software - Infrastructure,Advertising Agencies,False
ABNB,GOOGL,0.39886910361288413,Travel Services,Internet Content & Information,False
AAPL,GEHC,0.39883183851401777,Consumer Electronics,Medical Devices,False
CPRT,PCAR,0.3987648172472323,Specialty Business Services,Farm & Heavy Construction Machinery,False
CSGP,GFS,0.39840350788285633,Real Estate Services,Semiconductors,False
MELI,TSLA,0.3981722007632839,Internet Retail,Auto Manufacturers,False
ISRG,SBUX,0.3980585315659651,Medical Instruments & Supplies,Restaurants,False
ADSK,SBUX,0.39792521253496826,Software - Application,Restaurants,False
COST,TXN,0.3978939758166825,Discount Stores,Semiconductors,False
CTSH,SNPS,0.39781754695406774,Information Technology Services,Software - Infrastructure,False
CDNS,FAST,0.39775838988557627,Software - Application,Industrial Distribution,False
DDOG,IDXX,0.3977343920782836,Software - Application,Diagnostics & Research,False
AAPL,DASH,0.39763062526221826,Consumer Electronics,Internet Retail,False
AAPL,BKNG,0.3976062481057906,Consumer Electronics,Travel Services,False
ON,ZS,0.3973996290622136,Semiconductors,Software - Infrastructure,False
CSGP,ZS,0.39732509752298784,Real Estate Services,Software - Infrastructure,False
NFLX,TEAM,0.3973098489508724,Entertainment,Software - Application,False
AMAT,PCAR,0.39715795705266493,Semiconductor Equipment & Materials,Farm & Heavy Construction Machinery,False
MSTR,PYPL,0.3969806845137264,Software - Application,Credit Services,False
MELI,PANW,0.3969271253699113,Internet Retail,Software - Infrastructure,False
CDW,FTNT,0.39692000251730036,Information Technology Services,Software - Infrastructure,False
FTNT,LRCX,0.39690471191678817,Software - Infrastructure,Semiconductor Equipment & Materials,False
DASH,TSLA,0.3967834401840393,Internet Retail,Auto Manufacturers,False
CPRT,CSX,0.39662217993561083,Specialty Business Services,Railroads,False
NXPI,TEAM,0.39659370461969173,Semiconductors,Software - Application,False
KLAC,TEAM,0.39657787745287254,Semiconductor Equipment & Materials,Software - Application,False
AXON,ZS,0.3963611202904429,Aerospace & Defense,Software - Infrastructure,False
CTAS,PEP,0.3961971631750963,Specialty Business Services,Beverages - Non-Alcoholic,False
AMD,NFLX,0.3961345495155514,Semiconductors,Entertainment,False
BKNG,MU,0.3961282351432119,Travel Services,Semiconductors,False
LULU,MAR,0.3961161028001987,Apparel Retail,Lodging,False
COST,ODFL,0.3960753378152119,Discount Stores,Trucking,False
ADI,TEAM,0.3960217485342493,Semiconductors,Software - Application,False
BKNG,HON,0.3959013304368505,Travel Services,Conglomerates,False
CDNS,LULU,0.39583831656047047,Software - Application,Apparel Retail,False
CTSH,ISRG,0.3958124849415093,Information Technology Services,Medical Instruments & Supplies,False
AMZN,ARM,0.39576835855270265,Internet Retail,Semiconductors,False
AMZN,CTAS,0.39565597752468495,Internet Retail,Specialty Business Services,False
INTU,SBUX,0.395618538331785,Software - Application,Restaurants,False
LRCX,PLTR,0.3954053115807592,Semiconductor Equipment & Materials,Software - Infrastructure,False
AXON,FTNT,0.39528958001842507,Aerospace & Defense,Software - Infrastructure,False
CSCO,GOOGL,0.3951764146278933,Communication Equipment,Internet Content & Information,False
AAPL,PANW,0.39515041222876807,Consumer Electronics,Software - Infrastructure,False
FAST,MCHP,0.39513936257500876,Industrial Distribution,Semiconductors,False
CSCO,ON,0.39510672921523604,Communication Equipment,Semiconductors,False
CPRT,META,0.39509710810835175,Specialty Business Services,Internet Content & Information,False
DDOG,META,0.3950690739514484,Software - Application,Internet Content & Information,False
ON,TTD,0.39494549884621605,Semiconductors,Advertising Agencies,False
AMAT,MDB,0.3948109843516025,Semiconductor Equipment & Materials,Software - Infrastructure,False
LULU,QCOM,0.39478694705140255,Apparel Retail,Semiconductors,False
ADBE,FAST,0.39468651474357447,Software - Application,Industrial Distribution,False
CDNS,CSGP,0.39455619329825686,Software - Application,Real Estate Services,False
MCHP,PAYX,0.3944950022236051,Semiconductors,Software - Application,False
ORLY,ROP,0.39436547999465493,Auto Parts,Software - Application,False
INTU,VRSK,0.39426199178059695,Software - Application,Consulting Services,False
CSCO,QCOM,0.39423945150495654,Communication Equipment,Semiconductors,False
COST,QCOM,0.39421382348800377,Discount Stores,Semiconductors,False
MAR,PYPL,0.39397698256501706,Lodging,Credit Services,False
KLAC,LULU,0.39391234470005226,Semiconductor Equipment & Materials,Apparel Retail,False
DASH,MSTR,0.3937404412281816,Internet Retail,Software - Application,False
ADBE,CSCO,0.3937042101958762,Software - Application,Communication Equipment,False
MDLZ,VRSK,0.39359695187853627,Confectioners,Consulting Services,False
MCHP,TEAM,0.39346069456898053,Semiconductors,Software - Application,False
ASML,MSTR,0.3934458902556816,Semiconductor Equipment & Materials,Software - Application,False
CTAS,TMUS,0.39342768438531867,Specialty Business Services,Telecom Services,False
BKNG,TEAM,0.3932742413708273,Travel Services,Software - Application,False
ADP,CMCSA,0.39311968241488876,Software - Application,Telecom Services,False
AMD,MAR,0.39299340636665303,Semiconductors,Lodging,False
COST,ORLY,0.3929825895017929,Discount Stores,Auto Parts,False
PYPL,SBUX,0.39296947341841965,Credit Services,Restaurants,False
PANW,PYPL,0.3929001596253251,Software - Infrastructure,Credit Services,False
DASH,GOOGL,0.3927850790254791,Internet Retail,Internet Content & Information,False
AMAT,FTNT,0.3927135332587117,Semiconductor Equipment & Materials,Software - Infrastructure,False
HON,QCOM,0.39258923724429995,Conglomerates,Semiconductors,False
BKNG,DDOG,0.3925724227252329,Travel Services,Software - Application,False
DASH,QCOM,0.3925181189531295,Internet Retail,Semiconductors,False
MCHP,ROP,0.39247548569093654,Semiconductors,Software - Application,False
CRWD,META,0.39243411615788293,Software - Infrastructure,Internet Content & Information,False
GOOGL,MAR,0.3924306474736865,Internet Content & Information,Lodging,False
CRWD,GFS,0.3920095810696346,Software - Infrastructure,Semiconductors,False
AAPL,CSX,0.3919854752723916,Consumer Electronics,Railroads,False
QCOM,SBUX,0.3918090657398922,Semiconductors,Restaurants,False
GOOGL,TEAM,0.3915183731531301,Internet Content & Information,Software - Application,False
CDNS,CSCO,0.3914138924896671,Software - Application,Communication Equipment,False
AMAT,PLTR,0.3912635278585829,Semiconductor Equipment & Materials,Software - Infrastructure,False
CEG,KLAC,0.3911708186359234,Utilities - Independent Power Producers,Semiconductor Equipment & Materials,False
DDOG,QCOM,0.39112139519318484,Software - Application,Semiconductors,False
FAST,KLAC,0.39108989661977,Industrial Distribution,Semiconductor Equipment & Materials,False
MCHP,MDB,0.390922725313488,Semiconductors,Software - Infrastructure,False
LULU,TXN,0.3909200937830263,Apparel Retail,Semiconductors,False
ADSK,AXON,0.39067206444360425,Software - Application,Aerospace & Defense,False
IDXX,ODFL,0.3906004629957598,Diagnostics & Research,Trucking,False
ADBE,CSGP,0.39027903440960654,Software - Application,Real Estate Services,False
GEHC,NXPI,0.39018712858175314,Medical Devices,Semiconductors,False
DASH,SNPS,0.390050027284172,Internet Retail,Software - Infrastructure,False
AXON,TEAM,0.3899459573520173,Aerospace & Defense,Software - Application,False
KLAC,PCAR,0.3899301669254866,Semiconductor Equipment & Materials,Farm & Heavy Construction Machinery,False
APP,MSFT,0.38980247575998894,Advertising Agencies,Software - Infrastructure,False
CRWD,MU,0.3897642328942542,Software - Infrastructure,Semiconductors,False
META,PLTR,0.38972748840311944,Internet Content & Information,Software - Infrastructure,False
IDXX,LULU,0.38943370081465306,Diagnostics & Research,Apparel Retail,False
MRVL,NFLX,0.3893844439969258,Semiconductors,Entertainment,False
EXC,PAYX,0.38928318480240637,Utilities - Regulated Electric,Software - Application,False
DDOG,NFLX,0.38927218990028417,Software - Application,Entertainment,False
LRCX,PCAR,0.3891953747345009,Semiconductor Equipment & Materials,Farm & Heavy Construction Machinery,False
QCOM,TEAM,0.38918952123495015,Semiconductors,Software - Application,False
AMAT,LULU,0.3891636025449385,Semiconductor Equipment & Materials,Apparel Retail,False
GOOGL,NFLX,0.38899934141315656,Internet Content & Information,Entertainment,False
APP,KLAC,0.38897177047810066,Advertising Agencies,Semiconductor Equipment & Materials,False
PANW,TTD,0.38891831223149204,Software - Infrastructure,Advertising Agencies,False
CSCO,GFS,0.3888471272085886,Communication Equipment,Semiconductors,False
AMAT,MSTR,0.38870161808525344,Semiconductor Equipment & Materials,Software - Application,False
AAPL,PLTR,0.38867110283114653,Consumer Electronics,Software - Infrastructure,False
HON,INTU,0.3885506602360837,Conglomerates,Software - Application,False
DDOG,ON,0.3885417431233934,Software - Application,Semiconductors,False
CRWD,MSTR,0.38840124742671556,Software - Infrastructure,Software - Application,False
AVGO,ZS,0.38830678837666777,Semiconductors,Software - Infrastructure,False
APP,CDNS,0.3879960494519308,Advertising Agencies,Software - Application,False
AMAT,APP,0.38790307787126516,Semiconductor Equipment & Materials,Advertising Agencies,False
COST,LIN,0.38773405804718303,Discount Stores,Specialty Chemicals,False
ON,SBUX,0.38762415411226375,Semiconductors,Restaurants,False
PAYX,PCAR,0.38761060147959864,Software - Application,Farm & Heavy Construction Machinery,False
GFS,MELI,0.38757907789285106,Semiconductors,Internet Retail,False
AMD,BKNG,0.38734537704816896,Semiconductors,Travel Services,False
CPRT,NFLX,0.3873309135779663,Specialty Business Services,Entertainment,False
AAPL,ROST,0.3872535651495258,Consumer Electronics,Apparel Retail,False
CTSH,IDXX,0.387242379863738,Information Technology Services,Diagnostics & Research,False
LULU,TTD,0.38720882329705775,Apparel Retail,Advertising Agencies,False
ADI,COST,0.3871399534815177,Semiconductors,Discount Stores,False
CTAS,EXC,0.38713111707564574,Specialty Business Services,Utilities - Regulated Electric,False
CSGP,SNPS,0.3871138062152129,Real Estate Services,Software - Infrastructure,False
PLTR,WDAY,0.38708502315650223,Software - Infrastructure,Software - Application,False
AAPL,MDB,0.387031508444271,Consumer Electronics,Software - Infrastructure,False
MSTR,NXPI,0.3868756654414342,Software - Application,Semiconductors,False
AVGO,PLTR,0.38687401757276674,Semiconductors,Software - Infrastructure,False
GOOGL,MDB,0.3868683885231488,Internet Content & Information,Software - Infrastructure,False
LIN,QCOM,0.38660000853689525,Specialty Chemicals,Semiconductors,False
ADI,CRWD,0.386573742189787,Semiconductors,Software - Infrastructure,False
ADSK,VRSK,0.3863584801270207,Software - Application,Consulting Services,False
ABNB,SNPS,0.38635832034262313,Travel Services,Software - Infrastructure,False
APP,GOOGL,0.38632475135284333,Advertising Agencies,Internet Content & Information,False
FTNT,GFS,0.38615609529296496,Software - Infrastructure,Semiconductors,False
NXPI,ROP,0.3860598271051591,Semiconductors,Software - Application,False
CSGP,FAST,0.38599983800548293,Real Estate Services,Industrial Distribution,False
CSGP,MELI,0.385977045506471,Real Estate Services,Internet Retail,False
IDXX,SBUX,0.38594295577563115,Diagnostics & Research,Restaurants,False
HON,MSFT,0.38578454001355594,Conglomerates,Software - Infrastructure,False
PAYX,QCOM,0.3857196696445004,Software - Application,Semiconductors,False
KLAC,MSTR,0.3856910212023527,Semiconductor Equipment & Materials,Software - Application,False
MU,TSLA,0.38564010750827715,Semiconductors,Auto Manufacturers,False
CSCO,MU,0.3856197125816617,Communication Equipment,Semiconductors,False
FTNT,QCOM,0.38548729682727806,Software - Infrastructure,Semiconductors,False
APP,NFLX,0.3854483425281789,Advertising Agencies,Entertainment,False
CEG,NVDA,0.3853788703200861,Utilities - Independent Power Producers,Semiconductors,False
CPRT,PLTR,0.3853363219954736,Specialty Business Services,Software - Infrastructure,False
CEG,LRCX,0.3852414796422676,Utilities - Independent Power Producers,Semiconductor Equipment & Materials,False
SNPS,TSLA,0.3852020963957391,Software - Infrastructure,Auto Manufacturers,False
BKNG,WDAY,0.3849682423435628,Travel Services,Software - Application,False
ADSK,DXCM,0.3849196006436443,Software - Application,Medical Devices,False
FTNT,MRVL,0.3849114807324951,Software - Infrastructure,Semiconductors,False
CTSH,PYPL,0.3848494652227657,Information Technology Services,Credit Services,False
COST,KLAC,0.38474024876589313,Discount Stores,Semiconductor Equipment & Materials,False
ISRG,LULU,0.38472575052989605,Medical Instruments & Supplies,Apparel Retail,False
CCEP,CPRT,0.3846556999366825,Beverages - Non-Alcoholic,Specialty Business Services,False
GEHC,QCOM,0.38460540956379907,Medical Devices,Semiconductors,False
LRCX,LULU,0.38449214060189935,Semiconductor Equipment & Materials,Apparel Retail,False
CSGP,HON,0.38447086767980265,Real Estate Services,Conglomerates,False
ABNB,MU,0.384468705517987,Travel Services,Semiconductors,False
IDXX,LIN,0.38442013169927075,Diagnostics & Research,Specialty Chemicals,False
IDXX,MDB,0.3844153390297342,Diagnostics & Research,Software - Infrastructure,False
CPRT,ORLY,0.38437255547374183,Specialty Business Services,Auto Parts,False
ASML,PANW,0.3843528639727917,Semiconductor Equipment & Materials,Software - Infrastructure,False
CSX,INTU,0.3842999893705769,Railroads,Software - Application,False
MDB,META,0.38412251276421205,Software - Infrastructure,Internet Content & Information,False
CMCSA,CSX,0.38408631037170454,Telecom Services,Railroads,False
LULU,MELI,0.3840234393801305,Apparel Retail,Internet Retail,False
AMZN,INTC,0.3839874911442404,Internet Retail,Semiconductors,False
FTNT,GOOGL,0.38375451133888305,Software - Infrastructure,Internet Content & Information,False
AVGO,CPRT,0.3836863087820933,Semiconductors,Specialty Business Services,False
MNST,ROP,0.38368333312659897,Beverages - Non-Alcoholic,Software - Application,False
AMAT,FAST,0.38350716626637343,Semiconductor Equipment & Materials,Industrial Distribution,False
FAST,GFS,0.3834436434489825,Industrial Distribution,Semiconductors,False
ISRG,PANW,0.38332956565105464,Medical Instruments & Supplies,Software - Infrastructure,False
ASML,SBUX,0.3832862420252663,Semiconductor Equipment & Materials,Restaurants,False
LULU,MDB,0.38308324799443627,Apparel Retail,Software - Infrastructure,False
NXPI,ROST,0.3830782772114138,Semiconductors,Apparel Retail,False
AMD,TEAM,0.38301982814742036,Semiconductors,Software - Application,False
CTAS,FTNT,0.38294415361452866,Specialty Business Services,Software - Infrastructure,False
TEAM,TSLA,0.38287141530861385,Software - Application,Auto Manufacturers,False
MRVL,MSTR,0.3828088418064245,Semiconductors,Software - Application,False
GFS,PLTR,0.38274291570865243,Semiconductors,Software - Infrastructure,False
FTNT,TXN,0.3826773854225775,Software - Infrastructure,Semiconductors,False
NFLX,TTD,0.38258109970369114,Entertainment,Advertising Agencies,False
BKNG,SNPS,0.38254632118810084,Travel Services,Software - Infrastructure,False
COST,IDXX,0.382539799235561,Discount Stores,Diagnostics & Research,False
ADBE,LIN,0.38253517007746196,Software - Application,Specialty Chemicals,False
ABNB,ISRG,0.38251873372833906,Travel Services,Medical Instruments & Supplies,False
DASH,ISRG,0.3824901262542689,Internet Retail,Medical Instruments & Supplies,False
CRWD,ON,0.38228661621991444,Software - Infrastructure,Semiconductors,False
ADI,MDB,0.38217504172628797,Semiconductors,Software - Infrastructure,False
LIN,ON,0.38217402728477595,Specialty Chemicals,Semiconductors,False
INTC,MSFT,0.3821682727375434,Semiconductors,Software - Infrastructure,False
BKNG,GFS,0.3821448688943101,Travel Services,Semiconductors,False
AMD,CSCO,0.3820870930902574,Semiconductors,Communication Equipment,False
KLAC,SBUX,0.381941091721938,Semiconductor Equipment & Materials,Restaurants,False
HON,SBUX,0.3814799065832139,Conglomerates,Restaurants,False
MNST,PAYX,0.3814262455712743,Beverages - Non-Alcoholic,Software - Application,False
CTAS,ROST,0.3812112826174633,Specialty Business Services,Apparel Retail,False
DASH,GFS,0.38109685652752656,Internet Retail,Semiconductors,False
CSGP,MDB,0.38106452475221075,Real Estate Services,Software - Infrastructure,False
MSTR,TTD,0.3810470836755683,Software - Application,Advertising Agencies,False
COST,CTSH,0.380887882094287,Discount Stores,Information Technology Services,False
CTSH,META,0.3808498180619567,Information Technology Services,Internet Content & Information,False
LULU,SBUX,0.38081050027230884,Apparel Retail,Restaurants,False
AMZN,CSCO,0.3805351688747204,Internet Retail,Communication Equipment,False
ARM,MSFT,0.38051240843142126,Semiconductors,Software - Infrastructure,False
ORLY,PAYX,0.38039632140347035,Auto Parts,Software - Application,False
MSTR,ZS,0.3803401612738171,Software - Application,Software - Infrastructure,False
PCAR,QCOM,0.38033570179891796,Farm & Heavy Construction Machinery,Semiconductors,False
DDOG,TSLA,0.3802902850099137,Software - Application,Auto Manufacturers,False
AAPL,INTC,0.38019807386222326,Consumer Electronics,Semiconductors,False
GEHC,LRCX,0.3801536250591206,Medical Devices,Semiconductor Equipment & Materials,False
GEHC,ISRG,0.38004364286212255,Medical Devices,Medical Instruments & Supplies,False
CPRT,MU,0.3799725431830891,Specialty Business Services,Semiconductors,False
CRWD,MCHP,0.37995471909632084,Software - Infrastructure,Semiconductors,False
ABNB,MSTR,0.37992856922844087,Travel Services,Software - Application,False
CTAS,GFS,0.3799029580853331,Specialty Business Services,Semiconductors,False
CTAS,PYPL,0.3797918463951424,Specialty Business Services,Credit Services,False
AMAT,COST,0.3794834504715478,Semiconductor Equipment & Materials,Discount Stores,False
CEG,MU,0.37945322274951365,Utilities - Independent Power Producers,Semiconductors,False
GEHC,ROP,0.3794203468285738,Medical Devices,Software - Application,False
LIN,ROST,0.37940193890285884,Specialty Chemicals,Apparel Retail,False
CTSH,TEAM,0.3793881719281666,Information Technology Services,Software - Application,False
DDOG,GFS,0.3792846587917805,Software - Application,Semiconductors,False
KLAC,PANW,0.3792707994125991,Semiconductor Equipment & Materials,Software - Infrastructure,False
QCOM,ROP,0.3792576718087616,Semiconductors,Software - Application,False
KLAC,ROP,0.3792320517521876,Semiconductor Equipment & Materials,Software - Application,False
FTNT,IDXX,0.37907404275713963,Software - Infrastructure,Diagnostics & Research,False
AVGO,DDOG,0.37906814498862723,Semiconductors,Software - Application,False
AMGN,PEP,0.3789854179529665,Drug Manufacturers - General,Beverages - Non-Alcoholic,False
MDB,QCOM,0.378975986526108,Software - Infrastructure,Semiconductors,False
CCEP,CTAS,0.37888468055607805,Beverages - Non-Alcoholic,Specialty Business Services,False
COST,NXPI,0.37888241723043026,Discount Stores,Semiconductors,False
PLTR,QCOM,0.37884367149967496,Software - Infrastructure,Semiconductors,False
PAYX,SBUX,0.3788360603706881,Software - Application,Restaurants,False
ADP,PCAR,0.3786990470519449,Software - Application,Farm & Heavy Construction Machinery,False
CTSH,MELI,0.37869859031207787,Information Technology Services,Internet Retail,False
GFS,PANW,0.378567456623434,Semiconductors,Software - Infrastructure,False
MAR,SNPS,0.378439406229653,Lodging,Software - Infrastructure,False
COST,HON,0.37832636709878015,Discount Stores,Conglomerates,False
ABNB,CTSH,0.378302685921483,Travel Services,Information Technology Services,False
MELI,MSTR,0.37825013551655756,Internet Retail,Software - Application,False
MSFT,MSTR,0.37820061235587876,Software - Infrastructure,Software - Application,False
GFS,TEAM,0.37812104755729425,Semiconductors,Software - Application,False
LRCX,SBUX,0.3778925481111388,Semiconductor Equipment & Materials,Restaurants,False
CDW,GOOGL,0.3778670465196612,Information Technology Services,Internet Content & Information,False
NFLX,SNPS,0.3778561299665319,Entertainment,Software - Infrastructure,False
FAST,IDXX,0.37784528926637134,Industrial Distribution,Diagnostics & Research,False
APP,PYPL,0.3778295792338394,Advertising Agencies,Credit Services,False
ADP,MCHP,0.3777790064801906,Software - Application,Semiconductors,False
COST,NVDA,0.3777239415883084,Discount Stores,Semiconductors,False
ABNB,APP,0.3774456776146341,Travel Services,Advertising Agencies,False
ASML,ROP,0.37740887028084735,Semiconductor Equipment & Materials,Software - Application,False
ADI,ROST,0.3772764677554177,Semiconductors,Apparel Retail,False
ADSK,INTC,0.3771849177101493,Software - Application,Semiconductors,False
AMD,CTSH,0.37712538870290235,Semiconductors,Information Technology Services,False
MSTR,ON,0.3770777166412077,Software - Application,Semiconductors,False
CMCSA,MAR,0.3770058047218901,Telecom Services,Lodging,False
MSTR,QCOM,0.37691571116045175,Software - Application,Semiconductors,False
TTD,TXN,0.3768573515801988,Advertising Agencies,Semiconductors,False
IDXX,MRVL,0.37683234713245706,Diagnostics & Research,Semiconductors,False
ADP,PYPL,0.37676720053538154,Software - Application,Credit Services,False
DASH,IDXX,0.3766971001528411,Internet Retail,Diagnostics & Research,False
FAST,MAR,0.3766923435013355,Industrial Distribution,Lodging,False
COST,LRCX,0.3766729102441161,Discount Stores,Semiconductor Equipment & Materials,False
ABNB,CSGP,0.3766623924703457,Travel Services,Real Estate Services,False
CCEP,HON,0.37653347892064554,Beverages - Non-Alcoholic,Conglomerates,False
LRCX,ROP,0.37639326268424417,Semiconductor Equipment & Materials,Software - Application,False
CSGP,DASH,0.3762736926974688,Real Estate Services,Internet Retail,False
ADSK,TTWO,0.3762536388654938,Software - Application,Electronic Gaming & Multimedia,False
FTNT,MELI,0.37623743381079566,Software - Infrastructure,Internet Retail,False
BKNG,TTD,0.37619796216225043,Travel Services,Advertising Agencies,False
HON,ON,0.3761863098107715,Conglomerates,Semiconductors,False
FTNT,ON,0.3761121971780977,Software - Infrastructure,Semiconductors,False
BKNG,CTSH,0.37607415436588676,Travel Services,Information Technology Services,False
CSGP,KLAC,0.3760562262607443,Real Estate Services,Semiconductor Equipment & Materials,False
MAR,WDAY,0.37605560887310896,Lodging,Software - Application,False
LIN,SNPS,0.3757765617992741,Specialty Chemicals,Software - Infrastructure,False
CTAS,LULU,0.3756856054744702,Specialty Business Services,Apparel Retail,False
CTSH,ROST,0.3756755086079908,Information Technology Services,Apparel Retail,False
CTAS,GOOGL,0.37561191274028677,Specialty Business Services,Internet Content & Information,False
ADI,MSTR,0.3755652953831841,Semiconductors,Software - Application,False
HON,KLAC,0.37549633256169573,Conglomerates,Semiconductor Equipment & Materials,False
COST,MRVL,0.3754803508463879,Discount Stores,Semiconductors,False
AMD,IDXX,0.3753403202204415,Semiconductors,Diagnostics & Research,False
GEHC,LIN,0.37520239847366355,Medical Devices,Specialty Chemicals,False
MCHP,ROST,0.37510175598658796,Semiconductors,Apparel Retail,False
ASML,PCAR,0.37500322105753886,Semiconductor Equipment & Materials,Farm & Heavy Construction Machinery,False
CSCO,ISRG,0.37489479083307553,Communication Equipment,Medical Instruments & Supplies,False
LRCX,PANW,0.37479509145815987,Semiconductor Equipment & Materials,Software - Infrastructure,False
ABNB,ARM,0.37478029150296055,Travel Services,Semiconductors,False
INTU,TTWO,0.3745959156074647,Software - Application,Electronic Gaming & Multimedia,False
AXON,WDAY,0.37456720578435665,Aerospace & Defense,Software - Application,False
MDB,ON,0.3744421343922249,Software - Infrastructure,Semiconductors,False
AMGN,REGN,0.3743949968181892,Drug Manufacturers - General,Biotechnology,False
GOOGL,PLTR,0.3743164102713672,Internet Content & Information,Software - Infrastructure,False
GEHC,PCAR,0.3742863037890992,Medical Devices,Farm & Heavy Construction Machinery,False
CTAS,ON,0.3742272539488273,Specialty Business Services,Semiconductors,False
MCHP,MSTR,0.3741677897127758,Semiconductors,Software - Application,False
AMD,LULU,0.3741675935052155,Semiconductors,Apparel Retail,False
PAYX,TMUS,0.37406190472811757,Software - Application,Telecom Services,False
DASH,FTNT,0.37386988612761174,Internet Retail,Software - Infrastructure,False
CCEP,MAR,0.3738369633187735,Beverages - Non-Alcoholic,Lodging,False
CTAS,SBUX,0.3738309462371509,Specialty Business Services,Restaurants,False
ADBE,MAR,0.37378083117585575,Software - Application,Lodging,False
PANW,QCOM,0.3736930337948746,Software - Infrastructure,Semiconductors,False
FAST,LRCX,0.37358055868222684,Industrial Distribution,Semiconductor Equipment & Materials,False
LRCX,MSTR,0.37342220521611946,Semiconductor Equipment & Materials,Software - Application,False
GFS,LULU,0.373335922864685,Semiconductors,Apparel Retail,False
IDXX,TTD,0.3732500600909432,Diagnostics & Research,Advertising Agencies,False
APP,TEAM,0.37323405885928773,Advertising Agencies,Software - Application,False
AXON,MDB,0.3730903736580913,Aerospace & Defense,Software - Infrastructure,False
AMAT,CSX,0.3729037432466995,Semiconductor Equipment & Materials,Railroads,False
AMD,FTNT,0.3728975628629045,Semiconductors,Software - Infrastructure,False
ARM,PLTR,0.37279069227226025,Semiconductors,Software - Infrastructure,False
AXON,NVDA,0.37278615140509697,Aerospace & Defense,Semiconductors,False
AMAT,ROST,0.37274332140714683,Semiconductor Equipment & Materials,Apparel Retail,False
ADP,SBUX,0.37261158861977567,Software - Application,Restaurants,False
MELI,TXN,0.3725636264984644,Internet Retail,Semiconductors,False
AMZN,ROP,0.37255925045927013,Internet Retail,Software - Application,False
DDOG,MU,0.3725037135961414,Software - Application,Semiconductors,False
CDNS,HON,0.3724580959398762,Software - Application,Conglomerates,False
TSLA,TTD,0.372303114181516,Auto Manufacturers,Advertising Agencies,False
CSGP,SBUX,0.37226525400243965,Real Estate Services,Restaurants,False
GFS,PAYX,0.3721703671857591,Semiconductors,Software - Application,False
LULU,ODFL,0.3721617856491218,Apparel Retail,Trucking,False
PLTR,PYPL,0.3720546298458482,Software - Infrastructure,Credit Services,False
AMAT,HON,0.37205059033569465,Semiconductor Equipment & Materials,Conglomerates,False
COST,SNPS,0.37204340503011957,Discount Stores,Software - Infrastructure,False
CSCO,SBUX,0.371974734426046,Communication Equipment,Restaurants,False
PCAR,ROST,0.37196715907730465,Farm & Heavy Construction Machinery,Apparel Retail,False
ISRG,TSLA,0.37195712397648956,Medical Instruments & Supplies,Auto Manufacturers,False
CMCSA,CTAS,0.3719406888411496,Telecom Services,Specialty Business Services,False
MDLZ,PAYX,0.3719031144713841,Confectioners,Software - Application,False
AMD,ODFL,0.37189587839833055,Semiconductors,Trucking,False
MRVL,PANW,0.3717038635137519,Semiconductors,Software - Infrastructure,False
MAR,NVDA,0.37168573949034667,Lodging,Semiconductors,False
AVGO,BKNG,0.3716633165754072,Semiconductors,Travel Services,False
DASH,PANW,0.37155914439870946,Internet Retail,Software - Infrastructure,False
BKNG,CTAS,0.37150650395755425,Travel Services,Specialty Business Services,False
ADP,MDLZ,0.3714069655736335,Software - Application,Confectioners,False
MAR,MELI,0.3713562103701313,Lodging,Internet Retail,False
CSGP,TTD,0.3713517420499791,Real Estate Services,Advertising Agencies,False
APP,AXON,0.3713440548025374,Advertising Agencies,Aerospace & Defense,False
AVGO,WDAY,0.3713368515254816,Semiconductors,Software - Application,False
MDLZ,ROP,0.37130684329867797,Confectioners,Software - Application,False
ASML,CSX,0.3711652698745088,Semiconductor Equipment & Materials,Railroads,False
ABNB,LULU,0.370917510283185,Travel Services,Apparel Retail,False
META,TEAM,0.37085691732270915,Internet Content & Information,Software - Application,False
ADP,EXC,0.37082569687521477,Software - Application,Utilities - Regulated Electric,False
VRSK,XEL,0.3708173846798712,Consulting Services,Utilities - Regulated Electric,False
LIN,MDLZ,0.3706432616420576,Specialty Chemicals,Confectioners,False
CSGP,LULU,0.3705386456477789,Real Estate Services,Apparel Retail,False
CDW,COST,0.370342009679908,Information Technology Services,Discount Stores,False
ADP,FTNT,0.37024506793299505,Software - Application,Software - Infrastructure,False
FAST,QCOM,0.37015187104062985,Industrial Distribution,Semiconductors,False
ADP,SNPS,0.37014907646829254,Software - Application,Software - Infrastructure,False
APP,SNPS,0.37014510627534974,Advertising Agencies,Software - Infrastructure,False
KLAC,ROST,0.37014359817680254,Semiconductor Equipment & Materials,Apparel Retail,False
ASML,HON,0.37013192059680255,Semiconductor Equipment & Materials,Conglomerates,False
GFS,ISRG,0.3700217543561962,Semiconductors,Medical Instruments & Supplies,False
FAST,ORLY,0.3700005638794951,Industrial Distribution,Auto Parts,False
ADBE,VRSK,0.36997323928059783,Software - Application,Consulting Services,False
COST,MCHP,0.36977946169657283,Discount Stores,Semiconductors,False
ADI,PLTR,0.3697491162338759,Semiconductors,Software - Infrastructure,False
DASH,TXN,0.36969721012045326,Internet Retail,Semiconductors,False
DXCM,INTU,0.3695747535241049,Medical Devices,Software - Application,False
MDB,NFLX,0.36953592773871846,Software - Infrastructure,Entertainment,False
ROST,SBUX,0.36951636127051785,Apparel Retail,Restaurants,False
CSCO,NVDA,0.36950918844833175,Communication Equipment,Semiconductors,False
NFLX,QCOM,0.3694278563870599,Entertainment,Semiconductors,False
PEP,ROP,0.36922754803721863,Beverages - Non-Alcoholic,Software - Application,False
ASML,FAST,0.36920796676196477,Semiconductor Equipment & Materials,Industrial Distribution,False
CTAS,MRVL,0.36916463815397,Specialty Business Services,Semiconductors,False
ADP,GOOGL,0.3690481834857539,Software - Application,Internet Content & Information,False
NFLX,PLTR,0.36894054070693566,Entertainment,Software - Infrastructure,False
CSCO,PCAR,0.3689025681679608,Communication Equipment,Farm & Heavy Construction Machinery,False
CSX,QCOM,0.3688797076978886,Railroads,Semiconductors,False
CDW,INTC,0.3687697651336546,Information Technology Services,Semiconductors,False
PAYX,PYPL,0.3687245250187132,Software - Application,Credit Services,False
ASML,CEG,0.3686546331090587,Semiconductor Equipment & Materials,Utilities - Independent Power Producers,False
LULU,SNPS,0.36842770258776825,Apparel Retail,Software - Infrastructure,False
GOOGL,PANW,0.3683486623509433,Internet Content & Information,Software - Infrastructure,False
NXPI,PLTR,0.36823672199506835,Semiconductors,Software - Infrastructure,False
HON,PYPL,0.36821587084843554,Conglomerates,Credit Services,False
LULU,META,0.3680564072835003,Apparel Retail,Internet Content & Information,False
DXCM,TEAM,0.36798271588684744,Medical Devices,Software - Application,False
PCAR,ROP,0.36792580726205193,Farm & Heavy Construction Machinery,Software - Application,False
AMAT,SBUX,0.367861956240567,Semiconductor Equipment & Materials,Restaurants,False
NXPI,PANW,0.36781519512249033,Semiconductors,Software - Infrastructure,False
AMAT,ROP,0.36781240575538166,Semiconductor Equipment & Materials,Software - Application,False
CTAS,MELI,0.3675971126315962,Specialty Business Services,Internet Retail,False
GOOGL,ROP,0.36757674147437885,Internet Content & Information,Software - Application,False
LULU,NVDA,0.36744226953017356,Apparel Retail,Semiconductors,False
ORLY,VRSK,0.3673771267608403,Auto Parts,Consulting Services,False
AXON,PYPL,0.36735554640965584,Aerospace & Defense,Credit Services,False
CTAS,MDLZ,0.3671791872117545,Specialty Business Services,Confectioners,False
ADP,XEL,0.36717056119725183,Software - Application,Utilities - Regulated Electric,False
LULU,PAYX,0.3671532288094809,Apparel Retail,Software - Application,False
CSGP,QCOM,0.36713383711954456,Real Estate Services,Semiconductors,False
HON,LRCX,0.366928249603842,Conglomerates,Semiconductor Equipment & Materials,False
CTAS,XEL,0.3669202603823136,Specialty Business Services,Utilities - Regulated Electric,False
ABNB,SBUX,0.366751072679847,Travel Services,Restaurants,False
BKNG,PAYX,0.3666004357861155,Travel Services,Software - Application,False
ON,TEAM,0.3665684195429403,Semiconductors,Software - Application,False
AVGO,MDB,0.366304547558565,Semiconductors,Software - Infrastructure,False
CSX,ROST,0.36629596254748065,Railroads,Apparel Retail,False
ODFL,WDAY,0.36627707332082254,Trucking,Software - Application,False
MCHP,PANW,0.36614827246568316,Semiconductors,Software - Infrastructure,False
GFS,IDXX,0.36608176002015597,Semiconductors,Diagnostics & Research,False
MCHP,PLTR,0.3660617569869977,Semiconductors,Software - Infrastructure,False
ADBE,MU,0.3659406783581414,Software - Application,Semiconductors,False
MRVL,ODFL,0.3658357323993302,Semiconductors,Trucking,False
AMAT,PANW,0.36577229921374765,Semiconductor Equipment & Materials,Software - Infrastructure,False
IDXX,VRSK,0.3657571698435576,Diagnostics & Research,Consulting Services,False
ON,PLTR,0.3657365620009371,Semiconductors,Software - Infrastructure,False
ADP,GFS,0.3656288040948895,Software - Application,Semiconductors,False
ADP,AMZN,0.36560404492083237,Software - Application,Internet Retail,False
GOOGL,PAYX,0.36553862317885977,Internet Content & Information,Software - Application,False
LRCX,TEAM,0.3654740140763535,Semiconductor Equipment & Materials,Software - Application,False
CTAS,NVDA,0.3654531407426683,Specialty Business Services,Semiconductors,False
APP,AVGO,0.36538427421866576,Advertising Agencies,Semiconductors,False
MNST,SBUX,0.3653616394432857,Beverages - Non-Alcoholic,Restaurants,False
AEP,KHC,0.3650852688093689,Utilities - Regulated Electric,Packaged Foods,False
GFS,ROP,0.36484934783526685,Semiconductors,Software - Application,False
CSCO,FTNT,0.3648148359039927,Communication Equipment,Software - Infrastructure,False
BKNG,DASH,0.364768993384125,Travel Services,Internet Retail,False
ARM,CRWD,0.36466213345110216,Semiconductors,Software - Infrastructure,False
AMD,APP,0.36464584133371525,Semiconductors,Advertising Agencies,False
APP,TSLA,0.36455922695984033,Advertising Agencies,Auto Manufacturers,False
AVGO,PANW,0.3645445599107771,Semiconductors,Software - Infrastructure,False
AMZN,FAST,0.36450217463189627,Internet Retail,Industrial Distribution,False
TXN,ZS,0.3644118969111825,Semiconductors,Software - Infrastructure,False
CSCO,MAR,0.3643901892751215,Communication Equipment,Lodging,False
AXON,CPRT,0.36434253228502034,Aerospace & Defense,Specialty Business Services,False
MSTR,MU,0.36432169546495763,Software - Application,Semiconductors,False
HON,INTC,0.364310201808355,Conglomerates,Semiconductors,False
HON,VRSK,0.3642904136253041,Conglomerates,Consulting Services,False
COST,ROST,0.36419687826082336,Discount Stores,Apparel Retail,False
AAPL,VRSK,0.364089228099757,Consumer Electronics,Consulting Services,False
ADSK,MNST,0.36400438556233744,Software - Application,Beverages - Non-Alcoholic,False
ADP,QCOM,0.3638664836898192,Software - Application,Semiconductors,False
CDW,TTD,0.3638367901247636,Information Technology Services,Advertising Agencies,False
FAST,SNPS,0.3638118345498763,Industrial Distribution,Software - Infrastructure,False
ISRG,VRSK,0.3638069464831581,Medical Instruments & Supplies,Consulting Services,False
BKNG,ZS,0.3637768502727453,Travel Services,Software - Infrastructure,False
GFS,MDB,0.3637551798876832,Semiconductors,Software - Infrastructure,False
DDOG,LULU,0.3636881312518727,Software - Application,Apparel Retail,False
GEHC,HON,0.36367689434795014,Medical Devices,Conglomerates,False
LIN,PYPL,0.3636104823815734,Specialty Chemicals,Credit Services,False
MELI,ROST,0.36354012881695924,Internet Retail,Apparel Retail,False
ROST,TXN,0.3634173643147961,Apparel Retail,Semiconductors,False
CTSH,INTC,0.3633540466793516,Information Technology Services,Semiconductors,False
ARM,CDW,0.36320990522733043,Semiconductors,Information Technology Services,False
AMAT,CEG,0.36319513380321894,Semiconductor Equipment & Materials,Utilities - Independent Power Producers,False
GEHC,KLAC,0.3631893272834281,Medical Devices,Semiconductor Equipment & Materials,False
MSFT,ODFL,0.3631751212442908,Software - Infrastructure,Trucking,False
CSX,LRCX,0.36317258879363185,Railroads,Semiconductor Equipment & Materials,False
GFS,META,0.36317164525048984,Semiconductors,Internet Content & Information,False
CDW,TEAM,0.36309379561711935,Information Technology Services,Software - Application,False
MDB,TSLA,0.3630626480232887,Software - Infrastructure,Auto Manufacturers,False
CSCO,ODFL,0.363054238484245,Communication Equipment,Trucking,False
PAYX,SNPS,0.3629891441596588,Software - Application,Software - Infrastructure,False
CSX,SBUX,0.3628757350225341,Railroads,Restaurants,False
PAYX,XEL,0.36281532053201615,Software - Application,Utilities - Regulated Electric,False
LIN,WDAY,0.36273222238286057,Specialty Chemicals,Software - Application,False
BKNG,META,0.3627213547030401,Travel Services,Internet Content & Information,False
NVDA,ODFL,0.36265107819019454,Semiconductors,Trucking,False
ISRG,PLTR,0.36236922858544224,Medical Instruments & Supplies,Software - Infrastructure,False
GEHC,ODFL,0.3623595623119777,Medical Devices,Trucking,False
ADP,ROST,0.3623303784580915,Software - Application,Apparel Retail,False
ADBE,BKNG,0.3623252895958983,Software - Application,Travel Services,False
CSX,MSFT,0.3622986906108313,Railroads,Software - Infrastructure,False
FTNT,META,0.36227954176070637,Software - Infrastructure,Internet Content & Information,False
ADSK,ARM,0.36224062112314026,Software - Application,Semiconductors,False
COST,META,0.36201409273096297,Discount Stores,Internet Content & Information,False
MAR,TSLA,0.3620094215406418,Lodging,Auto Manufacturers,False
CSGP,MAR,0.36189576153772945,Real Estate Services,Lodging,False
MU,ZS,0.36181326507390954,Semiconductors,Software - Infrastructure,False
CSX,KLAC,0.3617579180069004,Railroads,Semiconductor Equipment & Materials,False
AAPL,PCAR,0.3615681355074198,Consumer Electronics,Farm & Heavy Construction Machinery,False
CDNS,TTWO,0.3615641910655548,Software - Application,Electronic Gaming & Multimedia,False
APP,ISRG,0.36139893979230525,Advertising Agencies,Medical Instruments & Supplies,False
AXON,TTD,0.3613548868601913,Aerospace & Defense,Advertising Agencies,False
ISRG,ROST,0.3613204378956227,Medical Instruments & Supplies,Apparel Retail,False
MSFT,VRSK,0.36131734700843315,Software - Infrastructure,Consulting Services,False
AMD,PANW,0.36128439456312084,Semiconductors,Software - Infrastructure,False
MNST,VRSK,0.36126123198116267,Beverages - Non-Alcoholic,Consulting Services,False
CMCSA,WBD,0.36123007345130737,Telecom Services,Entertainment,False
CSGP,ON,0.3609842011273447,Real Estate Services,Semiconductors,False
ADP,BKNG,0.36088207284937285,Software - Application,Travel Services,False
IDXX,META,0.3608364655582956,Diagnostics & Research,Internet Content & Information,False
CTSH,SBUX,0.36074008621285286,Information Technology Services,Restaurants,False
BKR,MAR,0.3605269217702171,Oil & Gas Equipment & Services,Lodging,False
CDW,ZS,0.3603204601472913,Information Technology Services,Software - Infrastructure,False
AVGO,COST,0.36031622688160797,Semiconductors,Discount Stores,False
AAPL,MNST,0.3602017948672572,Consumer Electronics,Beverages - Non-Alcoholic,False
IDXX,MU,0.35995728130939203,Diagnostics & Research,Semiconductors,False
AVGO,FTNT,0.3599459389346559,Semiconductors,Software - Infrastructure,False
LIN,MELI,0.35972025156703136,Specialty Chemicals,Internet Retail,False
HON,LULU,0.3597098439167234,Conglomerates,Apparel Retail,False
KLAC,NFLX,0.35963220102131144,Semiconductor Equipment & Materials,Entertainment,False
ASML,ROST,0.35960202499340443,Semiconductor Equipment & Materials,Apparel Retail,False
BKNG,CSX,0.3595914321453923,Travel Services,Railroads,False
CTSH,GEHC,0.3594826227230758,Information Technology Services,Medical Devices,False
FTNT,ODFL,0.3594555378843748,Software - Infrastructure,Trucking,False
CRWD,LULU,0.3594326365394474,Software - Infrastructure,Apparel Retail,False
MSTR,TXN,0.35941135919745215,Software - Application,Semiconductors,False
AMZN,PAYX,0.35939455110278523,Internet Retail,Software - Application,False
AMZN,AXON,0.35934987080714853,Internet Retail,Aerospace & Defense,False
INTU,ROST,0.35931211254241674,Software - Application,Apparel Retail,False
ISRG,ODFL,0.3592195367528445,Medical Instruments & Supplies,Trucking,False
APP,CPRT,0.3592147287869176,Advertising Agencies,Specialty Business Services,False
AMZN,ROST,0.3591925858772236,Internet Retail,Apparel Retail,False
EXC,VRSK,0.3591682688420742,Utilities - Regulated Electric,Consulting Services,False
PANW,TSLA,0.35902617086277205,Software - Infrastructure,Auto Manufacturers,False
AXON,DDOG,0.3588066640132292,Aerospace & Defense,Software - Application,False
COST,GOOGL,0.3587989774532367,Discount Stores,Internet Content & Information,False
LULU,ROP,0.3587978312803059,Apparel Retail,Software - Application,False
ABNB,WBD,0.35877213185120177,Travel Services,Entertainment,False
MAR,WBD,0.3586772369412504,Lodging,Entertainment,False
CTSH,FTNT,0.35837687843040245,Information Technology Services,Software - Infrastructure,False
IDXX,ON,0.3583705832553597,Diagnostics & Research,Semiconductors,False
TTD,TTWO,0.3583147993568671,Advertising Agencies,Electronic Gaming & Multimedia,False
INTC,ODFL,0.3582791891369566,Semiconductors,Trucking,False
CPRT,TSLA,0.35822751375632744,Specialty Business Services,Auto Manufacturers,False
BKNG,PCAR,0.35806572064793274,Travel Services,Farm & Heavy Construction Machinery,False
CDNS,GEHC,0.3580472615657108,Software - Application,Medical Devices,False
TSLA,WDAY,0.3580052347071744,Auto Manufacturers,Software - Application,False
ADI,APP,0.3579601873661892,Semiconductors,Advertising Agencies,False
BKNG,LULU,0.35792825942336115,Travel Services,Apparel Retail,False
DDOG,MAR,0.3577176554419014,Software - Application,Lodging,False
DXCM,MELI,0.35745911007385894,Medical Devices,Internet Retail,False
ADBE,HON,0.3574220545882924,Software - Application,Conglomerates,False
CMCSA,TXN,0.35736986832074114,Telecom Services,Semiconductors,False
ADSK,GEHC,0.35736576794050134,Software - Application,Medical Devices,False
AVGO,MAR,0.3572647051122521,Semiconductors,Lodging,False
PYPL,ROST,0.35707330883257676,Credit Services,Apparel Retail,False
APP,PANW,0.35691486209135764,Advertising Agencies,Software - Infrastructure,False
AMZN,SBUX,0.35678243998177434,Internet Retail,Restaurants,False
PAYX,ROST,0.35671293425332484,Software - Application,Apparel Retail,False
CSGP,LRCX,0.3566913688215977,Real Estate Services,Semiconductor Equipment & Materials,False
FTNT,ROP,0.356657565046986,Software - Infrastructure,Software - Application,False
CDW,TSLA,0.35650210999838683,Information Technology Services,Auto Manufacturers,False
ADBE,PLTR,0.3564139983833723,Software - Application,Software - Infrastructure,False
CCEP,TMUS,0.35629515827909697,Beverages - Non-Alcoholic,Telecom Services,False
COST,MELI,0.3562707447324433,Discount Stores,Internet Retail,False
AMZN,TTWO,0.356169565078637,Internet Retail,Electronic Gaming & Multimedia,False
CDNS,CEG,0.3560976269880522,Software - Application,Utilities - Independent Power Producers,False
APP,NXPI,0.3560705854153853,Advertising Agencies,Semiconductors,False
AXON,SNPS,0.3560008712470675,Aerospace & Defense,Software - Infrastructure,False
LIN,NVDA,0.3559607531018247,Specialty Chemicals,Semiconductors,False
DASH,LULU,0.3558827595610022,Internet Retail,Apparel Retail,False
DASH,MU,0.3558389753042214,Internet Retail,Semiconductors,False
AVGO,DASH,0.3557737660133765,Semiconductors,Internet Retail,False
CSX,ON,0.3555852821705247,Railroads,Semiconductors,False
CTSH,LULU,0.3555407512616747,Information Technology Services,Apparel Retail,False
FAST,PYPL,0.3554972964278577,Industrial Distribution,Credit Services,False
ADI,CMCSA,0.3554234002693378,Semiconductors,Telecom Services,False
CCEP,CMCSA,0.3554009575893243,Beverages - Non-Alcoholic,Telecom Services,False
FAST,GOOGL,0.35533629571305353,Industrial Distribution,Internet Content & Information,False
ARM,TSLA,0.35502813757850404,Semiconductors,Auto Manufacturers,False
MRVL,TTWO,0.35487852683628607,Semiconductors,Electronic Gaming & Multimedia,False
COST,PEP,0.35477256536643936,Discount Stores,Beverages - Non-Alcoholic,False
ADBE,TSLA,0.35443919467440477,Software - Application,Auto Manufacturers,False
ADP,LULU,0.3544256648748564,Software - Application,Apparel Retail,False
KDP,XEL,0.3543560794124427,Beverages - Non-Alcoholic,Utilities - Regulated Electric,False
BKNG,MDB,0.3542414383850272,Travel Services,Software - Infrastructure,False
AMAT,TEAM,0.354167140526535,Semiconductor Equipment & Materials,Software - Application,False
AVGO,IDXX,0.35385761056916315,Semiconductors,Diagnostics & Research,False
APP,MU,0.3538163487451482,Advertising Agencies,Semiconductors,False
LULU,MRVL,0.35377324364212415,Apparel Retail,Semiconductors,False
ASML,CSGP,0.353749048011442,Semiconductor Equipment & Materials,Real Estate Services,False
IDXX,MAR,0.3536966683020082,Diagnostics & Research,Lodging,False
AMD,LIN,0.3536090639759296,Semiconductors,Specialty Chemicals,False
GILD,REGN,0.35333861728307714,Drug Manufacturers - General,Biotechnology,False
DXCM,IDXX,0.3533217249776657,Medical Devices,Diagnostics & Research,False
ROP,ROST,0.35324740253851256,Software - Application,Apparel Retail,False
CSGP,FTNT,0.35321408863218845,Real Estate Services,Software - Infrastructure,False
FAST,ON,0.3530755699798511,Industrial Distribution,Semiconductors,False
ARM,ZS,0.3530498043052436,Semiconductors,Software - Infrastructure,False
MAR,ZS,0.3529030184877162,Lodging,Software - Infrastructure,False
AVGO,CTAS,0.35284818644703075,Semiconductors,Specialty Business Services,False
FTNT,NFLX,0.3526445131393576,Software - Infrastructure,Entertainment,False
AMD,CTAS,0.3526272790697171,Semiconductors,Specialty Business Services,False
AXON,KLAC,0.35247873194665846,Aerospace & Defense,Semiconductor Equipment & Materials,False
CDNS,CSX,0.3522998855270611,Software - Application,Railroads,False
HON,MNST,0.3522481476817902,Conglomerates,Beverages - Non-Alcoholic,False
COST,MNST,0.3521225675713795,Discount Stores,Beverages - Non-Alcoholic,False
MAR,TTD,0.3520192863542446,Lodging,Advertising Agencies,False
MU,PCAR,0.3518944723983335,Semiconductors,Farm & Heavy Construction Machinery,False
INTC,INTU,0.3518692130302341,Semiconductors,Software - Application,False
CSX,GFS,0.35180080898525207,Railroads,Semiconductors,False
AVGO,PYPL,0.35179279200722186,Semiconductors,Credit Services,False
TTWO,ZS,0.351695921981388,Electronic Gaming & Multimedia,Software - Infrastructure,False
MSFT,TTWO,0.3516262202534666,Software - Infrastructure,Electronic Gaming & Multimedia,False
CMCSA,FAST,0.35157677781278474,Telecom Services,Industrial Distribution,False
GOOGL,LULU,0.3515477308158707,Internet Content & Information,Apparel Retail,False
MU,PYPL,0.3515461909151481,Semiconductors,Credit Services,False
MSFT,ROST,0.3511661981129022,Software - Infrastructure,Apparel Retail,False
META,ODFL,0.351154670092928,Internet Content & Information,Trucking,False
CDW,META,0.3511359143246262,Information Technology Services,Internet Content & Information,False
ON,PAYX,0.35109565873816795,Semiconductors,Software - Application,False
ADI,TTWO,0.3509905621756275,Semiconductors,Electronic Gaming & Multimedia,False
CHTR,PAYX,0.35094712795619715,Telecom Services,Software - Application,False
MELI,MU,0.35092372709940367,Internet Retail,Semiconductors,False
CSX,VRSK,0.3508339159680169,Railroads,Consulting Services,False
FAST,MNST,0.35080477786421577,Industrial Distribution,Beverages - Non-Alcoholic,False
MNST,MSFT,0.35076544866714215,Beverages - Non-Alcoholic,Software - Infrastructure,False
ADI,NFLX,0.35076207705598555,Semiconductors,Entertainment,False
APP,MELI,0.35073813767438156,Advertising Agencies,Internet Retail,False
ORLY,PEP,0.3507124549425827,Auto Parts,Beverages - Non-Alcoholic,False
HON,SNPS,0.35061847486088493,Conglomerates,Software - Infrastructure,False
GFS,TTD,0.35048332461732595,Semiconductors,Advertising Agencies,False
CTAS,ZS,0.35038220636462813,Specialty Business Services,Software - Infrastructure,False
MU,PLTR,0.35031698797731986,Semiconductors,Software - Infrastructure,False
QCOM,ROST,0.3501725013008266,Semiconductors,Apparel Retail,False
GFS,SBUX,0.3500585162338387,Semiconductors,Restaurants,False
CTAS,META,0.35005397721376336,Specialty Business Services,Internet Content & Information,False
ADP,AEP,0.35002648116839996,Software - Application,Utilities - Regulated Electric,False
KHC,XEL,0.35001822988528036,Packaged Foods,Utilities - Regulated Electric,False
DDOG,TXN,0.34990382616032684,Software - Application,Semiconductors,False
BKNG,CMCSA,0.34986055038651515,Travel Services,Telecom Services,False
FTNT,PAYX,0.3497837558249573,Software - Infrastructure,Software - Application,False
GFS,MSTR,0.3497820322355822,Semiconductors,Software - Application,False
GOOGL,LIN,0.3496299649225957,Internet Content & Information,Specialty Chemicals,False
MSFT,SBUX,0.34960520461319883,Software - Infrastructure,Restaurants,False
AXON,ISRG,0.34959079594258374,Aerospace & Defense,Medical Instruments & Supplies,False
TEAM,TXN,0.349522202939265,Software - Application,Semiconductors,False
GILD,VRTX,0.3494279950136342,Drug Manufacturers - General,Biotechnology,False
ON,PANW,0.3494245798724735,Semiconductors,Software - Infrastructure,False
LIN,PEP,0.34929439701454107,Specialty Chemicals,Beverages - Non-Alcoholic,False
GILD,PEP,0.34928698727531504,Drug Manufacturers - General,Beverages - Non-Alcoholic,False
AVGO,MELI,0.3492632813553571,Semiconductors,Internet Retail,False
CDW,DASH,0.34909334134706543,Information Technology Services,Internet Retail,False
MAR,TEAM,0.349073580079257,Lodging,Software - Application,False
MDB,MU,0.34902697334596255,Software - Infrastructure,Semiconductors,False
AMGN,VRTX,0.3490234215074822,Drug Manufacturers - General,Biotechnology,False
CSGP,META,0.34900781987671925,Real Estate Services,Internet Content & Information,False
KLAC,PAYX,0.3489657324981166,Semiconductor Equipment & Materials,Software - Application,False
ADP,ASML,0.34884073193014065,Software - Application,Semiconductor Equipment & Materials,False
AMAT,NFLX,0.34881943338023197,Semiconductor Equipment & Materials,Entertainment,False
LRCX,ROST,0.34856486636231865,Semiconductor Equipment & Materials,Apparel Retail,False
DXCM,WDAY,0.34853344581414497,Medical Devices,Software - Application,False
NFLX,TTWO,0.3484680135707262,Entertainment,Electronic Gaming & Multimedia,False
COST,WDAY,0.3482814646892687,Discount Stores,Software - Application,False
CSX,IDXX,0.3481034955858862,Railroads,Diagnostics & Research,False
AEP,PAYX,0.3480036597221228,Utilities - Regulated Electric,Software - Application,False
DASH,SBUX,0.34799636800593065,Internet Retail,Restaurants,False
AMZN,HON,0.3477063686567549,Internet Retail,Conglomerates,False
META,TSLA,0.34770028046992124,Internet Content & Information,Auto Manufacturers,False
CSGP,GEHC,0.34764969480992713,Real Estate Services,Medical Devices,False
CPRT,TTWO,0.34762510772530614,Specialty Business Services,Electronic Gaming & Multimedia,False
AMD,ROP,0.34727942584762156,Semiconductors,Software - Application,False
ROP,ZS,0.3472412873961249,Software - Application,Software - Infrastructure,False
HON,MDLZ,0.3472326875767778,Conglomerates,Confectioners,False
CTAS,MU,0.3470610620937454,Specialty Business Services,Semiconductors,False
CCEP,ROST,0.3470323290203737,Beverages - Non-Alcoholic,Apparel Retail,False
CSGP,GOOGL,0.3470008885417527,Real Estate Services,Internet Content & Information,False
AMD,FAST,0.34697978413085195,Semiconductors,Industrial Distribution,False
CSCO,WDAY,0.34679402899341677,Communication Equipment,Software - Application,False
GOOGL,TTWO,0.3467356785729417,Internet Content & Information,Electronic Gaming & Multimedia,False
AMD,COST,0.34653788491980514,Semiconductors,Discount Stores,False
ADP,KLAC,0.3465319587803667,Software - Application,Semiconductor Equipment & Materials,False
CDW,MELI,0.346433666035996,Information Technology Services,Internet Retail,False
BKNG,CRWD,0.34615811787693834,Travel Services,Software - Infrastructure,False
CTAS,TEAM,0.34607454793628806,Specialty Business Services,Software - Application,False
MELI,MNST,0.34603530987623105,Internet Retail,Beverages - Non-Alcoholic,False
ORLY,ROST,0.3460087821715456,Auto Parts,Apparel Retail,False
CDNS,DXCM,0.3459944482038078,Software - Application,Medical Devices,False
FAST,LULU,0.3459601175344633,Industrial Distribution,Apparel Retail,False
MU,WDAY,0.34588995796223704,Semiconductors,Software - Application,False
FAST,ISRG,0.34584370492561717,Industrial Distribution,Medical Instruments & Supplies,False
AXON,MRVL,0.3458224864795388,Aerospace & Defense,Semiconductors,False
AAPL,MSTR,0.3456667217356645,Consumer Electronics,Software - Application,False
ASML,TTWO,0.34561407180677645,Semiconductor Equipment & Materials,Electronic Gaming & Multimedia,False
CMCSA,ROP,0.3453239085079154,Telecom Services,Software - Application,False
AMAT,GEHC,0.3452495654338486,Semiconductor Equipment & Materials,Medical Devices,False
ROP,SBUX,0.3452493052106597,Software - Application,Restaurants,False
CRWD,TXN,0.344931924269379,Software - Infrastructure,Semiconductors,False
MAR,META,0.3449275827741529,Lodging,Internet Content & Information,False
ROP,TMUS,0.34491271633641296,Software - Application,Telecom Services,False
CSCO,ROST,0.34486396593409024,Communication Equipment,Apparel Retail,False
VRSK,WDAY,0.3447855592716389,Consulting Services,Software - Application,False
AMAT,CSGP,0.3447175855772534,Semiconductor Equipment & Materials,Real Estate Services,False
CDNS,SBUX,0.3447157609455698,Software - Application,Restaurants,False
BKNG,TSLA,0.34470201142697193,Travel Services,Auto Manufacturers,False
HON,MRVL,0.3445692743242716,Conglomerates,Semiconductors,False
MRVL,SBUX,0.3444737046550393,Semiconductors,Restaurants,False
COST,ZS,0.3444627269694732,Discount Stores,Software - Infrastructure,False
MU,TTD,0.34430894880013535,Semiconductors,Advertising Agencies,False
AXON,LRCX,0.344305851559058,Aerospace & Defense,Semiconductor Equipment & Materials,False
CMCSA,LIN,0.34422131585541077,Telecom Services,Specialty Chemicals,False
CTSH,ZS,0.3442165351352262,Information Technology Services,Software - Infrastructure,False
FTNT,MAR,0.3440166580070661,Software - Infrastructure,Lodging,False
CRWD,CSGP,0.3439626955170079,Software - Infrastructure,Real Estate Services,False
CSGP,ROST,0.34394743967578373,Real Estate Services,Apparel Retail,False
TTWO,WDAY,0.34390306861683256,Electronic Gaming & Multimedia,Software - Application,False
BKNG,ODFL,0.34383699986287913,Travel Services,Trucking,False
CMCSA,NXPI,0.3437889394467004,Telecom Services,Semiconductors,False
ABNB,GEHC,0.34371773689462437,Travel Services,Medical Devices,False
ARM,MAR,0.3436841522280379,Semiconductors,Lodging,False
CMCSA,CSCO,0.3436322960946449,Telecom Services,Communication Equipment,False
CSX,LULU,0.343598153082184,Railroads,Apparel Retail,False
EXC,TMUS,0.3435950768647524,Utilities - Regulated Electric,Telecom Services,False
GFS,LIN,0.3433971121891525,Semiconductors,Specialty Chemicals,False
LIN,ORLY,0.3433248995535229,Specialty Chemicals,Auto Parts,False
CCEP,PAYX,0.3432274011692725,Beverages - Non-Alcoholic,Software - Application,False
GEHC,ON,0.343129339580141,Medical Devices,Semiconductors,False
CSGP,PCAR,0.34312727333812626,Real Estate Services,Farm & Heavy Construction Machinery,False
AMZN,CSX,0.3429869798119599,Internet Retail,Railroads,False
CDW,CRWD,0.3429441953599463,Information Technology Services,Software - Infrastructure,False
CMCSA,PYPL,0.3429423194608599,Telecom Services,Credit Services,False
GOOGL,MSTR,0.34283486688146,Internet Content & Information,Software - Application,False
AMAT,PAYX,0.34282500738344834,Semiconductor Equipment & Materials,Software - Application,False
CPRT,DXCM,0.34261769375564316,Specialty Business Services,Medical Devices,False
MU,ODFL,0.3425698533355171,Semiconductors,Trucking,False
FTNT,LULU,0.34245566362318136,Software - Infrastructure,Apparel Retail,False
APP,WDAY,0.3422533799848729,Advertising Agencies,Software - Application,False
IDXX,ROST,0.3422454478563104,Diagnostics & Research,Apparel Retail,False
DASH,MAR,0.3421982858695178,Internet Retail,Lodging,False
NFLX,NXPI,0.3421679247630728,Entertainment,Semiconductors,False
AMD,CEG,0.34198980475533897,Semiconductors,Utilities - Independent Power Producers,False
CHTR,CTSH,0.3419762049716142,Telecom Services,Information Technology Services,False
LIN,MRVL,0.34146300588942086,Specialty Chemicals,Semiconductors,False
NVDA,TTWO,0.3414346626581344,Semiconductors,Electronic Gaming & Multimedia,False
ABNB,NFLX,0.34143048379639734,Travel Services,Entertainment,False
ODFL,VRSK,0.3414243396442652,Trucking,Consulting Services,False
CDW,PANW,0.3414138348676066,Information Technology Services,Software - Infrastructure,False
ODFL,ZS,0.34128447193529565,Trucking,Software - Infrastructure,False
NVDA,ROP,0.3412534027707216,Semiconductors,Software - Application,False
COST,FTNT,0.3411727177322721,Discount Stores,Software - Infrastructure,False
ADP,CCEP,0.34101298355671006,Software - Application,Beverages - Non-Alcoholic,False
ARM,BKNG,0.3409933577340402,Semiconductors,Travel Services,False
ASML,AXON,0.3408824924852947,Semiconductor Equipment & Materials,Aerospace & Defense,False
PYPL,ROP,0.3408798146889781,Credit Services,Software - Application,False
ISRG,TTWO,0.3408797804946757,Medical Instruments & Supplies,Electronic Gaming & Multimedia,False
CSGP,MRVL,0.34073512042218684,Real Estate Services,Semiconductors,False
ARM,META,0.34040496892482686,Semiconductors,Internet Content & Information,False
LRCX,NFLX,0.3403804342858243,Semiconductor Equipment & Materials,Entertainment,False
ISRG,MSTR,0.34030610870919425,Medical Instruments & Supplies,Software - Application,False
AVGO,NFLX,0.34026871184426205,Semiconductors,Entertainment,False
MDB,TXN,0.34017507163262917,Software - Infrastructure,Semiconductors,False
FAST,ROST,0.3400877678843565,Industrial Distribution,Apparel Retail,False
PEP,TMUS,0.3397295012004829,Beverages - Non-Alcoholic,Telecom Services,False
BIIB,GEHC,0.33972312025152646,Drug Manufacturers - General,Medical Devices,False
PCAR,SBUX,0.33966145433602074,Farm & Heavy Construction Machinery,Restaurants,False
GFS,ROST,0.3396466355322138,Semiconductors,Apparel Retail,False
MU,SBUX,0.3396185623683553,Semiconductors,Restaurants,False
LRCX,PAYX,0.33959783340939226,Semiconductor Equipment & Materials,Software - Application,False
MSTR,SNPS,0.3395552527393855,Software - Application,Software - Infrastructure,False
COST,MDLZ,0.3395206908354714,Discount Stores,Confectioners,False
CSGP,MNST,0.3394505339179112,Real Estate Services,Beverages - Non-Alcoholic,False
COST,TSLA,0.33940502109094767,Discount Stores,Auto Manufacturers,False
ARM,MSTR,0.33936767527630896,Semiconductors,Software - Application,False
CRWD,DXCM,0.33930781469326876,Software - Infrastructure,Medical Devices,False
BKR,PCAR,0.3392457570563707,Oil & Gas Equipment & Services,Farm & Heavy Construction Machinery,False
AMGN,KHC,0.3391887029164156,Drug Manufacturers - General,Packaged Foods,False
SNPS,TTWO,0.33909784579649654,Software - Infrastructure,Electronic Gaming & Multimedia,False
META,PANW,0.33903478091840744,Internet Content & Information,Software - Infrastructure,False
EXC,KHC,0.33903041502018955,Utilities - Regulated Electric,Packaged Foods,False
AXON,MSFT,0.338918292364319,Aerospace & Defense,Software - Infrastructure,False
AVGO,CTSH,0.33890204041982674,Semiconductors,Information Technology Services,False
ADI,DXCM,0.33885969201919713,Semiconductors,Medical Devices,False
CTAS,DDOG,0.33877036501015034,Specialty Business Services,Software - Application,False
MELI,SBUX,0.33871122540577503,Internet Retail,Restaurants,False
ADBE,CSX,0.3386806075667792,Software - Application,Railroads,False
AMD,CSGP,0.3385646412272077,Semiconductors,Real Estate Services,False
CTSH,MNST,0.33841732373209693,Information Technology Services,Beverages - Non-Alcoholic,False
ISRG,MNST,0.33835774113019224,Medical Instruments & Supplies,Beverages - Non-Alcoholic,False
AZN,LIN,0.33814639741592384,Drug Manufacturers - General,Specialty Chemicals,False
AAPL,TTWO,0.3381363555048085,Consumer Electronics,Electronic Gaming & Multimedia,False
CSCO,INTC,0.3379606237497778,Communication Equipment,Semiconductors,False
CCEP,SBUX,0.33788134790876045,Beverages - Non-Alcoholic,Restaurants,False
ASML,GEHC,0.3378532007441949,Semiconductor Equipment & Materials,Medical Devices,False
ARM,DDOG,0.3377932175264483,Semiconductors,Software - Application,False
ADBE,SBUX,0.33768062116145253,Software - Application,Restaurants,False
EXC,LIN,0.3376584871078787,Utilities - Regulated Electric,Specialty Chemicals,False
MELI,PAYX,0.33760673627010834,Internet Retail,Software - Application,False
ODFL,TEAM,0.3375883104137844,Trucking,Software - Application,False
LIN,TMUS,0.337573159918686,Specialty Chemicals,Telecom Services,False
CDW,CMCSA,0.3374153441407239,Information Technology Services,Telecom Services,False
NFLX,TSLA,0.33731972028956114,Entertainment,Auto Manufacturers,False
GOOGL,INTC,0.3372309599029668,Internet Content & Information,Semiconductors,False
MDLZ,TMUS,0.3371668333587456,Confectioners,Telecom Services,False
CTSH,DDOG,0.3371304656483105,Information Technology Services,Software - Application,False
APP,QCOM,0.3370745019028127,Advertising Agencies,Semiconductors,False
MDB,MSTR,0.33705461250927027,Software - Infrastructure,Software - Application,False
CMCSA,MCHP,0.33701603661012497,Telecom Services,Semiconductors,False
AMD,TTWO,0.3369866878723724,Semiconductors,Electronic Gaming & Multimedia,False
NFLX,PANW,0.33686668645578577,Entertainment,Software - Infrastructure,False
AMD,SBUX,0.336796838167191,Semiconductors,Restaurants,False
CSCO,IDXX,0.33672332445622716,Communication Equipment,Diagnostics & Research,False
ABNB,IDXX,0.33670299126597797,Travel Services,Diagnostics & Research,False
LIN,META,0.33668574870564333,Specialty Chemicals,Internet Content & Information,False
INTC,MAR,0.33661178941226605,Semiconductors,Lodging,False
ADBE,AXON,0.33649848692405204,Software - Application,Aerospace & Defense,False
ADP,MRVL,0.33643266128058363,Software - Application,Semiconductors,False
ADBE,DXCM,0.3363124587817169,Software - Application,Medical Devices,False
ADI,PANW,0.33625701628082366,Semiconductors,Software - Infrastructure,False
AAPL,APP,0.3361213162437793,Consumer Electronics,Advertising Agencies,False
QCOM,TTWO,0.3359501426819425,Semiconductors,Electronic Gaming & Multimedia,False
AAPL,ARM,0.33584921642692683,Consumer Electronics,Semiconductors,False
GEHC,GFS,0.33574534848607457,Medical Devices,Semiconductors,False
ADBE,TTWO,0.3357098316374649,Software - Application,Electronic Gaming & Multimedia,False
ADP,AMAT,0.3355392521618634,Software - Application,Semiconductor Equipment & Materials,False
BKR,HON,0.3355214534150478,Oil & Gas Equipment & Services,Conglomerates,False
GEHC,IDXX,0.3355008605835621,Medical Devices,Diagnostics & Research,False
GOOGL,HON,0.3354388830504254,Internet Content & Information,Conglomerates,False
LIN,LULU,0.335415674694597,Specialty Chemicals,Apparel Retail,False
MRVL,ROP,0.33537908393966137,Semiconductors,Software - Application,False
ADP,ZS,0.3353604077141819,Software - Application,Software - Infrastructure,False
ABNB,AVGO,0.3351314877226821,Travel Services,Semiconductors,False
MNST,TMUS,0.33508813988039954,Beverages - Non-Alcoholic,Telecom Services,False
ARM,GOOGL,0.33507609502130214,Semiconductors,Internet Content & Information,False
ARM,SNPS,0.33504249455806223,Semiconductors,Software - Infrastructure,False
ABNB,AXON,0.33498932357021594,Travel Services,Aerospace & Defense,False
FANG,MAR,0.3349210198608607,Oil & Gas E&P,Lodging,False
CRWD,MAR,0.3348846870085388,Software - Infrastructure,Lodging,False
CRWD,TTWO,0.33482064829637,Software - Infrastructure,Electronic Gaming & Multimedia,False
CSCO,LULU,0.3346799816682831,Communication Equipment,Apparel Retail,False
ODFL,SBUX,0.3346378338300354,Trucking,Restaurants,False
PCAR,PYPL,0.3345697264796505,Farm & Heavy Construction Machinery,Credit Services,False
TEAM,TTWO,0.3344477678252882,Software - Application,Electronic Gaming & Multimedia,False
GOOGL,ODFL,0.3344387469391841,Internet Content & Information,Trucking,False
ABNB,ODFL,0.33442262405370404,Travel Services,Trucking,False
AAPL,CMCSA,0.334358889660896,Consumer Electronics,Telecom Services,False
COST,NFLX,0.3341371381547875,Discount Stores,Entertainment,False
COST,CSX,0.3340032674626365,Discount Stores,Railroads,False
DXCM,ZS,0.3339481280859154,Medical Devices,Software - Infrastructure,False
ABNB,PANW,0.3339050198575661,Travel Services,Software - Infrastructure,False
INTU,MNST,0.3337704659941355,Software - Application,Beverages - Non-Alcoholic,False
EXC,KDP,0.3337125386500032,Utilities - Regulated Electric,Beverages - Non-Alcoholic,False
FAST,MRVL,0.3336471980365566,Industrial Distribution,Semiconductors,False
CTSH,MU,0.33328553894494223,Information Technology Services,Semiconductors,False
ADSK,CCEP,0.333250202901536,Software - Application,Beverages - Non-Alcoholic,False
AVGO,TTD,0.3331673123762747,Semiconductors,Advertising Agencies,False
ROP,XEL,0.3330814552393958,Software - Application,Utilities - Regulated Electric,False
COST,PANW,0.33304181774296154,Discount Stores,Software - Infrastructure,False
AEP,CTAS,0.3329411794265155,Utilities - Regulated Electric,Specialty Business Services,False
ASML,PAYX,0.3327669806761835,Semiconductor Equipment & Materials,Software - Application,False
ROST,WDAY,0.33270650582743416,Apparel Retail,Software - Application,False
ADSK,PCAR,0.33261079863830206,Software - Application,Farm & Heavy Construction Machinery,False
HON,PEP,0.33259894084730374,Conglomerates,Beverages - Non-Alcoholic,False
CTAS,GEHC,0.33242717694355023,Specialty Business Services,Medical Devices,False
BKNG,IDXX,0.3323712830563911,Travel Services,Diagnostics & Research,False
AMD,AXON,0.3320134218210792,Semiconductors,Aerospace & Defense,False
CCEP,CTSH,0.3318607553674057,Beverages - Non-Alcoholic,Information Technology Services,False
CTSH,NVDA,0.331820791049283,Information Technology Services,Semiconductors,False
ODFL,ROST,0.3318002803984108,Trucking,Apparel Retail,False
LRCX,TTWO,0.33175681785039174,Semiconductor Equipment & Materials,Electronic Gaming & Multimedia,False
AEP,KDP,0.3317379735151444,Utilities - Regulated Electric,Beverages - Non-Alcoholic,False
CMCSA,SBUX,0.33169109391240514,Telecom Services,Restaurants,False
COST,LULU,0.3313278712771277,Discount Stores,Apparel Retail,False
ADBE,APP,0.33129295369357015,Software - Application,Advertising Agencies,False
CMCSA,CPRT,0.3311980964053457,Telecom Services,Specialty Business Services,False
CPRT,MSTR,0.3310895422749921,Specialty Business Services,Software - Application,False
COST,TMUS,0.3310740239390531,Discount Stores,Telecom Services,False
FAST,WDAY,0.33103639857830164,Industrial Distribution,Software - Application,False
CSX,PEP,0.33099624973640335,Railroads,Beverages - Non-Alcoholic,False
CDW,MDB,0.33090595598857486,Information Technology Services,Software - Infrastructure,False
ADP,ON,0.3305973530812382,Software - Application,Semiconductors,False
PAYX,ZS,0.33051622082582577,Software - Application,Software - Infrastructure,False
IDXX,MNST,0.330464216451006,Diagnostics & Research,Beverages - Non-Alcoholic,False
ODFL,PYPL,0.33038765148261867,Trucking,Credit Services,False
AVGO,ODFL,0.3302404032050559,Semiconductors,Trucking,False
EXC,ROP,0.330003694351894,Utilities - Regulated Electric,Software - Application,False
HON,ORLY,0.3299259194938838,Conglomerates,Auto Parts,False
DDOG,DXCM,0.329907193418422,Software - Application,Medical Devices,False
CSGP,CSX,0.32978010511066896,Real Estate Services,Railroads,False
APP,TTWO,0.3296976188851412,Advertising Agencies,Electronic Gaming & Multimedia,False
ADP,LRCX,0.3296703806307894,Software - Application,Semiconductor Equipment & Materials,False
CMCSA,PCAR,0.3291034826926861,Telecom Services,Farm & Heavy Construction Machinery,False
FTNT,TSLA,0.3290951871121029,Software - Infrastructure,Auto Manufacturers,False
ADP,KDP,0.32897290666671025,Software - Application,Beverages - Non-Alcoholic,False
AMZN,GEHC,0.3289320629396483,Internet Retail,Medical Devices,False
DXCM,MCHP,0.3289001851851904,Medical Devices,Semiconductors,False
CSCO,CSGP,0.32873976945514977,Communication Equipment,Real Estate Services,False
BKNG,ROP,0.3285781478971431,Travel Services,Software - Application,False
MDB,TTWO,0.32857032077998216,Software - Infrastructure,Electronic Gaming & Multimedia,False
CTAS,PANW,0.32856303998131986,Specialty Business Services,Software - Infrastructure,False
COST,GFS,0.32849246542428745,Discount Stores,Semiconductors,False
MSTR,NFLX,0.3284806673568992,Software - Application,Entertainment,False
CCEP,CDW,0.3284257803901375,Beverages - Non-Alcoholic,Information Technology Services,False
FAST,SBUX,0.3283550595040323,Industrial Distribution,Restaurants,False
MELI,ODFL,0.32831692341988655,Internet Retail,Trucking,False
GEHC,INTU,0.3282035631425076,Medical Devices,Software - Application,False
ADP,MELI,0.328163890399553,Software - Application,Internet Retail,False
FANG,PCAR,0.3281597826888694,Oil & Gas E&P,Farm & Heavy Construction Machinery,False
COST,MAR,0.32805998650760365,Discount Stores,Lodging,False
CRWD,INTC,0.3276718941505075,Software - Infrastructure,Semiconductors,False
AMAT,TTWO,0.3276128577604241,Semiconductor Equipment & Materials,Electronic Gaming & Multimedia,False
CSGP,NVDA,0.32754251099809356,Real Estate Services,Semiconductors,False
CSGP,DXCM,0.3275236783756146,Real Estate Services,Medical Devices,False
KLAC,TTWO,0.32743137516525284,Semiconductor Equipment & Materials,Electronic Gaming & Multimedia,False
CCEP,PCAR,0.32741460152773566,Beverages - Non-Alcoholic,Farm & Heavy Construction Machinery,False
CDW,DDOG,0.32737610026177405,Information Technology Services,Software - Application,False
IDXX,PANW,0.3272674173930261,Diagnostics & Research,Software - Infrastructure,False
LULU,NFLX,0.3271169592872557,Apparel Retail,Entertainment,False
INTC,META,0.32707304045993235,Semiconductors,Internet Content & Information,False
ODFL,PANW,0.327065276656612,Trucking,Software - Infrastructure,False
ABNB,PCAR,0.3269368481277809,Travel Services,Farm & Heavy Construction Machinery,False
DXCM,MSFT,0.3268877824149742,Medical Devices,Software - Infrastructure,False
ASML,DXCM,0.32686331930053286,Semiconductor Equipment & Materials,Medical Devices,False
ABNB,ROST,0.32665214884856153,Travel Services,Apparel Retail,False
MCHP,NFLX,0.32663656253496276,Semiconductors,Entertainment,False
HON,IDXX,0.32662745150910416,Conglomerates,Diagnostics & Research,False
DXCM,NXPI,0.3266114793730543,Medical Devices,Semiconductors,False
CSGP,ODFL,0.3265973000452088,Real Estate Services,Trucking,False
MELI,ROP,0.3262884903527415,Internet Retail,Software - Application,False
NFLX,TXN,0.32610912615347515,Entertainment,Semiconductors,False
INTC,ISRG,0.32607508692721116,Semiconductors,Medical Instruments & Supplies,False
BKNG,PLTR,0.32602192854702683,Travel Services,Software - Infrastructure,False
AXON,META,0.3258592474953071,Aerospace & Defense,Internet Content & Information,False
NVDA,SBUX,0.3258350409858828,Semiconductors,Restaurants,False
CTSH,VRSK,0.3256171347450755,Information Technology Services,Consulting Services,False
GEHC,PYPL,0.32556760586056244,Medical Devices,Credit Services,False
COST,CRWD,0.32544847045411535,Discount Stores,Software - Infrastructure,False
FAST,MELI,0.3253546782109807,Industrial Distribution,Internet Retail,False
CSX,PYPL,0.3252779156506423,Railroads,Credit Services,False
BKR,CSX,0.32516896116035127,Oil & Gas Equipment & Services,Railroads,False
HON,META,0.3250911973362128,Conglomerates,Internet Content & Information,False
CCEP,ISRG,0.3250240052566556,Beverages - Non-Alcoholic,Medical Instruments & Supplies,False
CSX,INTC,0.32496790450164165,Railroads,Semiconductors,False
APP,ON,0.32495876899989845,Advertising Agencies,Semiconductors,False
APP,MCHP,0.3248913389630879,Advertising Agencies,Semiconductors,False
ADI,MNST,0.32487404753365795,Semiconductors,Beverages - Non-Alcoholic,False
ORLY,TMUS,0.3248193811043595,Auto Parts,Telecom Services,False
MAR,MDB,0.32470400419469697,Lodging,Software - Infrastructure,False
MRVL,ROST,0.324465247732674,Semiconductors,Apparel Retail,False
LULU,PANW,0.32443177978960097,Apparel Retail,Software - Infrastructure,False
BKNG,NFLX,0.3243683143126761,Travel Services,Entertainment,False
CSCO,PANW,0.3243272826360529,Communication Equipment,Software - Infrastructure,False
CSX,SNPS,0.32428384967677726,Railroads,Software - Infrastructure,False
ABNB,INTC,0.3242548272306648,Travel Services,Semiconductors,False
BKNG,CSCO,0.3242365324573568,Travel Services,Communication Equipment,False
CSCO,PYPL,0.324171971430038,Communication Equipment,Credit Services,False
PLTR,TXN,0.3241680827041849,Software - Infrastructure,Semiconductors,False
APP,FTNT,0.32411136512640787,Advertising Agencies,Software - Infrastructure,False
ON,ROST,0.32405160650675435,Semiconductors,Apparel Retail,False
DXCM,KLAC,0.32378354020408173,Medical Devices,Semiconductor Equipment & Materials,False
BKNG,INTC,0.3236274696260322,Travel Services,Semiconductors,False
ARM,DASH,0.32362231688083903,Semiconductors,Internet Retail,False
AVGO,AXON,0.32351922719550014,Semiconductors,Aerospace & Defense,False
CCEP,ROP,0.323510793279526,Beverages - Non-Alcoholic,Software - Application,False
ADBE,MNST,0.32338551348785444,Software - Application,Beverages - Non-Alcoholic,False
FTNT,LIN,0.3233457575405691,Software - Infrastructure,Specialty Chemicals,False
IDXX,NFLX,0.32334506205009045,Diagnostics & Research,Entertainment,False
FAST,PEP,0.32315943822446724,Industrial Distribution,Beverages - Non-Alcoholic,False
PANW,TXN,0.3230108800528335,Software - Infrastructure,Semiconductors,False
ADSK,CMCSA,0.32292829733899814,Software - Application,Telecom Services,False
APP,BKNG,0.32288557935732776,Advertising Agencies,Travel Services,False
MRVL,PAYX,0.3228235103555294,Semiconductors,Software - Application,False
KDP,PAYX,0.32274092151846895,Beverages - Non-Alcoholic,Software - Application,False
META,TTWO,0.3226650068035363,Internet Content & Information,Electronic Gaming & Multimedia,False
CHTR,ROP,0.3226372858451434,Telecom Services,Software - Application,False
ABNB,PDD,0.3223867945007757,Travel Services,Internet Retail,False
MNST,ROST,0.32237051396270056,Beverages - Non-Alcoholic,Apparel Retail,False
HON,WDAY,0.3223629653359685,Conglomerates,Software - Application,False
BKNG,MSTR,0.32220183398349356,Travel Services,Software - Application,False
CPRT,INTC,0.3221629018200283,Specialty Business Services,Semiconductors,False
AVGO,HON,0.3220729371687852,Semiconductors,Conglomerates,False
CSCO,SNPS,0.3218444224055471,Communication Equipment,Software - Infrastructure,False
MNST,ORLY,0.3217041586545441,Beverages - Non-Alcoholic,Auto Parts,False
COST,SBUX,0.3215091288369135,Discount Stores,Restaurants,False
AMAT,AXON,0.32149627770858114,Semiconductor Equipment & Materials,Aerospace & Defense,False
AEP,HON,0.32119355110108266,Utilities - Regulated Electric,Conglomerates,False
GEHC,SNPS,0.32115132790660456,Medical Devices,Software - Infrastructure,False
CSX,GEHC,0.3211364312825776,Railroads,Medical Devices,False
AXON,NXPI,0.32083382739071653,Aerospace & Defense,Semiconductors,False
CCEP,NXPI,0.32079863504872125,Beverages - Non-Alcoholic,Semiconductors,False
GOOGL,ROST,0.3205095995746028,Internet Content & Information,Apparel Retail,False
AAPL,DXCM,0.32046339834038107,Consumer Electronics,Medical Devices,False
CEG,MSFT,0.32017554338240095,Utilities - Independent Power Producers,Software - Infrastructure,False
ASML,CCEP,0.3201744176075499,Semiconductor Equipment & Materials,Beverages - Non-Alcoholic,False
CSGP,NFLX,0.3201508957972179,Real Estate Services,Entertainment,False
GEHC,TSLA,0.32015015989231493,Medical Devices,Auto Manufacturers,False
CEG,CRWD,0.32003439801132927,Utilities - Independent Power Producers,Software - Infrastructure,False
ARM,INTU,0.3199415107132275,Semiconductors,Software - Application,False
CSX,GOOGL,0.3198013922097129,Railroads,Internet Content & Information,False
CSCO,VRSK,0.31973286137044676,Communication Equipment,Consulting Services,False
DASH,ODFL,0.31969725112703673,Internet Retail,Trucking,False
ABNB,HON,0.319672108312507,Travel Services,Conglomerates,False
ARM,ISRG,0.31966767682270225,Semiconductors,Medical Instruments & Supplies,False
CMCSA,INTU,0.31936795113505334,Telecom Services,Software - Application,False
CSCO,META,0.3193568244186093,Communication Equipment,Internet Content & Information,False
CHTR,HON,0.3191921274419285,Telecom Services,Conglomerates,False
SBUX,WDAY,0.319156621697759,Restaurants,Software - Application,False
AMGN,MDLZ,0.319080745423386,Drug Manufacturers - General,Confectioners,False
PANW,ROP,0.3189840977717717,Software - Infrastructure,Software - Application,False
DXCM,ON,0.31887975830686005,Medical Devices,Semiconductors,False
AVGO,TEAM,0.3188498677398435,Semiconductors,Software - Application,False
COST,CSGP,0.3185030790083698,Discount Stores,Real Estate Services,False
AMZN,LIN,0.3184837677164348,Internet Retail,Specialty Chemicals,False
ADP,GEHC,0.31844452481233726,Software - Application,Medical Devices,False
CTAS,DXCM,0.3182580995781283,Specialty Business Services,Medical Devices,False
CSX,MNST,0.3182577923307363,Railroads,Beverages - Non-Alcoholic,False
FAST,NVDA,0.3182451873074849,Industrial Distribution,Semiconductors,False
AXON,PANW,0.31807712586948167,Aerospace & Defense,Software - Infrastructure,False
MNST,WDAY,0.31792463150306893,Beverages - Non-Alcoholic,Software - Application,False
FANG,MCHP,0.31779346379913676,Oil & Gas E&P,Semiconductors,False
NFLX,ON,0.3177638183107444,Entertainment,Semiconductors,False
NVDA,ROST,0.3176629413052835,Semiconductors,Apparel Retail,False
INTC,WDAY,0.3174557342321068,Semiconductors,Software - Application,False
ADP,CHTR,0.3174325278033461,Software - Application,Telecom Services,False
ABNB,FTNT,0.31742421024705725,Travel Services,Software - Infrastructure,False
AMGN,CMCSA,0.31742137531477477,Drug Manufacturers - General,Telecom Services,False
IDXX,TTWO,0.3172322475167266,Diagnostics & Research,Electronic Gaming & Multimedia,False
ROST,TTD,0.3172163967958623,Apparel Retail,Advertising Agencies,False
CTSH,MDB,0.31715642132063704,Information Technology Services,Software - Infrastructure,False
AXON,NFLX,0.3170540176835598,Aerospace & Defense,Entertainment,False
DDOG,TTWO,0.31700279353958216,Software - Application,Electronic Gaming & Multimedia,False
CTSH,TTD,0.3170023801059013,Information Technology Services,Advertising Agencies,False
META,PAYX,0.3166357980893518,Internet Content & Information,Software - Application,False
PYPL,TTWO,0.31663302814172656,Credit Services,Electronic Gaming & Multimedia,False
MAR,PANW,0.31662948729532525,Lodging,Software - Infrastructure,False
CMCSA,MSFT,0.3166188376090663,Telecom Services,Software - Infrastructure,False
CCEP,CSX,0.31658835777007555,Beverages - Non-Alcoholic,Railroads,False
COST,DASH,0.31628661204155917,Discount Stores,Internet Retail,False
AVGO,MSTR,0.3162804967182366,Semiconductors,Software - Application,False
IDXX,PLTR,0.31622020917297256,Diagnostics & Research,Software - Infrastructure,False
ADI,CCEP,0.31620888539710434,Semiconductors,Beverages - Non-Alcoholic,False
BIIB,REGN,0.3160967680922871,Drug Manufacturers - General,Biotechnology,False
DXCM,SNPS,0.3156352056796992,Medical Devices,Software - Infrastructure,False
APP,ARM,0.31561159973533787,Advertising Agencies,Semiconductors,False
META,SBUX,0.31533704979085153,Internet Content & Information,Restaurants,False
HON,MELI,0.3152936911169259,Conglomerates,Internet Retail,False
GILD,MDLZ,0.3152420079108753,Drug Manufacturers - General,Confectioners,False
CMCSA,MDLZ,0.31521820763024705,Telecom Services,Confectioners,False
CMCSA,CSGP,0.31496585001787336,Telecom Services,Real Estate Services,False
MCHP,WBD,0.3148969079200929,Semiconductors,Entertainment,False
AVGO,LULU,0.31485317742966773,Semiconductors,Apparel Retail,False
COST,ON,0.3148498897670359,Discount Stores,Semiconductors,False
FAST,ZS,0.3147351648008536,Industrial Distribution,Software - Infrastructure,False
ON,ROP,0.3146744248803522,Semiconductors,Software - Application,False
AMD,HON,0.31450630638531607,Semiconductors,Conglomerates,False
INTC,LIN,0.3145017214478195,Semiconductors,Specialty Chemicals,False
INTC,PYPL,0.31449328887056455,Semiconductors,Credit Services,False
INTC,TSLA,0.3144354903271117,Semiconductors,Auto Manufacturers,False
AMD,DXCM,0.31422036586507485,Semiconductors,Medical Devices,False
MU,PANW,0.31419653722183344,Semiconductors,Software - Infrastructure,False
CDW,GEHC,0.31411299281500055,Information Technology Services,Medical Devices,False
ADP,META,0.3141042752063328,Software - Application,Internet Content & Information,False
CTSH,NFLX,0.3138439408959469,Information Technology Services,Entertainment,False
META,ROP,0.3137737467369417,Internet Content & Information,Software - Application,False
INTC,PCAR,0.31372982600965205,Semiconductors,Farm & Heavy Construction Machinery,False
ADI,AXON,0.3136266199394629,Semiconductors,Aerospace & Defense,False
AXON,IDXX,0.3135701027520373,Aerospace & Defense,Diagnostics & Research,False
ASML,PDD,0.31356409319295275,Semiconductor Equipment & Materials,Internet Retail,False
GEHC,MU,0.31351681554029814,Medical Devices,Semiconductors,False
CSX,WDAY,0.3134986353734928,Railroads,Software - Application,False
GFS,NFLX,0.31349686690039963,Semiconductors,Entertainment,False
CCEP,EXC,0.3133483102564055,Beverages - Non-Alcoholic,Utilities - Regulated Electric,False
MRVL,PCAR,0.31330146729225344,Semiconductors,Farm & Heavy Construction Machinery,False
CTSH,WBD,0.31326878981216666,Information Technology Services,Entertainment,False
CCEP,INTU,0.3132543113324318,Beverages - Non-Alcoholic,Software - Application,False
ADP,AMGN,0.3131222400328472,Software - Application,Drug Manufacturers - General,False
ADBE,CMCSA,0.31287912976495347,Software - Application,Telecom Services,False
AXON,MAR,0.3128564901584398,Aerospace & Defense,Lodging,False
BKNG,GEHC,0.3126679226124493,Travel Services,Medical Devices,False
NXPI,WBD,0.31261628702395783,Semiconductors,Entertainment,False
VRSK,ZS,0.31259514797475096,Consulting Services,Software - Infrastructure,False
PANW,VRSK,0.3125876831967314,Software - Infrastructure,Consulting Services,False
CSCO,MNST,0.312527899762175,Communication Equipment,Beverages - Non-Alcoholic,False
LULU,PCAR,0.3125038298899365,Apparel Retail,Farm & Heavy Construction Machinery,False
FTNT,MU,0.3124713842141457,Software - Infrastructure,Semiconductors,False
SBUX,SNPS,0.31242971140390485,Restaurants,Software - Infrastructure,False
BKR,CDW,0.3124221929144924,Oil & Gas Equipment & Services,Information Technology Services,False
MNST,TXN,0.31229810028754895,Beverages - Non-Alcoholic,Semiconductors,False
AXON,CSGP,0.31228471396890495,Aerospace & Defense,Real Estate Services,False
MU,TEAM,0.31228333303557193,Semiconductors,Software - Application,False
LULU,MU,0.3122067957240919,Apparel Retail,Semiconductors,False
MCHP,TTWO,0.3121997349357017,Semiconductors,Electronic Gaming & Multimedia,False
AVGO,SBUX,0.3121990561795667,Semiconductors,Restaurants,False
MAR,PLTR,0.3121111187284529,Lodging,Software - Infrastructure,False
TMUS,VRSK,0.31208344872967514,Telecom Services,Consulting Services,False
AEP,ROP,0.3120277800752447,Utilities - Regulated Electric,Software - Application,False
DXCM,PYPL,0.3119857836356973,Medical Devices,Credit Services,False
DXCM,NVDA,0.31193571199436737,Medical Devices,Semiconductors,False
AEP,VRSK,0.3119203150961594,Utilities - Regulated Electric,Consulting Services,False
ABNB,DXCM,0.31187288088096704,Travel Services,Medical Devices,False
ABNB,PAYX,0.311821827903702,Travel Services,Software - Application,False
CPRT,GEHC,0.31163223935363615,Specialty Business Services,Medical Devices,False
CMCSA,ISRG,0.3115434502221111,Telecom Services,Medical Instruments & Supplies,False
CTAS,INTC,0.311504515537756,Specialty Business Services,Semiconductors,False
GOOGL,SBUX,0.3114306380731576,Internet Content & Information,Restaurants,False
ODFL,TTD,0.31137466011601184,Trucking,Advertising Agencies,False
FAST,META,0.3111437482528471,Industrial Distribution,Internet Content & Information,False
DXCM,LRCX,0.311130797673742,Medical Devices,Semiconductor Equipment & Materials,False
HON,XEL,0.31075267143115526,Conglomerates,Utilities - Regulated Electric,False
ADBE,INTC,0.31064381455797024,Software - Application,Semiconductors,False
AMGN,HON,0.3105781109976703,Drug Manufacturers - General,Conglomerates,False
LULU,TSLA,0.3105529685602611,Apparel Retail,Auto Manufacturers,False
CPRT,TMUS,0.31046789261465557,Specialty Business Services,Telecom Services,False
AMGN,PAYX,0.3103770766205624,Drug Manufacturers - General,Software - Application,False
META,MSTR,0.31028255527950777,Internet Content & Information,Software - Application,False
ADBE,ROST,0.3102378740560178,Software - Application,Apparel Retail,False
ABNB,TTWO,0.31011132728007784,Travel Services,Electronic Gaming & Multimedia,False
TMUS,XEL,0.31010312022604036,Telecom Services,Utilities - Regulated Electric,False
BKNG,WBD,0.3099044425708931,Travel Services,Entertainment,False
CMCSA,QCOM,0.30990335451943435,Telecom Services,Semiconductors,False
EXC,HON,0.3097175863983584,Utilities - Regulated Electric,Conglomerates,False
CSX,FTNT,0.30967339343018396,Railroads,Software - Infrastructure,False
AXON,QCOM,0.30963939276277624,Aerospace & Defense,Semiconductors,False
CRWD,CTAS,0.3095966828794294,Software - Infrastructure,Specialty Business Services,False
GFS,WBD,0.30944267522033675,Semiconductors,Entertainment,False
DXCM,MDB,0.30938477823497224,Medical Devices,Software - Infrastructure,False
CTSH,TSLA,0.3093682605891774,Information Technology Services,Auto Manufacturers,False
DXCM,FTNT,0.3092941317824286,Medical Devices,Software - Infrastructure,False
BKNG,PANW,0.3092383260777332,Travel Services,Software - Infrastructure,False
CHTR,CTAS,0.3089397174773161,Telecom Services,Specialty Business Services,False
TTWO,TXN,0.30884654039493387,Electronic Gaming & Multimedia,Semiconductors,False
APP,MSTR,0.30862653452266564,Advertising Agencies,Software - Application,False
CDNS,ROST,0.3084237749195074,Software - Application,Apparel Retail,False
AEP,TMUS,0.30832474791105646,Utilities - Regulated Electric,Telecom Services,False
ADSK,CHTR,0.3082958211760059,Software - Application,Telecom Services,False
ADP,GILD,0.30827463943213607,Software - Application,Drug Manufacturers - General,False
MAR,MSTR,0.3082582812140565,Lodging,Software - Application,False
ARM,PANW,0.30808159120630263,Semiconductors,Software - Infrastructure,False
AAPL,WBD,0.3080567336297712,Consumer Electronics,Entertainment,False
AVGO,LIN,0.30800365905672433,Semiconductors,Specialty Chemicals,False
NXPI,TTWO,0.30797789939873726,Semiconductors,Electronic Gaming & Multimedia,False
AXON,TSLA,0.3079466580436931,Aerospace & Defense,Auto Manufacturers,False
CDW,MNST,0.3074445403960669,Information Technology Services,Beverages - Non-Alcoholic,False
FTNT,HON,0.3073530371912067,Software - Infrastructure,Conglomerates,False
CSGP,PLTR,0.3071678414634372,Real Estate Services,Software - Infrastructure,False
LRCX,PDD,0.30699874691623,Semiconductor Equipment & Materials,Internet Retail,False
AMGN,ROP,0.3068663501100539,Drug Manufacturers - General,Software - Application,False
FTNT,VRSK,0.30681398989392333,Software - Infrastructure,Consulting Services,False
DXCM,TTD,0.30680288007192935,Medical Devices,Advertising Agencies,False
LIN,MU,0.3067912127390387,Specialty Chemicals,Semiconductors,False
AXON,MU,0.3066140143924527,Aerospace & Defense,Semiconductors,False
DXCM,GOOGL,0.3066049497418068,Medical Devices,Internet Content & Information,False
AVGO,PCAR,0.30660016501918624,Semiconductors,Farm & Heavy Construction Machinery,False
BKR,MCHP,0.3065897836020853,Oil & Gas Equipment & Services,Semiconductors,False
AAPL,CCEP,0.30658716819498616,Consumer Electronics,Beverages - Non-Alcoholic,False
AMD,ROST,0.3065176046999911,Semiconductors,Apparel Retail,False
PLTR,TTWO,0.30651715226363174,Software - Infrastructure,Electronic Gaming & Multimedia,False
GEHC,WBD,0.30641639932041326,Medical Devices,Entertainment,False
CSCO,GEHC,0.30627427673589525,Communication Equipment,Medical Devices,False
BKNG,CSGP,0.3060324283415893,Travel Services,Real Estate Services,False
MELI,VRSK,0.30601279167694634,Internet Retail,Consulting Services,False
BKNG,MNST,0.3058538188593935,Travel Services,Beverages - Non-Alcoholic,False
GILD,PAYX,0.30567848075799275,Drug Manufacturers - General,Software - Application,False
ADP,DASH,0.30557227789411,Software - Application,Internet Retail,False
CRWD,ROP,0.3055377173958512,Software - Infrastructure,Software - Application,False
FAST,XEL,0.3055282948315333,Industrial Distribution,Utilities - Regulated Electric,False
CCEP,COST,0.3054647467722199,Beverages - Non-Alcoholic,Discount Stores,False
CMCSA,ODFL,0.30531321231178704,Telecom Services,Trucking,False
CMCSA,ROST,0.30507163187251474,Telecom Services,Apparel Retail,False
MU,ROST,0.3049256500004711,Semiconductors,Apparel Retail,False
DXCM,QCOM,0.3048902496409056,Medical Devices,Semiconductors,False
AAPL,AXON,0.3048531797846357,Consumer Electronics,Aerospace & Defense,False
CHTR,PYPL,0.30480888106693377,Telecom Services,Credit Services,False
KDP,LIN,0.3047940905485366,Beverages - Non-Alcoholic,Specialty Chemicals,False
APP,IDXX,0.30475585162066626,Advertising Agencies,Diagnostics & Research,False
INTC,LULU,0.3043907062214677,Semiconductors,Apparel Retail,False
APP,CSGP,0.3041918688543122,Advertising Agencies,Real Estate Services,False
PANW,PAYX,0.30413629956741817,Software - Infrastructure,Software - Application,False
DXCM,LULU,0.30411532831302307,Medical Devices,Apparel Retail,False
ODFL,TSLA,0.3040383977125321,Trucking,Auto Manufacturers,False
COST,TEAM,0.3039948056413044,Discount Stores,Software - Application,False
AMD,PDD,0.3039508684998912,Semiconductors,Internet Retail,False
CCEP,MELI,0.3038348324735112,Beverages - Non-Alcoholic,Internet Retail,False
AMD,PCAR,0.3036566170550379,Semiconductors,Farm & Heavy Construction Machinery,False
META,ROST,0.30333725271725615,Internet Content & Information,Apparel Retail,False
CSX,MRVL,0.3031918943571757,Railroads,Semiconductors,False
MNST,ODFL,0.3029591636037277,Beverages - Non-Alcoholic,Trucking,False
CSX,ORLY,0.3029285645496395,Railroads,Auto Parts,False
ADI,BKR,0.3029016280310969,Semiconductors,Oil & Gas Equipment & Services,False
CSCO,PEP,0.30280885131752927,Communication Equipment,Beverages - Non-Alcoholic,False
CSGP,PANW,0.3027234551851118,Real Estate Services,Software - Infrastructure,False
CMCSA,INTC,0.3026979485869118,Telecom Services,Semiconductors,False
KLAC,PDD,0.30269078816520006,Semiconductor Equipment & Materials,Internet Retail,False
AMD,CSX,0.3026212709505711,Semiconductors,Railroads,False
CTAS,TTD,0.30256416036980194,Specialty Business Services,Advertising Agencies,False
MELI,TTWO,0.3024106070548694,Internet Retail,Electronic Gaming & Multimedia,False
CRWD,CTSH,0.30223944497833743,Software - Infrastructure,Information Technology Services,False
COST,DDOG,0.30208363408388494,Discount Stores,Software - Application,False
AXON,MCHP,0.3018459659571305,Aerospace & Defense,Semiconductors,False
AMZN,VRSK,0.30181789141571813,Internet Retail,Consulting Services,False
FANG,NXPI,0.30171470184967664,Oil & Gas E&P,Semiconductors,False
PDD,PYPL,0.3016123670769851,Internet Retail,Credit Services,False
DXCM,TXN,0.30145625601492615,Medical Devices,Semiconductors,False
BKNG,FAST,0.3014505766877999,Travel Services,Industrial Distribution,False
FTNT,SBUX,0.30136535489821853,Software - Infrastructure,Restaurants,False
CSX,XEL,0.3013437946767066,Railroads,Utilities - Regulated Electric,False
ADP,PANW,0.30128374394600493,Software - Application,Software - Infrastructure,False
CTAS,NFLX,0.3012236372543318,Specialty Business Services,Entertainment,False
CDNS,VRSK,0.3012140716778864,Software - Application,Consulting Services,False
AEP,AMGN,0.3009309210047566,Utilities - Regulated Electric,Drug Manufacturers - General,False
AVGO,ROP,0.3008044777858663,Semiconductors,Software - Application,False
APP,MAR,0.3007899573094839,Advertising Agencies,Lodging,False
CSGP,MU,0.30071684802423043,Real Estate Services,Semiconductors,False
CTAS,DASH,0.30071289252929473,Specialty Business Services,Internet Retail,False
PAYX,TTD,0.3005022989903472,Software - Application,Advertising Agencies,False
CCEP,CSCO,0.3004491770225185,Beverages - Non-Alcoholic,Communication Equipment,False
BKR,GEHC,0.30014607014707406,Oil & Gas Equipment & Services,Medical Devices,False
CDW,DXCM,0.2999605982805363,Information Technology Services,Medical Devices,False
BKR,NXPI,0.2998767825819749,Oil & Gas Equipment & Services,Semiconductors,False
CDW,NFLX,0.2998726013773596,Information Technology Services,Entertainment,False
GEHC,PAYX,0.29982987044675125,Medical Devices,Software - Application,False
AVGO,ROST,0.2997417902314211,Semiconductors,Apparel Retail,False
PANW,TTWO,0.2997208141163916,Software - Infrastructure,Electronic Gaming & Multimedia,False
CTSH,PANW,0.2995843078381609,Information Technology Services,Software - Infrastructure,False
CDW,FANG,0.2995020514828444,Information Technology Services,Oil & Gas E&P,False
IDXX,TSLA,0.2994716365248487,Diagnostics & Research,Auto Manufacturers,False
DASH,FAST,0.29942644472703883,Internet Retail,Industrial Distribution,False
ADI,WBD,0.299275132701855,Semiconductors,Entertainment,False
CHTR,MAR,0.29917494186326316,Telecom Services,Lodging,False
CMCSA,META,0.2990235659634589,Telecom Services,Internet Content & Information,False
DDOG,ROST,0.2988587456921469,Software - Application,Apparel Retail,False
SBUX,ZS,0.2987343447328027,Restaurants,Software - Infrastructure,False
AXON,BKNG,0.2985547146190515,Aerospace & Defense,Travel Services,False
PDD,QCOM,0.29842634815691815,Internet Retail,Semiconductors,False
MRVL,PDD,0.2983379744282263,Semiconductors,Internet Retail,False
APP,TXN,0.29822645622937993,Advertising Agencies,Semiconductors,False
MU,PDD,0.2981416242459424,Semiconductors,Internet Retail,False
AXON,CDW,0.29809325791480185,Aerospace & Defense,Information Technology Services,False
AMZN,CMCSA,0.2980108962338445,Internet Retail,Telecom Services,False
AXON,ON,0.2979819563788039,Aerospace & Defense,Semiconductors,False
CMCSA,GFS,0.29793187634686363,Telecom Services,Semiconductors,False
ARM,CEG,0.29787851412695904,Semiconductors,Utilities - Independent Power Producers,False
KDP,VRSK,0.2978115181360656,Beverages - Non-Alcoholic,Consulting Services,False
ROST,VRSK,0.2977145800231639,Apparel Retail,Consulting Services,False
AMAT,DXCM,0.29753913209074623,Semiconductor Equipment & Materials,Medical Devices,False
CSX,MU,0.2975322693673073,Railroads,Semiconductors,False
ADBE,PCAR,0.2975083346485278,Software - Application,Farm & Heavy Construction Machinery,False
MDB,SBUX,0.2973527612017563,Software - Infrastructure,Restaurants,False
APP,CTSH,0.2973315270412505,Advertising Agencies,Information Technology Services,False
PYPL,VRSK,0.29728128526506403,Credit Services,Consulting Services,False
MDB,ODFL,0.29725933931015464,Software - Infrastructure,Trucking,False
FAST,FTNT,0.2969695616263372,Industrial Distribution,Software - Infrastructure,False
CCEP,MCHP,0.2969661806466548,Beverages - Non-Alcoholic,Semiconductors,False
AMD,PAYX,0.2969226899507321,Semiconductors,Software - Application,False
DDOG,ODFL,0.2968158232351162,Software - Application,Trucking,False
MNST,PYPL,0.29681136064270175,Beverages - Non-Alcoholic,Credit Services,False
HON,MU,0.29672078171231775,Conglomerates,Semiconductors,False
EXC,ORLY,0.29665252048171986,Utilities - Regulated Electric,Auto Parts,False
CSCO,ZS,0.2966502330664775,Communication Equipment,Software - Infrastructure,False
CDW,PLTR,0.29656677885490523,Information Technology Services,Software - Infrastructure,False
FAST,INTC,0.2964710586393894,Industrial Distribution,Semiconductors,False
IDXX,MSTR,0.2964433880455224,Diagnostics & Research,Software - Application,False
FAST,GEHC,0.2962662634313385,Industrial Distribution,Medical Devices,False
ROST,ZS,0.29620685124378376,Apparel Retail,Software - Infrastructure,False
DDOG,PDD,0.2960619243347132,Software - Application,Internet Retail,False
INTU,PCAR,0.29598499354685814,Software - Application,Farm & Heavy Construction Machinery,False
ABNB,ADP,0.29595430386730626,Travel Services,Software - Application,False
ABNB,LIN,0.2959323490157765,Travel Services,Specialty Chemicals,False
CTAS,KDP,0.2958836760043293,Specialty Business Services,Beverages - Non-Alcoholic,False
MU,NFLX,0.29587928147870574,Semiconductors,Entertainment,False
ADP,TTD,0.29586735478608733,Software - Application,Advertising Agencies,False
FAST,MDLZ,0.2956267948589468,Industrial Distribution,Confectioners,False
CHTR,TEAM,0.29555313988079535,Telecom Services,Software - Application,False
CSX,MDLZ,0.29546744091719507,Railroads,Confectioners,False
ADP,AMD,0.2952956320737629,Software - Application,Semiconductors,False
CDW,MSTR,0.29529020155476443,Information Technology Services,Software - Application,False
CCEP,ORLY,0.2952666988664233,Beverages - Non-Alcoholic,Auto Parts,False
BKR,ON,0.295116867145667,Oil & Gas Equipment & Services,Semiconductors,False
MDB,PDD,0.2949264956084305,Software - Infrastructure,Internet Retail,False
ADP,INTC,0.2948814852656155,Software - Application,Semiconductors,False
INTC,PAYX,0.2948312480642591,Semiconductors,Software - Application,False
DASH,GEHC,0.29467910506774503,Internet Retail,Medical Devices,False
ARM,GEHC,0.2946166197805531,Semiconductors,Medical Devices,False
AMAT,BKR,0.29438797287832014,Semiconductor Equipment & Materials,Oil & Gas Equipment & Services,False
CHTR,CPRT,0.29437580774231514,Telecom Services,Specialty Business Services,False
ISRG,PCAR,0.29429693073664603,Medical Instruments & Supplies,Farm & Heavy Construction Machinery,False
GILD,XEL,0.2942908036260003,Drug Manufacturers - General,Utilities - Regulated Electric,False
MAR,MNST,0.2942682712598887,Lodging,Beverages - Non-Alcoholic,False
FANG,HON,0.29426639635157575,Oil & Gas E&P,Conglomerates,False
AZN,PEP,0.29406659335133317,Drug Manufacturers - General,Beverages - Non-Alcoholic,False
EXC,FAST,0.29384874797701,Utilities - Regulated Electric,Industrial Distribution,False
LULU,PLTR,0.29381326937381086,Apparel Retail,Software - Infrastructure,False
LULU,MSTR,0.2937586050576999,Apparel Retail,Software - Application,False
CHTR,WBD,0.2936996956373423,Telecom Services,Entertainment,False
TSLA,TTWO,0.29361295520155256,Auto Manufacturers,Electronic Gaming & Multimedia,False
PDD,TTD,0.29350383048822787,Internet Retail,Advertising Agencies,False
DXCM,PAYX,0.293394952376106,Medical Devices,Software - Application,False
CRWD,ODFL,0.2933707562845761,Software - Infrastructure,Trucking,False
ADI,CEG,0.2932931359574753,Semiconductors,Utilities - Independent Power Producers,False
COST,KDP,0.29325834921614663,Discount Stores,Beverages - Non-Alcoholic,False
CDNS,PCAR,0.29319682707168504,Software - Application,Farm & Heavy Construction Machinery,False
ARM,NFLX,0.29318199794491784,Semiconductors,Entertainment,False
ON,TTWO,0.29317949783194464,Semiconductors,Electronic Gaming & Multimedia,False
CEG,PLTR,0.2931689399818811,Utilities - Independent Power Producers,Software - Infrastructure,False
DDOG,SBUX,0.29300118137999404,Software - Application,Restaurants,False
NXPI,PDD,0.2928064623420464,Semiconductors,Internet Retail,False
AMGN,XEL,0.2926469169670441,Drug Manufacturers - General,Utilities - Regulated Electric,False
SNPS,VRSK,0.29262614284685173,Software - Infrastructure,Consulting Services,False
DASH,PAYX,0.2926194076376525,Internet Retail,Software - Application,False
CMCSA,PEP,0.2925806237056869,Telecom Services,Beverages - Non-Alcoholic,False
DASH,TTWO,0.29246473480157903,Internet Retail,Electronic Gaming & Multimedia,False
COST,PYPL,0.2923753049984667,Discount Stores,Credit Services,False
DASH,ROST,0.2923038123866499,Internet Retail,Apparel Retail,False
CSGP,TSLA,0.292294527037425,Real Estate Services,Auto Manufacturers,False
ROST,SNPS,0.292271036961674,Apparel Retail,Software - Infrastructure,False
INTC,ZS,0.2921070314127197,Semiconductors,Software - Infrastructure,False
GEHC,META,0.29209006238404406,Medical Devices,Internet Content & Information,False
FANG,TXN,0.29203455535121103,Oil & Gas E&P,Semiconductors,False
AMD,GEHC,0.2919155472287004,Semiconductors,Medical Devices,False
GOOGL,MNST,0.29188355211247347,Internet Content & Information,Beverages - Non-Alcoholic,False
INTC,TEAM,0.29185824100360946,Semiconductors,Software - Application,False
CCEP,MSFT,0.2916951565735557,Beverages - Non-Alcoholic,Software - Infrastructure,False
DASH,DXCM,0.2914790181370197,Internet Retail,Medical Devices,False
AMAT,PDD,0.29125302195435937,Semiconductor Equipment & Materials,Internet Retail,False
CEG,ISRG,0.29123615826095806,Utilities - Independent Power Producers,Medical Instruments & Supplies,False
CMCSA,GEHC,0.29122113581091885,Telecom Services,Medical Devices,False
AXON,MSTR,0.29104375921854797,Aerospace & Defense,Software - Application,False
PDD,ZS,0.291032885909618,Internet Retail,Software - Infrastructure,False
CCEP,VRSK,0.2909795260186466,Beverages - Non-Alcoholic,Consulting Services,False
KHC,PAYX,0.290959456277366,Packaged Foods,Software - Application,False
GEHC,ROST,0.29093064982198796,Medical Devices,Apparel Retail,False
PEP,SBUX,0.29088411674727876,Beverages - Non-Alcoholic,Restaurants,False
MDLZ,SBUX,0.2907439520583641,Confectioners,Restaurants,False
INTC,ROP,0.29063122324234664,Semiconductors,Software - Application,False
CSX,EXC,0.2905920032284158,Railroads,Utilities - Regulated Electric,False
ADSK,PDD,0.2905684611083092,Software - Application,Internet Retail,False
CEG,CSCO,0.29056309152311594,Utilities - Independent Power Producers,Communication Equipment,False
ARM,MDB,0.29051382300035855,Semiconductors,Software - Infrastructure,False
CSGP,TTWO,0.2904067928177124,Real Estate Services,Electronic Gaming & Multimedia,False
ABNB,COST,0.2903057072970196,Travel Services,Discount Stores,False
MSTR,PANW,0.290211973101473,Software - Application,Software - Infrastructure,False
CSX,KDP,0.2900861877839414,Railroads,Beverages - Non-Alcoholic,False
BKR,PAYX,0.2900851303027488,Oil & Gas Equipment & Services,Software - Application,False
BKNG,TTWO,0.29001282750910784,Travel Services,Electronic Gaming & Multimedia,False
SBUX,TSLA,0.2898125614133376,Restaurants,Auto Manufacturers,False
FANG,ON,0.2897260517354638,Oil & Gas E&P,Semiconductors,False
ROP,TTD,0.28924007901755666,Software - Application,Advertising Agencies,False
AVGO,TTWO,0.2890224386877442,Semiconductors,Electronic Gaming & Multimedia,False
CCEP,KHC,0.28884859587159845,Beverages - Non-Alcoholic,Packaged Foods,False
CMCSA,WDAY,0.2887981910312253,Telecom Services,Software - Application,False
LULU,VRSK,0.28875289319663167,Apparel Retail,Consulting Services,False
ADP,NVDA,0.28870674987074996,Software - Application,Semiconductors,False
AZN,VRTX,0.28868807604296304,Drug Manufacturers - General,Biotechnology,False
KDP,ROP,0.28856735018742463,Beverages - Non-Alcoholic,Software - Application,False
CCEP,CSGP,0.2885019655323512,Beverages - Non-Alcoholic,Real Estate Services,False
MDB,ROP,0.2884937533352627,Software - Infrastructure,Software - Application,False
BKNG,COST,0.2883792803192806,Travel Services,Discount Stores,False
BKR,CSCO,0.28835664949311457,Oil & Gas Equipment & Services,Communication Equipment,False
CHTR,TXN,0.28828940595475466,Telecom Services,Semiconductors,False
APP,GFS,0.2882234744280666,Advertising Agencies,Semiconductors,False
FTNT,MSTR,0.28815311692661294,Software - Infrastructure,Software - Application,False
CTSH,TTWO,0.288062383024306,Information Technology Services,Electronic Gaming & Multimedia,False
SBUX,TEAM,0.2880274094077723,Restaurants,Software - Application,False
CEG,GOOGL,0.28785938826673163,Utilities - Independent Power Producers,Internet Content & Information,False
ON,WBD,0.2878445741526785,Semiconductors,Entertainment,False
APP,CDW,0.28776021725143586,Advertising Agencies,Information Technology Services,False
LIN,XEL,0.28761625556196985,Specialty Chemicals,Utilities - Regulated Electric,False
PCAR,SNPS,0.2875596564786069,Farm & Heavy Construction Machinery,Software - Infrastructure,False
BKR,LRCX,0.287026216662741,Oil & Gas Equipment & Services,Semiconductor Equipment & Materials,False
ROST,TEAM,0.2869786606815781,Apparel Retail,Software - Application,False
BKNG,FTNT,0.28697566288339965,Travel Services,Software - Infrastructure,False
DXCM,META,0.2869383299359491,Medical Devices,Internet Content & Information,False
AMZN,CEG,0.28685359071397104,Internet Retail,Utilities - Independent Power Producers,False
ABNB,FAST,0.2866142013637669,Travel Services,Industrial Distribution,False
AMAT,FANG,0.2864011234451613,Semiconductor Equipment & Materials,Oil & Gas E&P,False
CMCSA,MNST,0.28638760105934075,Telecom Services,Beverages - Non-Alcoholic,False
HON,WBD,0.28631471022671195,Conglomerates,Entertainment,False
CSX,META,0.2863013362706314,Railroads,Internet Content & Information,False
CDW,VRSK,0.28609796875640015,Information Technology Services,Consulting Services,False
ARM,TEAM,0.28607417823135095,Semiconductors,Software - Application,False
CCEP,FAST,0.28603961711689785,Beverages - Non-Alcoholic,Industrial Distribution,False
BKNG,BKR,0.28598743973542523,Travel Services,Oil & Gas Equipment & Services,False
APP,CEG,0.2859791640188811,Advertising Agencies,Utilities - Independent Power Producers,False
CSX,FANG,0.2859058937089376,Railroads,Oil & Gas E&P,False
CDNS,MNST,0.285740122680893,Software - Application,Beverages - Non-Alcoholic,False
GILD,HON,0.28561801246838764,Drug Manufacturers - General,Conglomerates,False
AMGN,KDP,0.28554095350330777,Drug Manufacturers - General,Beverages - Non-Alcoholic,False
INTC,PANW,0.28552828997533375,Semiconductors,Software - Infrastructure,False
CTAS,MDB,0.285429963861225,Specialty Business Services,Software - Infrastructure,False
MU,ROP,0.285270978498342,Semiconductors,Software - Application,False
AEP,GILD,0.2851993028038844,Utilities - Regulated Electric,Drug Manufacturers - General,False
AVGO,FAST,0.2851323307593112,Semiconductors,Industrial Distribution,False
GEHC,PLTR,0.2850851607740657,Medical Devices,Software - Infrastructure,False
CPRT,PEP,0.28508050181782857,Specialty Business Services,Beverages - Non-Alcoholic,False
CMCSA,ON,0.28505744411067224,Telecom Services,Semiconductors,False
CCEP,XEL,0.28505694083638367,Beverages - Non-Alcoholic,Utilities - Regulated Electric,False
COST,TTD,0.2850543688132631,Discount Stores,Advertising Agencies,False
AVGO,GEHC,0.28499868714226817,Semiconductors,Medical Devices,False
ADBE,CHTR,0.28497949985461635,Software - Application,Telecom Services,False
AVGO,CSGP,0.2848137773310638,Semiconductors,Real Estate Services,False
BKR,CEG,0.2844272233842438,Oil & Gas Equipment & Services,Utilities - Independent Power Producers,False
MCHP,PDD,0.2843433447794149,Semiconductors,Internet Retail,False
FAST,TMUS,0.2841857769205699,Industrial Distribution,Telecom Services,False
COST,DXCM,0.28416265166428817,Discount Stores,Medical Devices,False
PYPL,WBD,0.2841244664896501,Credit Services,Entertainment,False
AXON,TXN,0.2838741679600288,Aerospace & Defense,Semiconductors,False
CEG,MCHP,0.2837717272210846,Utilities - Independent Power Producers,Semiconductors,False
SBUX,TTD,0.2837497042961407,Restaurants,Advertising Agencies,False
TSLA,WBD,0.28373816026264664,Auto Manufacturers,Entertainment,False
GEHC,MRVL,0.28355204030702547,Medical Devices,Semiconductors,False
INTC,MDB,0.2835313648671927,Semiconductors,Software - Infrastructure,False
CCEP,WDAY,0.28348874991939166,Beverages - Non-Alcoholic,Software - Application,False
GEHC,REGN,0.2832967237704423,Medical Devices,Biotechnology,False
AXON,GFS,0.2832289985118228,Aerospace & Defense,Semiconductors,False
KHC,MNST,0.28313129494548206,Packaged Foods,Beverages - Non-Alcoholic,False
BKNG,FANG,0.28297439576268535,Travel Services,Oil & Gas E&P,False
CSGP,MSTR,0.2829215726460682,Real Estate Services,Software - Application,False
AEP,LIN,0.2828691552102168,Utilities - Regulated Electric,Specialty Chemicals,False
AMZN,MNST,0.28265157287581916,Internet Retail,Beverages - Non-Alcoholic,False
AZN,MDLZ,0.2826505101216342,Drug Manufacturers - General,Confectioners,False
DXCM,NFLX,0.28256795449529776,Medical Devices,Entertainment,False
CSX,NVDA,0.282554208683679,Railroads,Semiconductors,False
CTSH,DASH,0.2825382814494979,Information Technology Services,Internet Retail,False
HON,KHC,0.2824984061807827,Conglomerates,Packaged Foods,False
ADP,BKR,0.28248315717815775,Software - Application,Oil & Gas Equipment & Services,False
CDW,CHTR,0.28229290589182526,Information Technology Services,Telecom Services,False
ABNB,CTAS,0.2821928882535868,Travel Services,Specialty Business Services,False
AZN,CCEP,0.2821773345537274,Drug Manufacturers - General,Beverages - Non-Alcoholic,False
ADI,CHTR,0.28210944371365143,Semiconductors,Telecom Services,False
MAR,VRSK,0.2820714166978531,Lodging,Consulting Services,False
CSCO,GILD,0.2820186199128545,Communication Equipment,Drug Manufacturers - General,False
ADP,AVGO,0.2819654763968399,Software - Application,Semiconductors,False
DASH,MNST,0.2819025792533762,Internet Retail,Beverages - Non-Alcoholic,False
CMCSA,GOOGL,0.28187235972599867,Telecom Services,Internet Content & Information,False
CTAS,TSLA,0.2817792379273152,Specialty Business Services,Auto Manufacturers,False
CHTR,INTU,0.28177635510105625,Telecom Services,Software - Application,False
BKR,LIN,0.2817159837597284,Oil & Gas Equipment & Services,Specialty Chemicals,False
AAPL,PEP,0.28171557233251165,Consumer Electronics,Beverages - Non-Alcoholic,False
COST,MDB,0.28169627973651024,Discount Stores,Software - Infrastructure,False
LIN,TEAM,0.2816808756611663,Specialty Chemicals,Software - Application,False
CCEP,TXN,0.2814959336350491,Beverages - Non-Alcoholic,Semiconductors,False
CMCSA,VRSK,0.28146566087846525,Telecom Services,Consulting Services,False
APP,COST,0.28137643909894267,Advertising Agencies,Discount Stores,False
AMGN,CCEP,0.28124057036673383,Drug Manufacturers - General,Beverages - Non-Alcoholic,False
ON,PDD,0.28110945401113024,Semiconductors,Internet Retail,False
CMCSA,MELI,0.280724133435103,Telecom Services,Internet Retail,False
ADI,FANG,0.2806838822149175,Semiconductors,Oil & Gas E&P,False
AAPL,CHTR,0.2805202175563206,Consumer Electronics,Telecom Services,False
SBUX,TMUS,0.2804580819636095,Restaurants,Telecom Services,False
LIN,TTD,0.2804434517367187,Specialty Chemicals,Advertising Agencies,False
CHTR,CSX,0.2801873595077941,Telecom Services,Railroads,False
NVDA,PAYX,0.28006025760608083,Semiconductors,Software - Application,False
CHTR,FAST,0.2800415811781221,Telecom Services,Industrial Distribution,False
ROST,TSLA,0.2800213021923204,Apparel Retail,Auto Manufacturers,False
GILD,KHC,0.2797823965120135,Drug Manufacturers - General,Packaged Foods,False
DASH,LIN,0.27958251486255814,Internet Retail,Specialty Chemicals,False
MSTR,TTWO,0.2794115254502996,Software - Application,Electronic Gaming & Multimedia,False
DXCM,LIN,0.2794096011930288,Medical Devices,Specialty Chemicals,False
TXN,WBD,0.2792699812974875,Semiconductors,Entertainment,False
CTSH,DXCM,0.27906548628204225,Information Technology Services,Medical Devices,False
BKNG,CHTR,0.27905940064391915,Travel Services,Telecom Services,False
ADP,CRWD,0.2788680333601287,Software - Application,Software - Infrastructure,False
AXON,GOOGL,0.2788341744244644,Aerospace & Defense,Internet Content & Information,False
ARM,CSCO,0.2788295792672027,Semiconductors,Communication Equipment,False
CRWD,CSCO,0.2788177706015892,Software - Infrastructure,Communication Equipment,False
MDLZ,ORLY,0.2786323962005217,Confectioners,Auto Parts,False
AXON,LULU,0.2785637418858315,Aerospace & Defense,Apparel Retail,False
AVGO,PAYX,0.2785553129942115,Semiconductors,Software - Application,False
ADP,DXCM,0.27845823073877596,Software - Application,Medical Devices,False
CDW,CEG,0.27845616689424696,Information Technology Services,Utilities - Independent Power Producers,False
HON,NVDA,0.2782840922001175,Conglomerates,Semiconductors,False
FTNT,MNST,0.2780648779825925,Software - Infrastructure,Beverages - Non-Alcoholic,False
AMZN,WBD,0.2778743552860558,Internet Retail,Entertainment,False
CDW,ORLY,0.27786198591677796,Information Technology Services,Auto Parts,False
PCAR,WBD,0.2777481890295131,Farm & Heavy Construction Machinery,Entertainment,False
DXCM,PLTR,0.27772907947794856,Medical Devices,Software - Infrastructure,False
DXCM,MRVL,0.27769022894009215,Medical Devices,Semiconductors,False
ABNB,ROP,0.27767320547541124,Travel Services,Software - Application,False
ODFL,ORLY,0.27766167247973406,Trucking,Auto Parts,False
CEG,QCOM,0.2776542579149803,Utilities - Independent Power Producers,Semiconductors,False
CTSH,MSTR,0.2775950334676317,Information Technology Services,Software - Application,False
NVDA,PDD,0.27750358120842394,Semiconductors,Internet Retail,False
IDXX,INTC,0.27741622718408826,Diagnostics & Research,Semiconductors,False
BKR,CTSH,0.27730130894797456,Oil & Gas Equipment & Services,Information Technology Services,False
FTNT,TTWO,0.2772879164366263,Software - Infrastructure,Electronic Gaming & Multimedia,False
GEHC,SBUX,0.27716441480212484,Medical Devices,Restaurants,False
AXON,DXCM,0.2771360307421422,Aerospace & Defense,Medical Devices,False
CHTR,MCHP,0.2770502548126466,Telecom Services,Semiconductors,False
ABNB,CMCSA,0.2769787933414336,Travel Services,Telecom Services,False
PDD,PLTR,0.2769494505809495,Internet Retail,Software - Infrastructure,False
COST,TTWO,0.2768878826997434,Discount Stores,Electronic Gaming & Multimedia,False
MELI,TMUS,0.2768290102710997,Internet Retail,Telecom Services,False
EXC,MNST,0.276774478765801,Utilities - Regulated Electric,Beverages - Non-Alcoholic,False
QCOM,WBD,0.27675920803052934,Semiconductors,Entertainment,False
TEAM,VRSK,0.27672448476787814,Software - Application,Consulting Services,False
NVDA,PCAR,0.2767178160273872,Semiconductors,Farm & Heavy Construction Machinery,False
CSCO,TMUS,0.276640659426952,Communication Equipment,Telecom Services,False
BKR,KLAC,0.27651194662648604,Oil & Gas Equipment & Services,Semiconductor Equipment & Materials,False
ODFL,PLTR,0.2764627162857022,Trucking,Software - Infrastructure,False
HON,KDP,0.2764242267485342,Conglomerates,Beverages - Non-Alcoholic,False
CSCO,KDP,0.27642014575339696,Communication Equipment,Beverages - Non-Alcoholic,False
AXON,CTSH,0.27633300602932703,Aerospace & Defense,Information Technology Services,False
MSTR,SBUX,0.27624586721214744,Software - Application,Restaurants,False
FANG,LRCX,0.27606571151298487,Oil & Gas E&P,Semiconductor Equipment & Materials,False
DDOG,LIN,0.27568294984704433,Software - Application,Specialty Chemicals,False
GILD,LIN,0.2755641972540508,Drug Manufacturers - General,Specialty Chemicals,False
BIIB,VRTX,0.2755597717128173,Drug Manufacturers - General,Biotechnology,False
FANG,GEHC,0.2755592480149232,Oil & Gas E&P,Medical Devices,False
MSTR,ODFL,0.27536728179997094,Software - Application,Trucking,False
DXCM,ROP,0.27528387763933854,Medical Devices,Software - Application,False
FAST,TTD,0.27517018879067673,Industrial Distribution,Advertising Agencies,False
APP,LULU,0.2751416960624398,Advertising Agencies,Apparel Retail,False
MDB,PAYX,0.275074912118541,Software - Infrastructure,Software - Application,False
ADP,KHC,0.27497477279506083,Software - Application,Packaged Foods,False
CSGP,ORLY,0.27495082851027647,Real Estate Services,Auto Parts,False
CTAS,VRTX,0.2749437556841232,Specialty Business Services,Biotechnology,False
ROST,TMUS,0.27487115497688797,Apparel Retail,Telecom Services,False
GEHC,NVDA,0.2748444097689911,Medical Devices,Semiconductors,False
GFS,TTWO,0.2748410138316084,Semiconductors,Electronic Gaming & Multimedia,False
FANG,KLAC,0.2746650609404951,Oil & Gas E&P,Semiconductor Equipment & Materials,False
GILD,TMUS,0.2745737374329122,Drug Manufacturers - General,Telecom Services,False
MNST,NXPI,0.274426319945318,Beverages - Non-Alcoholic,Semiconductors,False
ADP,MDB,0.27434284889992305,Software - Application,Software - Infrastructure,False
DXCM,MAR,0.274300927270139,Medical Devices,Lodging,False
CCEP,CHTR,0.2742738152922198,Beverages - Non-Alcoholic,Telecom Services,False
ORLY,PCAR,0.2742659428147727,Auto Parts,Farm & Heavy Construction Machinery,False
APP,WBD,0.27413854895289386,Advertising Agencies,Entertainment,False
CSCO,TEAM,0.27384268627968517,Communication Equipment,Software - Application,False
DXCM,PANW,0.2738253250433495,Medical Devices,Software - Infrastructure,False
COST,MU,0.2737963869655818,Discount Stores,Semiconductors,False
CEG,TSLA,0.273787057083423,Utilities - Independent Power Producers,Auto Manufacturers,False
CCEP,KLAC,0.27370469705685685,Beverages - Non-Alcoholic,Semiconductor Equipment & Materials,False
FANG,GFS,0.2735528870990052,Oil & Gas E&P,Semiconductors,False
GEHC,MSFT,0.2733455988472029,Medical Devices,Software - Infrastructure,False
TXN,VRSK,0.2732777133081789,Semiconductors,Consulting Services,False
LULU,MNST,0.2732631442956255,Apparel Retail,Beverages - Non-Alcoholic,False
GEHC,VRSK,0.27319610398985883,Medical Devices,Consulting Services,False
AAPL,TMUS,0.2731363280668436,Consumer Electronics,Telecom Services,False
CEG,SNPS,0.2729175233305106,Utilities - Independent Power Producers,Software - Infrastructure,False
AMZN,PCAR,0.2727501640090734,Internet Retail,Farm & Heavy Construction Machinery,False
AEP,AZN,0.2726915935211352,Utilities - Regulated Electric,Drug Manufacturers - General,False
CEG,TXN,0.27267431594774433,Utilities - Independent Power Producers,Semiconductors,False
LIN,MDB,0.27265567985056455,Specialty Chemicals,Software - Infrastructure,False
PEP,VRTX,0.2725385296718611,Beverages - Non-Alcoholic,Biotechnology,False
AMAT,CCEP,0.27253267698105255,Semiconductor Equipment & Materials,Beverages - Non-Alcoholic,False
ABNB,CSCO,0.27247954408826053,Travel Services,Communication Equipment,False
IDXX,REGN,0.27245897401073477,Diagnostics & Research,Biotechnology,False
AEP,FAST,0.27226367139595087,Utilities - Regulated Electric,Industrial Distribution,False
BKR,TXN,0.27217581223427983,Oil & Gas Equipment & Services,Semiconductors,False
ARM,CPRT,0.2719237823101323,Semiconductors,Specialty Business Services,False
HON,TTD,0.2718956622900462,Conglomerates,Advertising Agencies,False
ASML,MNST,0.2718326481750207,Semiconductor Equipment & Materials,Beverages - Non-Alcoholic,False
AEP,CSX,0.27173870702557384,Utilities - Regulated Electric,Railroads,False
CHTR,VRSK,0.2717020202704127,Telecom Services,Consulting Services,False
MU,TTWO,0.2716872774554332,Semiconductors,Electronic Gaming & Multimedia,False
CHTR,SBUX,0.27167585251101434,Telecom Services,Restaurants,False
AXON,CTAS,0.2716741613363951,Aerospace & Defense,Specialty Business Services,False
MCHP,MNST,0.2715644934071487,Semiconductors,Beverages - Non-Alcoholic,False
PDD,WDAY,0.2714649498748141,Internet Retail,Software - Application,False
CTSH,MDLZ,0.27142523162697757,Information Technology Services,Confectioners,False
DXCM,ODFL,0.2713135149820999,Medical Devices,Trucking,False
LIN,PANW,0.2709582825184804,Specialty Chemicals,Software - Infrastructure,False
AZN,XEL,0.27085929247773344,Drug Manufacturers - General,Utilities - Regulated Electric,False
NFLX,SBUX,0.27085895814949457,Entertainment,Restaurants,False
ABNB,MNST,0.27082327555399255,Travel Services,Beverages - Non-Alcoholic,False
CCEP,QCOM,0.270811278263268,Beverages - Non-Alcoholic,Semiconductors,False
AMAT,CMCSA,0.2706972805716535,Semiconductor Equipment & Materials,Telecom Services,False
AMGN,CTSH,0.2706810443791788,Drug Manufacturers - General,Information Technology Services,False
CTSH,PLTR,0.27057930802246716,Information Technology Services,Software - Infrastructure,False
CCEP,LRCX,0.27057543431983067,Beverages - Non-Alcoholic,Semiconductor Equipment & Materials,False
MSTR,ROST,0.27028188148230464,Software - Application,Apparel Retail,False
CTSH,GILD,0.2702505396555824,Information Technology Services,Drug Manufacturers - General,False
GOOGL,PCAR,0.2700060027158356,Internet Content & Information,Farm & Heavy Construction Machinery,False
INTC,PLTR,0.26999829560135524,Semiconductors,Software - Infrastructure,False
IDXX,VRTX,0.26998204593645403,Diagnostics & Research,Biotechnology,False
NFLX,PAYX,0.2699074886432797,Entertainment,Software - Application,False
PAYX,TSLA,0.2698900254956726,Software - Application,Auto Manufacturers,False
MAR,NFLX,0.26968964327444583,Lodging,Entertainment,False
APP,CTAS,0.26963195525066597,Advertising Agencies,Specialty Business Services,False
CCEP,PYPL,0.26959473710258164,Beverages - Non-Alcoholic,Credit Services,False
CSX,TMUS,0.26955853383475287,Railroads,Telecom Services,False
PDD,TEAM,0.26943272410510416,Internet Retail,Software - Application,False
PLTR,SBUX,0.2693907068822926,Software - Infrastructure,Restaurants,False
LIN,ZS,0.2693665219340611,Specialty Chemicals,Software - Infrastructure,False
CEG,NXPI,0.26934000353524795,Utilities - Independent Power Producers,Semiconductors,False
TTD,WBD,0.2692496615378567,Advertising Agencies,Entertainment,False
PLTR,WBD,0.26921209209626396,Software - Infrastructure,Entertainment,False
MDB,ROST,0.26914700425345967,Software - Infrastructure,Apparel Retail,False
CSCO,EXC,0.2691140185724694,Communication Equipment,Utilities - Regulated Electric,False
COST,PLTR,0.2689117934513697,Discount Stores,Software - Infrastructure,False
ADP,NFLX,0.2687438053319468,Software - Application,Entertainment,False
CTAS,TTWO,0.2687011741897859,Specialty Business Services,Electronic Gaming & Multimedia,False
HON,VRTX,0.26861239390032116,Conglomerates,Biotechnology,False
ROP,VRTX,0.2682918929132056,Software - Application,Biotechnology,False
KHC,PCAR,0.2682833532082677,Packaged Foods,Farm & Heavy Construction Machinery,False
FAST,MU,0.26819610822584916,Industrial Distribution,Semiconductors,False
DXCM,MU,0.26803549675958166,Medical Devices,Semiconductors,False
AEP,MNST,0.2680232995643914,Utilities - Regulated Electric,Beverages - Non-Alcoholic,False
CSGP,INTC,0.2676903673934128,Real Estate Services,Semiconductors,False
INTC,ROST,0.26761371137170953,Semiconductors,Apparel Retail,False
COST,EXC,0.26736890010734926,Discount Stores,Utilities - Regulated Electric,False
CRWD,PAYX,0.26716886466338735,Software - Infrastructure,Software - Application,False
CHTR,NXPI,0.2671550167938976,Telecom Services,Semiconductors,False
ADP,TSLA,0.26704911120175345,Software - Application,Auto Manufacturers,False
MAR,ORLY,0.2668415276554554,Lodging,Auto Parts,False
GEHC,GOOGL,0.26679309926949824,Medical Devices,Internet Content & Information,False
CSGP,TMUS,0.26676835013326095,Real Estate Services,Telecom Services,False
CEG,FANG,0.26661806953673745,Utilities - Independent Power Producers,Oil & Gas E&P,False
HON,ZS,0.26660213501455315,Conglomerates,Software - Infrastructure,False
BKNG,DXCM,0.2665588912960807,Travel Services,Medical Devices,False
CEG,MAR,0.26651249350487244,Utilities - Independent Power Producers,Lodging,False
AXON,FAST,0.26644548877385593,Aerospace & Defense,Industrial Distribution,False
ABNB,CSX,0.266424093263457,Travel Services,Railroads,False
GOOGL,PDD,0.2663644297710911,Internet Content & Information,Internet Retail,False
ADSK,TMUS,0.2663458728358976,Software - Application,Telecom Services,False
MSFT,PCAR,0.26626689473716186,Software - Infrastructure,Farm & Heavy Construction Machinery,False
IDXX,PCAR,0.26621372542265054,Diagnostics & Research,Farm & Heavy Construction Machinery,False
CSCO,MDLZ,0.266174357417762,Communication Equipment,Confectioners,False
BKNG,CEG,0.26616482661265817,Travel Services,Utilities - Independent Power Producers,False
AMGN,TXN,0.2661230791534951,Drug Manufacturers - General,Semiconductors,False
FAST,PLTR,0.2661005626867239,Industrial Distribution,Software - Infrastructure,False
MAR,TTWO,0.2659583704625297,Lodging,Electronic Gaming & Multimedia,False
CEG,INTU,0.2659253097256671,Utilities - Independent Power Producers,Software - Application,False
FAST,TEAM,0.26587656368704604,Industrial Distribution,Software - Application,False
INTU,PDD,0.26581648411986214,Software - Application,Internet Retail,False
BKNG,VRSK,0.2656495741531993,Travel Services,Consulting Services,False
CTSH,ORLY,0.26559467996111463,Information Technology Services,Auto Parts,False
AVGO,CSX,0.26555293838563565,Semiconductors,Railroads,False
CEG,COST,0.26550376889910154,Utilities - Independent Power Producers,Discount Stores,False
CHTR,MELI,0.265403872832191,Telecom Services,Internet Retail,False
ORLY,XEL,0.26539772490576174,Auto Parts,Utilities - Regulated Electric,False
CHTR,CSCO,0.2653819484006921,Telecom Services,Communication Equipment,False
CCEP,IDXX,0.2653048210791234,Beverages - Non-Alcoholic,Diagnostics & Research,False
FANG,QCOM,0.26522999556562565,Oil & Gas E&P,Semiconductors,False
AXON,COST,0.2650095748161626,Aerospace & Defense,Discount Stores,False
CHTR,LIN,0.26499532794355124,Telecom Services,Specialty Chemicals,False
ADI,VRSK,0.26499314068905894,Semiconductors,Consulting Services,False
LIN,NFLX,0.2649865375095865,Specialty Chemicals,Entertainment,False
GFS,MNST,0.26482359596703836,Semiconductors,Beverages - Non-Alcoholic,False
AMGN,PCAR,0.2648082613119242,Drug Manufacturers - General,Farm & Heavy Construction Machinery,False
APP,SBUX,0.2647186818222004,Advertising Agencies,Restaurants,False
CTSH,TMUS,0.26444053542475354,Information Technology Services,Telecom Services,False
NFLX,ROP,0.26439899593429794,Entertainment,Software - Application,False
GILD,ROP,0.2642106784562191,Drug Manufacturers - General,Software - Application,False
CMCSA,KLAC,0.2640740544861825,Telecom Services,Semiconductor Equipment & Materials,False
CSCO,TSLA,0.2640701728052099,Communication Equipment,Auto Manufacturers,False
META,PDD,0.2640576403590316,Internet Content & Information,Internet Retail,False
INTC,MSTR,0.26402044150548704,Semiconductors,Software - Application,False
DXCM,GFS,0.26386939713148144,Medical Devices,Semiconductors,False
BKNG,TMUS,0.26377975173698165,Travel Services,Telecom Services,False
ADBE,CCEP,0.2637770519434231,Software - Application,Beverages - Non-Alcoholic,False
BKR,QCOM,0.2637279568665765,Oil & Gas Equipment & Services,Semiconductors,False
AZN,REGN,0.26364485984925123,Drug Manufacturers - General,Biotechnology,False
CMCSA,XEL,0.2636438594675315,Telecom Services,Utilities - Regulated Electric,False
ARM,FANG,0.26354823347223105,Semiconductors,Oil & Gas E&P,False
BKR,INTC,0.2635224219451276,Oil & Gas Equipment & Services,Semiconductors,False
CRWD,FAST,0.26347570390011343,Software - Infrastructure,Industrial Distribution,False
AMGN,CTAS,0.2632179404043259,Drug Manufacturers - General,Specialty Business Services,False
CDNS,PDD,0.263204587826291,Software - Application,Internet Retail,False
CPRT,MDLZ,0.26314053024704137,Specialty Business Services,Confectioners,False
ADSK,WBD,0.2629957138840986,Software - Application,Entertainment,False
BKR,ODFL,0.26287784965950045,Oil & Gas Equipment & Services,Trucking,False
DDOG,VRSK,0.2628519593806279,Software - Application,Consulting Services,False
INTC,NFLX,0.26282475187052856,Semiconductors,Entertainment,False
GILD,KDP,0.26271893172144817,Drug Manufacturers - General,Beverages - Non-Alcoholic,False
PCAR,TSLA,0.2626355231905009,Farm & Heavy Construction Machinery,Auto Manufacturers,False
CHTR,MSFT,0.2626322691323916,Telecom Services,Software - Infrastructure,False
AAPL,PDD,0.26262854424815624,Consumer Electronics,Internet Retail,False
DXCM,MNST,0.26260561189573356,Medical Devices,Beverages - Non-Alcoholic,False
INTC,MELI,0.26240151812046514,Semiconductors,Internet Retail,False
PDD,TSLA,0.2622795820321721,Internet Retail,Auto Manufacturers,False
FANG,LIN,0.2622400821764095,Oil & Gas E&P,Specialty Chemicals,False
CSCO,MELI,0.26203435525355195,Communication Equipment,Internet Retail,False
PEP,REGN,0.2619729125761873,Beverages - Non-Alcoholic,Biotechnology,False
KHC,ROP,0.2619687781131663,Packaged Foods,Software - Application,False
AAPL,REGN,0.26191942342352337,Consumer Electronics,Biotechnology,False
FTNT,ROST,0.2618926770184016,Software - Infrastructure,Apparel Retail,False
REGN,TXN,0.2617613655842754,Biotechnology,Semiconductors,False
DXCM,SBUX,0.2616862948345536,Medical Devices,Restaurants,False
CSX,MELI,0.2616726781996036,Railroads,Internet Retail,False
CMCSA,LRCX,0.26155844535930173,Telecom Services,Semiconductor Equipment & Materials,False
ADI,PDD,0.26151963714902543,Semiconductors,Internet Retail,False
CTSH,PEP,0.26150975584913233,Information Technology Services,Beverages - Non-Alcoholic,False
MRVL,WBD,0.2614065134398934,Semiconductors,Entertainment,False
ROST,TTWO,0.2613952697263395,Apparel Retail,Electronic Gaming & Multimedia,False
CCEP,ON,0.2613052236701243,Beverages - Non-Alcoholic,Semiconductors,False
MSFT,TMUS,0.2612810827329575,Software - Infrastructure,Telecom Services,False
CSX,TTD,0.261275465199308,Railroads,Advertising Agencies,False
AMGN,FAST,0.26108602405697834,Drug Manufacturers - General,Industrial Distribution,False
ADP,VRTX,0.26085692047704717,Software - Application,Biotechnology,False
MNST,PCAR,0.26084787323160014,Beverages - Non-Alcoholic,Farm & Heavy Construction Machinery,False
ADI,REGN,0.26074775780304943,Semiconductors,Biotechnology,False
DDOG,FAST,0.2605814015605868,Software - Application,Industrial Distribution,False
TEAM,WBD,0.2605461314708396,Software - Application,Entertainment,False
ADP,AZN,0.26047682553970475,Software - Application,Drug Manufacturers - General,False
CSCO,PLTR,0.26040306077340575,Communication Equipment,Software - Infrastructure,False
CHTR,GFS,0.26033966010518295,Telecom Services,Semiconductors,False
FAST,KDP,0.2602738596848931,Industrial Distribution,Beverages - Non-Alcoholic,False
LRCX,MNST,0.2602568617942803,Semiconductor Equipment & Materials,Beverages - Non-Alcoholic,False
CTAS,PLTR,0.26012549179378297,Specialty Business Services,Software - Infrastructure,False
FAST,TSLA,0.25994961011500256,Industrial Distribution,Auto Manufacturers,False
CCEP,GILD,0.2598199015666706,Beverages - Non-Alcoholic,Drug Manufacturers - General,False
CEG,META,0.259810711989319,Utilities - Independent Power Producers,Internet Content & Information,False
CMCSA,DASH,0.25979484645239237,Telecom Services,Internet Retail,False
AEP,CCEP,0.2597747448997171,Utilities - Regulated Electric,Beverages - Non-Alcoholic,False
AXON,PAYX,0.2595912310714659,Aerospace & Defense,Software - Application,False
CMCSA,NFLX,0.259497736647142,Telecom Services,Entertainment,False
CTAS,GILD,0.25936526666677967,Specialty Business Services,Drug Manufacturers - General,False
GOOGL,VRSK,0.25928906001170815,Internet Content & Information,Consulting Services,False
DDOG,INTC,0.25926345703942244,Software - Application,Semiconductors,False
AVGO,DXCM,0.2591708807438796,Semiconductors,Medical Devices,False
DASH,HON,0.25913472226056977,Internet Retail,Conglomerates,False
ABNB,BKR,0.25903245047877954,Travel Services,Oil & Gas Equipment & Services,False
ABNB,FANG,0.25901236658170484,Travel Services,Oil & Gas E&P,False
DASH,WBD,0.2589522872778245,Internet Retail,Entertainment,False
CMCSA,GILD,0.25884850337836,Telecom Services,Drug Manufacturers - General,False
NFLX,VRSK,0.2587545564361566,Entertainment,Consulting Services,False
HON,TSLA,0.2586172328521074,Conglomerates,Auto Manufacturers,False
COST,MSTR,0.2585983463630193,Discount Stores,Software - Application,False
HON,MSTR,0.2583615010459415,Conglomerates,Software - Application,False
MNST,QCOM,0.258345277428124,Beverages - Non-Alcoholic,Semiconductors,False
KDP,PCAR,0.2581489216326468,Beverages - Non-Alcoholic,Farm & Heavy Construction Machinery,False
INTU,TMUS,0.25801964580870085,Software - Application,Telecom Services,False
INTU,VRTX,0.2579005912311417,Software - Application,Biotechnology,False
CHTR,WDAY,0.25789485121091865,Telecom Services,Software - Application,False
BKR,MRVL,0.2578697476674342,Oil & Gas Equipment & Services,Semiconductors,False
MU,WBD,0.2578033900588724,Semiconductors,Entertainment,False
AMGN,CSCO,0.2576479741831639,Drug Manufacturers - General,Communication Equipment,False
GEHC,ZS,0.2575796647831044,Medical Devices,Software - Infrastructure,False
AMAT,MNST,0.25753871856132016,Semiconductor Equipment & Materials,Beverages - Non-Alcoholic,False
MDLZ,ODFL,0.25743757019168423,Confectioners,Trucking,False
MNST,XEL,0.2573710511527036,Beverages - Non-Alcoholic,Utilities - Regulated Electric,False
FAST,MSTR,0.25723835315885596,Industrial Distribution,Software - Application,False
BIIB,HON,0.25708726947467275,Drug Manufacturers - General,Conglomerates,False
CTSH,FANG,0.2569457931149428,Information Technology Services,Oil & Gas E&P,False
AMD,CMCSA,0.25681788617026685,Semiconductors,Telecom Services,False
WBD,ZS,0.25668995533576694,Entertainment,Software - Infrastructure,False
ARM,ROST,0.25665309719772517,Semiconductors,Apparel Retail,False
AMGN,LIN,0.25641965020387675,Drug Manufacturers - General,Specialty Chemicals,False
APP,FAST,0.2561582742976268,Advertising Agencies,Industrial Distribution,False
APP,INTC,0.256052837684049,Advertising Agencies,Semiconductors,False
AMGN,EXC,0.2559457489914493,Drug Manufacturers - General,Utilities - Regulated Electric,False
ARM,TTD,0.2558907561088864,Semiconductors,Advertising Agencies,False
ISRG,TMUS,0.25569835614599074,Medical Instruments & Supplies,Telecom Services,False
AAPL,MDLZ,0.25567921952284883,Consumer Electronics,Confectioners,False
CTAS,MSTR,0.2554195592172592,Specialty Business Services,Software - Application,False
CRWD,ROST,0.2553906644072177,Software - Infrastructure,Apparel Retail,False
BIIB,MCHP,0.25538666174186897,Drug Manufacturers - General,Semiconductors,False
CSCO,TTD,0.25538323252114964,Communication Equipment,Advertising Agencies,False
KDP,TMUS,0.2549009607007266,Beverages - Non-Alcoholic,Telecom Services,False
CHTR,INTC,0.2548043832713468,Telecom Services,Semiconductors,False
HON,TEAM,0.25479171456841937,Conglomerates,Software - Application,False
ASML,BKR,0.25471543790868817,Semiconductor Equipment & Materials,Oil & Gas Equipment & Services,False
ADBE,GEHC,0.2545971333843519,Software - Application,Medical Devices,False
BKR,GFS,0.2542247538709159,Oil & Gas Equipment & Services,Semiconductors,False
PAYX,TTWO,0.25421145935087,Software - Application,Electronic Gaming & Multimedia,False
DXCM,VRSK,0.2540467514090761,Medical Devices,Consulting Services,False
GEHC,TEAM,0.25401431047181394,Medical Devices,Software - Application,False
LIN,TTWO,0.25395324636034045,Specialty Chemicals,Electronic Gaming & Multimedia,False
HON,PANW,0.2539522587706699,Conglomerates,Software - Infrastructure,False
DXCM,HON,0.25389352983488983,Medical Devices,Conglomerates,False
LRCX,WBD,0.25384850078699933,Semiconductor Equipment & Materials,Entertainment,False
AMGN,GEHC,0.2537262055326234,Drug Manufacturers - General,Medical Devices,False
INTC,SBUX,0.2536752458920629,Semiconductors,Restaurants,False
MDLZ,PCAR,0.2534225889520945,Confectioners,Farm & Heavy Construction Machinery,False
CRWD,PDD,0.2533843770887726,Software - Infrastructure,Internet Retail,False
MNST,SNPS,0.2533452653484012,Beverages - Non-Alcoholic,Software - Infrastructure,False
CCEP,CDNS,0.2532602423236268,Beverages - Non-Alcoholic,Software - Application,False
HON,TMUS,0.25312790459555046,Conglomerates,Telecom Services,False
BKNG,PDD,0.2530209482101723,Travel Services,Internet Retail,False
ADSK,CEG,0.25272225009006993,Software - Application,Utilities - Independent Power Producers,False
ADP,TTWO,0.25243359738886917,Software - Application,Electronic Gaming & Multimedia,False
PAYX,PLTR,0.25242267120081935,Software - Application,Software - Infrastructure,False
AMZN,DXCM,0.25236450134934474,Internet Retail,Medical Devices,False
LULU,TTWO,0.2521235792351805,Apparel Retail,Electronic Gaming & Multimedia,False
ARM,ODFL,0.2520646238807367,Semiconductors,Trucking,False
CSCO,MSTR,0.2519338754296247,Communication Equipment,Software - Application,False
AMGN,CSX,0.2518352895181667,Drug Manufacturers - General,Railroads,False
LIN,TSLA,0.25174920715787563,Specialty Chemicals,Auto Manufacturers,False
CSCO,ORLY,0.2516842062033985,Communication Equipment,Auto Parts,False
FTNT,INTC,0.2516789816785637,Software - Infrastructure,Semiconductors,False
ADP,AXON,0.2515723070767263,Software - Application,Aerospace & Defense,False
CMCSA,ORLY,0.2514955216715474,Telecom Services,Auto Parts,False
AZN,EXC,0.2513714293168529,Drug Manufacturers - General,Utilities - Regulated Electric,False
DASH,INTC,0.2512926237330019,Internet Retail,Semiconductors,False
ASML,CMCSA,0.2511857699454001,Semiconductor Equipment & Materials,Telecom Services,False
KLAC,MNST,0.25092965633000247,Semiconductor Equipment & Materials,Beverages - Non-Alcoholic,False
BKR,FAST,0.2509087858917214,Oil & Gas Equipment & Services,Industrial Distribution,False
AAPL,VRTX,0.25079592820677304,Consumer Electronics,Biotechnology,False
NFLX,ODFL,0.250663954818347,Entertainment,Trucking,False
CSCO,XEL,0.25058574242542003,Communication Equipment,Utilities - Regulated Electric,False
SBUX,WBD,0.25032077583981527,Restaurants,Entertainment,False
CCEP,SNPS,0.25029592119271504,Beverages - Non-Alcoholic,Software - Infrastructure,False
GEHC,LULU,0.25029502604796744,Medical Devices,Apparel Retail,False
BIIB,PEP,0.25026703716723214,Drug Manufacturers - General,Beverages - Non-Alcoholic,False
HON,TTWO,0.2501966000967867,Conglomerates,Electronic Gaming & Multimedia,False
BIIB,TXN,0.25014691262821837,Drug Manufacturers - General,Semiconductors,False
PAYX,VRTX,0.2500384553941949,Software - Application,Biotechnology,False
CHTR,ODFL,0.2496096904194042,Telecom Services,Trucking,False
CRWD,LIN,0.24957274007678001,Software - Infrastructure,Specialty Chemicals,False
CHTR,ISRG,0.24953904174487096,Telecom Services,Medical Instruments & Supplies,False
CDNS,VRTX,0.2495218071862731,Software - Application,Biotechnology,False
NFLX,PDD,0.249508367005305,Entertainment,Internet Retail,False
BKR,CTAS,0.24942257664883433,Oil & Gas Equipment & Services,Specialty Business Services,False
AXON,CEG,0.24931434568997546,Aerospace & Defense,Utilities - Independent Power Producers,False
COST,PCAR,0.248971699703714,Discount Stores,Farm & Heavy Construction Machinery,False
CPRT,KDP,0.24892900879831123,Specialty Business Services,Beverages - Non-Alcoholic,False
FAST,PANW,0.24890330267817903,Industrial Distribution,Software - Infrastructure,False
CMCSA,IDXX,0.24877843822746468,Telecom Services,Diagnostics & Research,False
GILD,MNST,0.24866608568307202,Drug Manufacturers - General,Beverages - Non-Alcoholic,False
CRWD,GEHC,0.24857535600619585,Software - Infrastructure,Medical Devices,False
CHTR,QCOM,0.24846885689867906,Telecom Services,Semiconductors,False
AXON,LIN,0.2484289242311192,Aerospace & Defense,Specialty Chemicals,False
FANG,MU,0.24836776217822418,Oil & Gas E&P,Semiconductors,False
CSCO,DASH,0.24834008105552527,Communication Equipment,Internet Retail,False
AZN,HON,0.2482965585447602,Drug Manufacturers - General,Conglomerates,False
CSX,KHC,0.24819143868536037,Railroads,Packaged Foods,False
DXCM,TTWO,0.24818299002483604,Medical Devices,Electronic Gaming & Multimedia,False
AZN,ROP,0.24817243684586163,Drug Manufacturers - General,Software - Application,False
APP,PAYX,0.24809602801037836,Advertising Agencies,Software - Application,False
CSCO,NFLX,0.2480272953968608,Communication Equipment,Entertainment,False
NXPI,REGN,0.24801834690519847,Semiconductors,Biotechnology,False
AXON,SBUX,0.24788685778692438,Aerospace & Defense,Restaurants,False
AEP,COST,0.2478826966803416,Utilities - Regulated Electric,Discount Stores,False
CHTR,MDLZ,0.24787096154270347,Telecom Services,Confectioners,False
COST,INTC,0.24782335590496735,Discount Stores,Semiconductors,False
CSX,DASH,0.2475931756723888,Railroads,Internet Retail,False
ARM,BKR,0.24753661164139895,Semiconductors,Oil & Gas Equipment & Services,False
FAST,GILD,0.24753370938165675,Industrial Distribution,Drug Manufacturers - General,False
DXCM,MSTR,0.24742639718835038,Medical Devices,Software - Application,False
CSX,TEAM,0.24712363959008682,Railroads,Software - Application,False
GILD,VRSK,0.24703856321675685,Drug Manufacturers - General,Consulting Services,False
ADP,APP,0.2469791078456208,Software - Application,Advertising Agencies,False
META,PCAR,0.24673435703547492,Internet Content & Information,Farm & Heavy Construction Machinery,False
PANW,PDD,0.2467188367282175,Software - Infrastructure,Internet Retail,False
PCAR,WDAY,0.24671536452648093,Farm & Heavy Construction Machinery,Software - Application,False
FAST,MDB,0.2466883051129099,Industrial Distribution,Software - Infrastructure,False
CRWD,SBUX,0.24661291511354333,Software - Infrastructure,Restaurants,False
CMCSA,EXC,0.2464941956454733,Telecom Services,Utilities - Regulated Electric,False
MSTR,PCAR,0.24636936184104108,Software - Application,Farm & Heavy Construction Machinery,False
META,MNST,0.24624858987216827,Internet Content & Information,Beverages - Non-Alcoholic,False
BKR,MU,0.2461752745658045,Oil & Gas Equipment & Services,Semiconductors,False
PDD,SNPS,0.24609244723192464,Internet Retail,Software - Infrastructure,False
CCEP,GFS,0.24593808562991004,Beverages - Non-Alcoholic,Semiconductors,False
CEG,ZS,0.2459076388494008,Utilities - Independent Power Producers,Software - Infrastructure,False
COST,XEL,0.2458968247496022,Discount Stores,Utilities - Regulated Electric,False
AMD,WBD,0.24556369455052646,Semiconductors,Entertainment,False
PYPL,TMUS,0.24548465359235355,Credit Services,Telecom Services,False
PCAR,PEP,0.2454322717617327,Farm & Heavy Construction Machinery,Beverages - Non-Alcoholic,False
CMCSA,COST,0.24541091038171317,Telecom Services,Discount Stores,False
ADSK,ORLY,0.24539901075820147,Software - Application,Auto Parts,False
NFLX,ROST,0.24537892929386163,Entertainment,Apparel Retail,False
DASH,ROP,0.24537357471637392,Internet Retail,Software - Application,False
TTD,VRSK,0.24503471808763802,Advertising Agencies,Consulting Services,False
AAPL,CEG,0.2450273108981863,Consumer Electronics,Utilities - Independent Power Producers,False
INTC,TTD,0.24498954704783835,Semiconductors,Advertising Agencies,False
CSGP,WBD,0.24494122763387832,Real Estate Services,Entertainment,False
CDW,TTWO,0.24487610491864248,Information Technology Services,Electronic Gaming & Multimedia,False
CEG,CTAS,0.2448564103082522,Utilities - Independent Power Producers,Specialty Business Services,False
AZN,PAYX,0.24455410105442804,Drug Manufacturers - General,Software - Application,False
AXON,TTWO,0.24453752784991445,Aerospace & Defense,Electronic Gaming & Multimedia,False
HON,NFLX,0.24444046099476982,Conglomerates,Entertainment,False
CMCSA,TTD,0.24429432777883708,Telecom Services,Advertising Agencies,False
BIIB,PAYX,0.24409196130960362,Drug Manufacturers - General,Software - Application,False
AXON,ODFL,0.2439616475942501,Aerospace & Defense,Trucking,False
DXCM,TSLA,0.24395015562506261,Medical Devices,Auto Manufacturers,False
ISRG,VRTX,0.24391494350214774,Medical Instruments & Supplies,Biotechnology,False
APP,CSCO,0.24387160369320415,Advertising Agencies,Communication Equipment,False
CSX,ZS,0.24377218413516447,Railroads,Software - Infrastructure,False
CHTR,CSGP,0.24364457912181234,Telecom Services,Real Estate Services,False
CSX,DDOG,0.2436028128831338,Railroads,Software - Application,False
KDP,SBUX,0.24360053694956854,Beverages - Non-Alcoholic,Restaurants,False
ADI,BIIB,0.24347046559805835,Semiconductors,Drug Manufacturers - General,False
MSFT,PDD,0.2432384986057759,Software - Infrastructure,Internet Retail,False
ISRG,WBD,0.24321755336227593,Medical Instruments & Supplies,Entertainment,False
CMCSA,LULU,0.2430477231750561,Telecom Services,Apparel Retail,False
ODFL,WBD,0.2430043561634254,Trucking,Entertainment,False
CMCSA,SNPS,0.24278531266554507,Telecom Services,Software - Infrastructure,False
MAR,TMUS,0.24276192828164347,Lodging,Telecom Services,False
AZN,CTAS,0.24263202621776964,Drug Manufacturers - General,Specialty Business Services,False
ADP,REGN,0.24230983942208997,Software - Application,Biotechnology,False
META,WBD,0.24218613512761047,Internet Content & Information,Entertainment,False
AMGN,IDXX,0.24203598632956783,Drug Manufacturers - General,Diagnostics & Research,False
ARM,WDAY,0.24201674524083294,Semiconductors,Software - Application,False
FAST,KHC,0.24193414042081543,Industrial Distribution,Packaged Foods,False
CMCSA,FTNT,0.24174395816154326,Telecom Services,Software - Infrastructure,False
BIIB,NXPI,0.2416457079726981,Drug Manufacturers - General,Semiconductors,False
IDXX,ORLY,0.2414689427827335,Diagnostics & Research,Auto Parts,False
CCEP,ODFL,0.2414567608776185,Beverages - Non-Alcoholic,Trucking,False
CHTR,NFLX,0.24138651975780745,Telecom Services,Entertainment,False
CMCSA,TEAM,0.24133826727323007,Telecom Services,Software - Application,False
ODFL,TMUS,0.24124550230941064,Trucking,Telecom Services,False
ORLY,SBUX,0.24123320829255254,Auto Parts,Restaurants,False
ADSK,VRTX,0.24120880417032395,Software - Application,Biotechnology,False
AMGN,ORLY,0.24111157102845537,Drug Manufacturers - General,Auto Parts,False
AMGN,CHTR,0.2410537309259441,Drug Manufacturers - General,Telecom Services,False
CEG,TEAM,0.2410239937378612,Utilities - Independent Power Producers,Software - Application,False
GEHC,TTWO,0.2409903003560868,Medical Devices,Electronic Gaming & Multimedia,False
CDNS,CMCSA,0.24096822862338296,Software - Application,Telecom Services,False
EXC,GILD,0.2409240046660551,Utilities - Regulated Electric,Drug Manufacturers - General,False
AMZN,CHTR,0.24078993954121541,Internet Retail,Telecom Services,False
MNST,ZS,0.24073537699507158,Beverages - Non-Alcoholic,Software - Infrastructure,False
AXON,ROP,0.2405912519294925,Aerospace & Defense,Software - Application,False
PAYX,REGN,0.24055304647106623,Software - Application,Biotechnology,False
AMGN,TMUS,0.24054394385022995,Drug Manufacturers - General,Telecom Services,False
CDW,PEP,0.24011492154286435,Information Technology Services,Beverages - Non-Alcoholic,False
CMCSA,KHC,0.24009667323753087,Telecom Services,Packaged Foods,False
DXCM,ROST,0.24009656540485938,Medical Devices,Apparel Retail,False
GILD,PCAR,0.2395373087198261,Drug Manufacturers - General,Farm & Heavy Construction Machinery,False
ABNB,CCEP,0.23948348109477666,Travel Services,Beverages - Non-Alcoholic,False
ADP,PLTR,0.23938110642114532,Software - Application,Software - Infrastructure,False
BIIB,CMCSA,0.23928787407999913,Drug Manufacturers - General,Telecom Services,False
CSCO,DXCM,0.2391915303769779,Communication Equipment,Medical Devices,False
CRWD,HON,0.2391551953829459,Software - Infrastructure,Conglomerates,False
WBD,WDAY,0.23907132169479894,Entertainment,Software - Application,False
AAPL,AMGN,0.23901961058816354,Consumer Electronics,Drug Manufacturers - General,False
PEP,ROST,0.23891369111629276,Beverages - Non-Alcoholic,Apparel Retail,False
MDLZ,ROST,0.2386928366678777,Confectioners,Apparel Retail,False
ROP,TTWO,0.2386687766171327,Software - Application,Electronic Gaming & Multimedia,False
MCHP,REGN,0.23862824289075832,Semiconductors,Biotechnology,False
APP,ODFL,0.23852741118817536,Advertising Agencies,Trucking,False
ASML,FANG,0.23839013307985302,Semiconductor Equipment & Materials,Oil & Gas E&P,False
MSFT,REGN,0.23826416382143786,Software - Infrastructure,Biotechnology,False
MSFT,VRTX,0.23816510046837125,Software - Infrastructure,Biotechnology,False
AXON,HON,0.2381603942279119,Aerospace & Defense,Conglomerates,False
ARM,IDXX,0.23798443358055482,Semiconductors,Diagnostics & Research,False
AEP,CMCSA,0.23791550696853814,Utilities - Regulated Electric,Telecom Services,False
CSGP,PEP,0.23771064441968026,Real Estate Services,Beverages - Non-Alcoholic,False
KLAC,REGN,0.23744091795596098,Semiconductor Equipment & Materials,Biotechnology,False
SNPS,VRTX,0.2373011451160635,Software - Infrastructure,Biotechnology,False
ARM,MELI,0.23724019666979265,Semiconductors,Internet Retail,False
LIN,PLTR,0.23714143544178098,Specialty Chemicals,Software - Infrastructure,False
APP,DXCM,0.23707375125316274,Advertising Agencies,Medical Devices,False
ISRG,MDLZ,0.23707290521148935,Medical Instruments & Supplies,Confectioners,False
BIIB,CTSH,0.23703425913100928,Drug Manufacturers - General,Information Technology Services,False
CHTR,COST,0.23701291021960208,Telecom Services,Discount Stores,False
ROST,WBD,0.2369212156525104,Apparel Retail,Entertainment,False
META,VRSK,0.2368133444849707,Internet Content & Information,Consulting Services,False
CSCO,FANG,0.2367324775439354,Communication Equipment,Oil & Gas E&P,False
GEHC,INTC,0.23671181548579578,Medical Devices,Semiconductors,False
AMGN,VRSK,0.23666468699500498,Drug Manufacturers - General,Consulting Services,False
ADBE,PDD,0.23665774271045345,Software - Application,Internet Retail,False
MSTR,WBD,0.2365128890208532,Software - Application,Entertainment,False
AMD,MNST,0.23648154630608095,Semiconductors,Beverages - Non-Alcoholic,False
CEG,INTC,0.23626464254946306,Utilities - Independent Power Producers,Semiconductors,False
CEG,MELI,0.23616695353484815,Utilities - Independent Power Producers,Internet Retail,False
CDW,WBD,0.2359265575433113,Information Technology Services,Entertainment,False
CSGP,XEL,0.23571703739000455,Real Estate Services,Utilities - Regulated Electric,False
CHTR,GOOGL,0.23565197661192475,Telecom Services,Internet Content & Information,False
ABNB,CEG,0.23558533891746813,Travel Services,Utilities - Independent Power Producers,False
CRWD,WBD,0.2355494301224736,Software - Infrastructure,Entertainment,False
AAPL,GILD,0.2354419695759564,Consumer Electronics,Drug Manufacturers - General,False
AZN,IDXX,0.23530192009210596,Drug Manufacturers - General,Diagnostics & Research,False
ADP,WBD,0.23523812040042838,Software - Application,Entertainment,False
INTC,WBD,0.2352309165794032,Semiconductors,Entertainment,False
ASML,VRSK,0.23521510917927055,Semiconductor Equipment & Materials,Consulting Services,False
GILD,ORLY,0.23511690623900466,Drug Manufacturers - General,Auto Parts,False
AZN,ISRG,0.23508438114363603,Drug Manufacturers - General,Medical Instruments & Supplies,False
BIIB,MDLZ,0.2350709021325625,Drug Manufacturers - General,Confectioners,False
AVGO,BKR,0.23505105730956002,Semiconductors,Oil & Gas Equipment & Services,False
CCEP,DASH,0.23501783913891716,Beverages - Non-Alcoholic,Internet Retail,False
CHTR,XEL,0.23498986950812314,Telecom Services,Utilities - Regulated Electric,False
ADP,MU,0.23464522636459892,Software - Application,Semiconductors,False
ARM,LULU,0.23460706411229687,Semiconductors,Apparel Retail,False
CSX,DXCM,0.2345829985253688,Railroads,Medical Devices,False
AMZN,CCEP,0.23457337478558107,Internet Retail,Beverages - Non-Alcoholic,False
ODFL,PEP,0.23456066565371148,Trucking,Beverages - Non-Alcoholic,False
MSTR,PDD,0.23451251036817763,Software - Application,Internet Retail,False
CEG,PANW,0.2344316640877169,Utilities - Independent Power Producers,Software - Infrastructure,False
ARM,SBUX,0.2343129501329871,Semiconductors,Restaurants,False
LIN,VRTX,0.234302072389471,Specialty Chemicals,Biotechnology,False
TTWO,VRSK,0.23427054486416235,Electronic Gaming & Multimedia,Consulting Services,False
TXN,VRTX,0.23425830473809636,Semiconductors,Biotechnology,False
PLTR,ROST,0.23413190752874502,Software - Infrastructure,Apparel Retail,False
ARM,COST,0.2341101255152568,Semiconductors,Discount Stores,False
EXC,IDXX,0.23402892886499338,Utilities - Regulated Electric,Diagnostics & Research,False
GEHC,WDAY,0.23394263449299585,Medical Devices,Software - Application,False
ROP,TSLA,0.23391295925751593,Software - Application,Auto Manufacturers,False
COST,GEHC,0.23390770723124038,Discount Stores,Medical Devices,False
CSCO,DDOG,0.23381834840685087,Communication Equipment,Software - Application,False
BIIB,IDXX,0.23378096369904772,Drug Manufacturers - General,Diagnostics & Research,False
LULU,WBD,0.23369862931072602,Apparel Retail,Entertainment,False
AEP,ORLY,0.23362436743836354,Utilities - Regulated Electric,Auto Parts,False
CHTR,PEP,0.23361726513639092,Telecom Services,Beverages - Non-Alcoholic,False
CSX,TSLA,0.23356101315453262,Railroads,Auto Manufacturers,False
AEP,CSCO,0.23348364827190968,Utilities - Regulated Electric,Communication Equipment,False
MU,PAYX,0.23324788626282508,Semiconductors,Software - Application,False
PAYX,WBD,0.2332228510717521,Software - Application,Entertainment,False
CSX,PANW,0.23319171312984416,Railroads,Software - Infrastructure,False
CSCO,WBD,0.23312601199551167,Communication Equipment,Entertainment,False
CHTR,GEHC,0.2329189306296169,Telecom Services,Medical Devices,False
ABNB,CHTR,0.23278786698331022,Travel Services,Telecom Services,False
KHC,LIN,0.23277917652564623,Packaged Foods,Specialty Chemicals,False
PANW,ROST,0.2327073199526094,Software - Infrastructure,Apparel Retail,False
AMGN,CSGP,0.23269399273226293,Drug Manufacturers - General,Real Estate Services,False
DXCM,INTC,0.23269382318483242,Medical Devices,Semiconductors,False
ISRG,REGN,0.23253224858172217,Medical Instruments & Supplies,Biotechnology,False
CHTR,DASH,0.23239991676081526,Telecom Services,Internet Retail,False
BKR,PYPL,0.2323368708760189,Oil & Gas Equipment & Services,Credit Services,False
INTC,TTWO,0.23212254287789386,Semiconductors,Electronic Gaming & Multimedia,False
CTSH,VRTX,0.23210384574775555,Information Technology Services,Biotechnology,False
CSCO,TTWO,0.2319857148608185,Communication Equipment,Electronic Gaming & Multimedia,False
CSGP,VRTX,0.23196694531445078,Real Estate Services,Biotechnology,False
TTWO,WBD,0.23194021173034862,Electronic Gaming & Multimedia,Entertainment,False
MCHP,VRSK,0.2318431054865809,Semiconductors,Consulting Services,False
APP,GEHC,0.23161412956776156,Advertising Agencies,Medical Devices,False
CMCSA,MRVL,0.2315761694380582,Telecom Services,Semiconductors,False
CEG,FTNT,0.2315484996139537,Utilities - Independent Power Producers,Software - Infrastructure,False
APP,ROP,0.23131149599986967,Advertising Agencies,Software - Application,False
CCEP,MU,0.23085288484519817,Beverages - Non-Alcoholic,Semiconductors,False
KHC,TMUS,0.2308459862295942,Packaged Foods,Telecom Services,False
CTAS,KHC,0.23080812536574272,Specialty Business Services,Packaged Foods,False
DASH,PCAR,0.23069102351173243,Internet Retail,Farm & Heavy Construction Machinery,False
GOOGL,WBD,0.23066846235877655,Internet Content & Information,Entertainment,False
AMGN,NXPI,0.23060355226700602,Drug Manufacturers - General,Semiconductors,False
CCEP,GOOGL,0.23058141879277472,Beverages - Non-Alcoholic,Internet Content & Information,False
NXPI,VRSK,0.23057800304308992,Semiconductors,Consulting Services,False
BIIB,ON,0.23036862596094593,Drug Manufacturers - General,Semiconductors,False
CRWD,CSX,0.23031480630297915,Software - Infrastructure,Railroads,False
CDW,REGN,0.23023882880763524,Information Technology Services,Biotechnology,False
CEG,HON,0.23014497242012147,Utilities - Independent Power Producers,Conglomerates,False
KLAC,WBD,0.23010077294392767,Semiconductor Equipment & Materials,Entertainment,False
ARM,CTSH,0.2300928853427152,Semiconductors,Information Technology Services,False
CMCSA,MSTR,0.23001941269265677,Telecom Services,Software - Application,False
AXON,ROST,0.22988906077968124,Aerospace & Defense,Apparel Retail,False
MNST,ON,0.22984507470680965,Beverages - Non-Alcoholic,Semiconductors,False
CHTR,SNPS,0.22972494720647763,Telecom Services,Software - Infrastructure,False
CRWD,VRSK,0.22970707306540267,Software - Infrastructure,Consulting Services,False
CSCO,REGN,0.22953808816650217,Communication Equipment,Biotechnology,False
AAPL,KDP,0.22945555657549016,Consumer Electronics,Beverages - Non-Alcoholic,False
APP,ROST,0.22935243848697,Advertising Agencies,Apparel Retail,False
CSX,WBD,0.22920828457499595,Railroads,Entertainment,False
AMAT,CHTR,0.2289582891008294,Semiconductor Equipment & Materials,Telecom Services,False
FAST,VRTX,0.2288676500158125,Industrial Distribution,Biotechnology,False
CDNS,CHTR,0.2288498605009906,Software - Application,Telecom Services,False
BIIB,CSCO,0.22861051664030965,Drug Manufacturers - General,Communication Equipment,False
CEG,LIN,0.22858023059167726,Utilities - Independent Power Producers,Specialty Chemicals,False
APP,LIN,0.22847549096951522,Advertising Agencies,Specialty Chemicals,False
MELI,WBD,0.22838482415681138,Internet Retail,Entertainment,False
AZN,CPRT,0.22833228583038312,Drug Manufacturers - General,Specialty Business Services,False
FAST,TTWO,0.2282613204173495,Industrial Distribution,Electronic Gaming & Multimedia,False
INTU,WBD,0.22822638320316327,Software - Application,Entertainment,False
KDP,ROST,0.22819643122504563,Beverages - Non-Alcoholic,Apparel Retail,False
BKR,CMCSA,0.22790636604857495,Oil & Gas Equipment & Services,Telecom Services,False
VRSK,VRTX,0.2276949793273249,Consulting Services,Biotechnology,False
BIIB,CSGP,0.2275756565196552,Drug Manufacturers - General,Real Estate Services,False
CHTR,ROST,0.2275206154463498,Telecom Services,Apparel Retail,False
ARM,PCAR,0.22747835401963046,Semiconductors,Farm & Heavy Construction Machinery,False
DASH,VRSK,0.22736104780074706,Internet Retail,Consulting Services,False
FANG,PAYX,0.2273131943576541,Oil & Gas E&P,Software - Application,False
AMAT,WBD,0.22730746101804689,Semiconductor Equipment & Materials,Entertainment,False
TMUS,TXN,0.22715389225838675,Telecom Services,Semiconductors,False
MNST,NVDA,0.22714159569740905,Beverages - Non-Alcoholic,Semiconductors,False
CSX,MSTR,0.22710673971646755,Railroads,Software - Application,False
FANG,INTC,0.227095767128799,Oil & Gas E&P,Semiconductors,False
HON,PLTR,0.2270626258901228,Conglomerates,Software - Infrastructure,False
GEHC,PANW,0.22704316711231745,Medical Devices,Software - Infrastructure,False
FANG,ODFL,0.22674700999796005,Oil & Gas E&P,Trucking,False
IDXX,MDLZ,0.22674377151163577,Diagnostics & Research,Confectioners,False
AAPL,FANG,0.22667015481521036,Consumer Electronics,Oil & Gas E&P,False
PLTR,ROP,0.2266174382078699,Software - Infrastructure,Software - Application,False
AAPL,BIIB,0.2265837042782515,Consumer Electronics,Drug Manufacturers - General,False
REGN,VRSK,0.22648766868724657,Biotechnology,Consulting Services,False
CSX,PLTR,0.22640294227458846,Railroads,Software - Infrastructure,False
CHTR,MRVL,0.2263620167992037,Telecom Services,Semiconductors,False
IDXX,TMUS,0.22636047239985183,Diagnostics & Research,Telecom Services,False
BIIB,CDW,0.22632888689581682,Drug Manufacturers - General,Information Technology Services,False
DXCM,FAST,0.22629829047681896,Medical Devices,Industrial Distribution,False
SBUX,TTWO,0.22618031390402502,Restaurants,Electronic Gaming & Multimedia,False
CTAS,REGN,0.22603320558036827,Specialty Business Services,Biotechnology,False
CTSH,REGN,0.2259317420368117,Information Technology Services,Biotechnology,False
AMGN,CDW,0.2258786477904918,Drug Manufacturers - General,Information Technology Services,False
CHTR,ON,0.22582022379204034,Telecom Services,Semiconductors,False
COST,VRTX,0.22578258050008226,Discount Stores,Biotechnology,False
CEG,ON,0.2257263251973108,Utilities - Independent Power Producers,Semiconductors,False
FANG,WBD,0.22571543449559167,Oil & Gas E&P,Entertainment,False
ADP,BIIB,0.22558820744554037,Software - Application,Drug Manufacturers - General,False
LIN,MSTR,0.22558278980929403,Specialty Chemicals,Software - Application,False
AXON,CSCO,0.22557030543540116,Aerospace & Defense,Communication Equipment,False
CEG,ROP,0.22553890725542755,Utilities - Independent Power Producers,Software - Application,False
AVGO,PDD,0.2253975597889832,Semiconductors,Internet Retail,False
CHTR,ZS,0.22536638505837833,Telecom Services,Software - Infrastructure,False
CPRT,VRTX,0.22524775616706022,Specialty Business Services,Biotechnology,False
GILD,TXN,0.22517905483721215,Drug Manufacturers - General,Semiconductors,False
INTU,REGN,0.22516719682595623,Software - Application,Biotechnology,False
GEHC,MDB,0.22509920604433722,Medical Devices,Software - Infrastructure,False
AZN,CTSH,0.2250278545499426,Drug Manufacturers - General,Information Technology Services,False
BIIB,GFS,0.22490644810247407,Drug Manufacturers - General,Semiconductors,False
CMCSA,TSLA,0.22476061490900548,Telecom Services,Auto Manufacturers,False
APP,HON,0.22473055479337395,Advertising Agencies,Conglomerates,False
MDB,VRSK,0.22464821525859835,Software - Infrastructure,Consulting Services,False
MSFT,ORLY,0.22462722029860552,Software - Infrastructure,Auto Parts,False
CCEP,TEAM,0.22456870840971532,Beverages - Non-Alcoholic,Software - Application,False
BIIB,PYPL,0.22444864348317203,Drug Manufacturers - General,Credit Services,False
CPRT,WBD,0.22440193544084278,Specialty Business Services,Entertainment,False
LULU,PDD,0.22438115935153805,Apparel Retail,Internet Retail,False
APP,PDD,0.22410774859235097,Advertising Agencies,Internet Retail,False
MNST,TTWO,0.22409623514447316,Beverages - Non-Alcoholic,Electronic Gaming & Multimedia,False
AZN,KHC,0.22391930460381337,Drug Manufacturers - General,Packaged Foods,False
BIIB,PCAR,0.22391302862668333,Drug Manufacturers - General,Farm & Heavy Construction Machinery,False
BIIB,ISRG,0.22390930450009375,Drug Manufacturers - General,Medical Instruments & Supplies,False
FANG,MRVL,0.2238255860994095,Oil & Gas E&P,Semiconductors,False
CSCO,MDB,0.22382550436412613,Communication Equipment,Software - Infrastructure,False
MELI,PCAR,0.22360838534836125,Internet Retail,Farm & Heavy Construction Machinery,False
ODFL,TTWO,0.22357691403290036,Trucking,Electronic Gaming & Multimedia,False
ISRG,PEP,0.22351016955698505,Medical Instruments & Supplies,Beverages - Non-Alcoholic,False
CHTR,LULU,0.22337110972700056,Telecom Services,Apparel Retail,False
ARM,HON,0.2233262285456634,Semiconductors,Conglomerates,False
BKR,ISRG,0.22332527158364365,Oil & Gas Equipment & Services,Medical Instruments & Supplies,False
PANW,SBUX,0.2232261246958496,Software - Infrastructure,Restaurants,False
CMCSA,ZS,0.22299536603544204,Telecom Services,Software - Infrastructure,False
PCAR,TMUS,0.2229902454767866,Farm & Heavy Construction Machinery,Telecom Services,False
AMGN,MCHP,0.22285681695247916,Drug Manufacturers - General,Semiconductors,False
CHTR,MNST,0.222855801955461,Telecom Services,Beverages - Non-Alcoholic,False
ASML,AZN,0.22261967026951768,Semiconductor Equipment & Materials,Drug Manufacturers - General,False
CHTR,PCAR,0.22257122701670418,Telecom Services,Farm & Heavy Construction Machinery,False
CMCSA,VRTX,0.22254386376324997,Telecom Services,Biotechnology,False
DDOG,HON,0.22245582367759156,Software - Application,Conglomerates,False
ASML,WBD,0.2221097847455668,Semiconductor Equipment & Materials,Entertainment,False
AMGN,MNST,0.22208856601097246,Drug Manufacturers - General,Beverages - Non-Alcoholic,False
ON,REGN,0.22197749384369303,Semiconductors,Biotechnology,False
ISRG,ORLY,0.22193482810066265,Medical Instruments & Supplies,Auto Parts,False
CEG,SBUX,0.2217975392269575,Utilities - Independent Power Producers,Restaurants,False
ADBE,TMUS,0.22175418371534475,Software - Application,Telecom Services,False
FTNT,PCAR,0.2214464315034679,Software - Infrastructure,Farm & Heavy Construction Machinery,False
ADBE,ORLY,0.22124558436585764,Software - Application,Auto Parts,False
AMAT,REGN,0.22123599021698576,Semiconductor Equipment & Materials,Biotechnology,False
CEG,IDXX,0.22122794475785604,Utilities - Independent Power Producers,Diagnostics & Research,False
AMD,FANG,0.2211878483217444,Semiconductors,Oil & Gas E&P,False
CHTR,LRCX,0.22116871200336555,Telecom Services,Semiconductor Equipment & Materials,False
CEG,CSX,0.22092120806667387,Utilities - Independent Power Producers,Railroads,False
CHTR,KLAC,0.22076732162759716,Telecom Services,Semiconductor Equipment & Materials,False
AAPL,AZN,0.22073922300223953,Consumer Electronics,Drug Manufacturers - General,False
SBUX,XEL,0.2204225158178384,Restaurants,Utilities - Regulated Electric,False
CEG,TTD,0.22030844963663263,Utilities - Independent Power Producers,Advertising Agencies,False
GILD,IDXX,0.21995566710886685,Drug Manufacturers - General,Diagnostics & Research,False
TMUS,VRTX,0.21991934909550048,Telecom Services,Biotechnology,False
GEHC,GILD,0.21989391177631154,Medical Devices,Drug Manufacturers - General,False
CDW,TMUS,0.21979345066320846,Information Technology Services,Telecom Services,False
CEG,DASH,0.21978090703555783,Utilities - Independent Power Producers,Internet Retail,False
AAPL,BKR,0.2197442231558711,Consumer Electronics,Oil & Gas Equipment & Services,False
ISRG,PDD,0.21963054996781656,Medical Instruments & Supplies,Internet Retail,False
CSX,NFLX,0.21945000713883464,Railroads,Entertainment,False
KDP,ORLY,0.21944189258128993,Beverages - Non-Alcoholic,Auto Parts,False
AAPL,ORLY,0.21943722792715178,Consumer Electronics,Auto Parts,False
CSCO,KHC,0.21940339083329413,Communication Equipment,Packaged Foods,False
ADI,VRTX,0.2193736623004647,Semiconductors,Biotechnology,False
CSX,TTWO,0.2192881576845954,Railroads,Electronic Gaming & Multimedia,False
MDLZ,REGN,0.2192798102336202,Confectioners,Biotechnology,False
CHTR,ORLY,0.2190161643837933,Telecom Services,Auto Parts,False
PCAR,REGN,0.2189690365837926,Farm & Heavy Construction Machinery,Biotechnology,False
DDOG,MNST,0.21895064590103724,Software - Application,Beverages - Non-Alcoholic,False
MCHP,VRTX,0.21890553360745588,Semiconductors,Biotechnology,False
LULU,REGN,0.2187596719049026,Apparel Retail,Biotechnology,False
ADI,AMGN,0.21873420734337046,Semiconductors,Drug Manufacturers - General,False
ARM,WBD,0.21862676518961768,Semiconductors,Entertainment,False
ADI,TMUS,0.21847122028286475,Semiconductors,Telecom Services,False
CMCSA,MU,0.21840820664711796,Telecom Services,Semiconductors,False
ASML,CHTR,0.2182798642624248,Semiconductor Equipment & Materials,Telecom Services,False
FAST,NFLX,0.2182602820178974,Industrial Distribution,Entertainment,False
LRCX,REGN,0.21825487181565406,Semiconductor Equipment & Materials,Biotechnology,False
CCEP,FTNT,0.21814317725273588,Beverages - Non-Alcoholic,Software - Infrastructure,False
IDXX,PDD,0.21810539449936253,Diagnostics & Research,Internet Retail,False
MDB,WBD,0.21802136766523803,Software - Infrastructure,Entertainment,False
PDD,SBUX,0.21801935276520976,Internet Retail,Restaurants,False
IDXX,PEP,0.2179821219430783,Diagnostics & Research,Beverages - Non-Alcoholic,False
SBUX,VRSK,0.21796324342472434,Restaurants,Consulting Services,False
PEP,TXN,0.21795379949293092,Beverages - Non-Alcoholic,Semiconductors,False
CEG,MDB,0.21791338835537807,Utilities - Independent Power Producers,Software - Infrastructure,False
CEG,MSTR,0.2176317053171309,Utilities - Independent Power Producers,Software - Application,False
QCOM,REGN,0.21762145208958367,Semiconductors,Biotechnology,False
GFS,VRTX,0.21743635420619672,Semiconductors,Biotechnology,False
CHTR,TSLA,0.21735884328916247,Telecom Services,Auto Manufacturers,False
LIN,REGN,0.2173566134247913,Specialty Chemicals,Biotechnology,False
CSCO,VRTX,0.21734046206813687,Communication Equipment,Biotechnology,False
CTSH,XEL,0.21729487367688585,Information Technology Services,Utilities - Regulated Electric,False
CMCSA,FANG,0.2171844159992218,Telecom Services,Oil & Gas E&P,False
GOOGL,VRTX,0.21699644394124412,Internet Content & Information,Biotechnology,False
EXC,SBUX,0.21691203771495038,Utilities - Regulated Electric,Restaurants,False
GEHC,MSTR,0.2168868212262055,Medical Devices,Software - Application,False
ADSK,BKR,0.21666881670424348,Software - Application,Oil & Gas Equipment & Services,False
FTNT,ORLY,0.21662942126560283,Software - Infrastructure,Auto Parts,False
CSGP,PDD,0.21656625267530738,Real Estate Services,Internet Retail,False
CPRT,EXC,0.2164391391811463,Specialty Business Services,Utilities - Regulated Electric,False
KLAC,VRTX,0.2161599845444718,Semiconductor Equipment & Materials,Biotechnology,False
GEHC,KHC,0.21603608191207313,Medical Devices,Packaged Foods,False
GILD,SBUX,0.21599814400470493,Drug Manufacturers - General,Restaurants,False
PCAR,PLTR,0.2158282467477987,Farm & Heavy Construction Machinery,Software - Infrastructure,False
KHC,SBUX,0.2157648789799258,Packaged Foods,Restaurants,False
BIIB,CTAS,0.2157218930352152,Drug Manufacturers - General,Specialty Business Services,False
CSX,GILD,0.21569457378386322,Railroads,Drug Manufacturers - General,False
LULU,ORLY,0.21564374308851897,Apparel Retail,Auto Parts,False
CEG,DDOG,0.2155352804235195,Utilities - Independent Power Producers,Software - Application,False
CDW,MDLZ,0.21551237946716134,Information Technology Services,Confectioners,False
EXC,ROST,0.2154769697563197,Utilities - Regulated Electric,Apparel Retail,False
FTNT,TMUS,0.21528136627706881,Software - Infrastructure,Telecom Services,False
MDLZ,VRTX,0.21513158227677914,Confectioners,Biotechnology,False
ADBE,REGN,0.21512654577238552,Software - Application,Biotechnology,False
BKNG,ORLY,0.21491347030758715,Travel Services,Auto Parts,False
QCOM,VRSK,0.2149056427798924,Semiconductors,Consulting Services,False
CSX,MDB,0.21483574985206752,Railroads,Software - Infrastructure,False
DDOG,WBD,0.21456917449493268,Software - Application,Entertainment,False
AXON,CSX,0.214516451212756,Aerospace & Defense,Railroads,False
CTAS,FANG,0.2144113404706174,Specialty Business Services,Oil & Gas E&P,False
META,VRTX,0.2142907377255792,Internet Content & Information,Biotechnology,False
CTSH,EXC,0.2142112094782051,Information Technology Services,Utilities - Regulated Electric,False
CEG,GFS,0.2141830358955082,Utilities - Independent Power Producers,Semiconductors,False
LIN,WBD,0.21410595353866144,Specialty Chemicals,Entertainment,False
CHTR,FTNT,0.21407498002291178,Telecom Services,Software - Infrastructure,False
CHTR,TTD,0.21398066592063503,Telecom Services,Advertising Agencies,False
AMGN,SBUX,0.21361767060075842,Drug Manufacturers - General,Restaurants,False
INTU,MDLZ,0.2135607213304618,Software - Application,Confectioners,False
CEG,CTSH,0.21354822345175264,Utilities - Independent Power Producers,Information Technology Services,False
BKR,CDNS,0.21312556490551318,Oil & Gas Equipment & Services,Software - Application,False
CMCSA,TTWO,0.2130925148151216,Telecom Services,Electronic Gaming & Multimedia,False
PCAR,TTD,0.2130522369848568,Farm & Heavy Construction Machinery,Advertising Agencies,False
INTU,ORLY,0.21303479231193068,Software - Application,Auto Parts,False
BIIB,MAR,0.21301575802611242,Drug Manufacturers - General,Lodging,False
AXON,PCAR,0.21298537267847456,Aerospace & Defense,Farm & Heavy Construction Machinery,False
KHC,ORLY,0.21287718617987117,Packaged Foods,Auto Parts,False
GFS,VRSK,0.21277087304469344,Semiconductors,Consulting Services,False
CCEP,WBD,0.21238545048485044,Beverages - Non-Alcoholic,Entertainment,False
MNST,PANW,0.21221055004811984,Beverages - Non-Alcoholic,Software - Infrastructure,False
AZN,VRSK,0.21215295629141967,Drug Manufacturers - General,Consulting Services,False
AEP,VRTX,0.21205680661601523,Utilities - Regulated Electric,Biotechnology,False
IDXX,WBD,0.21204006898906153,Diagnostics & Research,Entertainment,False
BIIB,CCEP,0.21201106592189503,Drug Manufacturers - General,Beverages - Non-Alcoholic,False
AEP,CTSH,0.21193453566915527,Utilities - Regulated Electric,Information Technology Services,False
AMGN,INTC,0.21191481034180173,Drug Manufacturers - General,Semiconductors,False
CSGP,MDLZ,0.21179180885181956,Real Estate Services,Confectioners,False
CDW,KDP,0.2115895412252534,Information Technology Services,Beverages - Non-Alcoholic,False
ARM,TTWO,0.2115806444871226,Semiconductors,Electronic Gaming & Multimedia,False
MSFT,WBD,0.21148577830379503,Software - Infrastructure,Entertainment,False
AZN,CSGP,0.21147490360591834,Drug Manufacturers - General,Real Estate Services,False
KLAC,VRSK,0.21145611970489245,Semiconductor Equipment & Materials,Consulting Services,False
CCEP,NVDA,0.21100745478206467,Beverages - Non-Alcoholic,Semiconductors,False
CHTR,IDXX,0.21094343699623946,Telecom Services,Diagnostics & Research,False
INTU,PEP,0.21089553703064276,Software - Application,Beverages - Non-Alcoholic,False
FAST,REGN,0.21072752029335184,Industrial Distribution,Biotechnology,False
INTC,PDD,0.21054618734664876,Semiconductors,Internet Retail,False
MNST,TSLA,0.2105248417034294,Beverages - Non-Alcoholic,Auto Manufacturers,False
CCEP,VRTX,0.2103671975888666,Beverages - Non-Alcoholic,Biotechnology,False
ADBE,PEP,0.2100577288311676,Software - Application,Beverages - Non-Alcoholic,False
ARM,ROP,0.21001607018480448,Semiconductors,Software - Application,False
REGN,ROP,0.20987408281069525,Biotechnology,Software - Application,False
AMD,CHTR,0.20983480571197055,Semiconductors,Telecom Services,False
CDW,VRTX,0.2097943055075402,Information Technology Services,Biotechnology,False
AMAT,BIIB,0.20978938075536185,Semiconductor Equipment & Materials,Drug Manufacturers - General,False
CPRT,PDD,0.20971875714582316,Specialty Business Services,Internet Retail,False
BKR,ROST,0.2096915515718463,Oil & Gas Equipment & Services,Apparel Retail,False
GEHC,MNST,0.20967444663101928,Medical Devices,Beverages - Non-Alcoholic,False
BIIB,INTU,0.20957725533170815,Drug Manufacturers - General,Software - Application,False
BKR,WBD,0.2095572627012648,Oil & Gas Equipment & Services,Entertainment,False
KHC,VRSK,0.20951441892659164,Packaged Foods,Consulting Services,False
CEG,ROST,0.20951246506978793,Utilities - Independent Power Producers,Apparel Retail,False
BKR,ROP,0.20948311964777597,Oil & Gas Equipment & Services,Software - Application,False
CDW,GILD,0.20940325720421082,Information Technology Services,Drug Manufacturers - General,False
ADI,AZN,0.20938985556012502,Semiconductors,Drug Manufacturers - General,False
AMD,CCEP,0.20924369280362942,Semiconductors,Beverages - Non-Alcoholic,False
ASML,REGN,0.2092038242305328,Semiconductor Equipment & Materials,Biotechnology,False
ADBE,ARM,0.20906479777962686,Software - Application,Semiconductors,False
AZN,SBUX,0.20903375053570192,Drug Manufacturers - General,Restaurants,False
ADSK,BIIB,0.20901132791337765,Software - Application,Drug Manufacturers - General,False
AXON,INTC,0.20887506491541077,Aerospace & Defense,Semiconductors,False
CPRT,REGN,0.2086870421217098,Specialty Business Services,Biotechnology,False
PDD,TXN,0.20858183887151638,Internet Retail,Semiconductors,False
AXON,VRSK,0.2085571573997294,Aerospace & Defense,Consulting Services,False
AZN,KDP,0.20855219196593272,Drug Manufacturers - General,Beverages - Non-Alcoholic,False
BIIB,LRCX,0.20839984340397613,Drug Manufacturers - General,Semiconductor Equipment & Materials,False
CCEP,META,0.20828261062320821,Beverages - Non-Alcoholic,Internet Content & Information,False
CCEP,DDOG,0.20806436039628703,Beverages - Non-Alcoholic,Software - Application,False
NVDA,VRSK,0.2079382120627072,Semiconductors,Consulting Services,False
BKR,GOOGL,0.207928079629894,Oil & Gas Equipment & Services,Internet Content & Information,False
ARM,PYPL,0.2078671481639733,Semiconductors,Credit Services,False
AMGN,ODFL,0.20783329048081792,Drug Manufacturers - General,Trucking,False
APP,VRSK,0.20759592586014813,Advertising Agencies,Consulting Services,False
ADSK,FANG,0.2075615962326196,Software - Application,Oil & Gas E&P,False
MNST,VRTX,0.20752635360048471,Beverages - Non-Alcoholic,Biotechnology,False
CEG,PCAR,0.20749991650531951,Utilities - Independent Power Producers,Farm & Heavy Construction Machinery,False
CMCSA,NVDA,0.20718720658619064,Telecom Services,Semiconductors,False
CHTR,TTWO,0.2071810186488563,Telecom Services,Electronic Gaming & Multimedia,False
AZN,TMUS,0.20693187013015474,Drug Manufacturers - General,Telecom Services,False
AMZN,TMUS,0.20659841315723976,Internet Retail,Telecom Services,False
PCAR,VRSK,0.20648164623001738,Farm & Heavy Construction Machinery,Consulting Services,False
AEP,CHTR,0.2064267256508573,Utilities - Regulated Electric,Telecom Services,False
AZN,CSCO,0.20627500461431883,Drug Manufacturers - General,Communication Equipment,False
ARM,FTNT,0.20626517018501747,Semiconductors,Software - Infrastructure,False
FANG,NVDA,0.20621878766802837,Oil & Gas E&P,Semiconductors,False
CEG,CPRT,0.20611668857269388,Utilities - Independent Power Producers,Specialty Business Services,False
BIIB,WDAY,0.20596322417545715,Drug Manufacturers - General,Software - Application,False
CTSH,KDP,0.20586121841517618,Information Technology Services,Beverages - Non-Alcoholic,False
BIIB,KLAC,0.20585277356550916,Drug Manufacturers - General,Semiconductor Equipment & Materials,False
GEHC,VRTX,0.20585150616577427,Medical Devices,Biotechnology,False
AEP,CSGP,0.2056313583445808,Utilities - Regulated Electric,Real Estate Services,False
DXCM,TMUS,0.20562346416809843,Medical Devices,Telecom Services,False
QCOM,VRTX,0.2054960010956384,Semiconductors,Biotechnology,False
REGN,ROST,0.20545635995824882,Biotechnology,Apparel Retail,False
CCEP,GEHC,0.20544174113507357,Beverages - Non-Alcoholic,Medical Devices,False
AMZN,BKR,0.20540752380595728,Internet Retail,Oil & Gas Equipment & Services,False
AMD,BKR,0.20533322450223207,Semiconductors,Oil & Gas Equipment & Services,False
ADSK,MDLZ,0.20529585224026078,Software - Application,Confectioners,False
GEHC,TTD,0.20526047257770727,Medical Devices,Advertising Agencies,False
MDLZ,MSFT,0.20519883231431674,Confectioners,Software - Infrastructure,False
MNST,MRVL,0.20492427941075972,Beverages - Non-Alcoholic,Semiconductors,False
PDD,TTWO,0.20473917811906528,Internet Retail,Electronic Gaming & Multimedia,False
APP,CMCSA,0.20460119931024473,Advertising Agencies,Telecom Services,False
CTAS,WBD,0.2044037703600927,Specialty Business Services,Entertainment,False
BKR,NVDA,0.20429235568574625,Oil & Gas Equipment & Services,Semiconductors,False
AZN,MNST,0.2042454656616414,Drug Manufacturers - General,Beverages - Non-Alcoholic,False
MELI,ORLY,0.20421134553173179,Internet Retail,Auto Parts,False
BKR,SBUX,0.20374116231695108,Oil & Gas Equipment & Services,Restaurants,False
GFS,PDD,0.20360263790483657,Semiconductors,Internet Retail,False
MNST,MU,0.2036007027602321,Beverages - Non-Alcoholic,Semiconductors,False
ADI,GILD,0.20349092186008716,Semiconductors,Drug Manufacturers - General,False
MNST,MSTR,0.20347792800880884,Beverages - Non-Alcoholic,Software - Application,False
QCOM,TMUS,0.20342638692406284,Semiconductors,Telecom Services,False
AMGN,COST,0.20337263989392962,Drug Manufacturers - General,Discount Stores,False
AZN,GEHC,0.20336360226604488,Drug Manufacturers - General,Medical Devices,False
BIIB,CSX,0.20329979990624228,Drug Manufacturers - General,Railroads,False
NFLX,TMUS,0.20324293700814042,Entertainment,Telecom Services,False
ADSK,REGN,0.20318190370163866,Software - Application,Biotechnology,False
CTSH,KHC,0.2029765832803367,Information Technology Services,Packaged Foods,False
AAPL,XEL,0.20295941988565944,Consumer Electronics,Utilities - Regulated Electric,False
CSX,REGN,0.20252639684488322,Railroads,Biotechnology,False
ASML,BIIB,0.20250485576615398,Semiconductor Equipment & Materials,Drug Manufacturers - General,False
BIIB,LIN,0.20243220087387365,Drug Manufacturers - General,Specialty Chemicals,False
CEG,ODFL,0.20230077787672252,Utilities - Independent Power Producers,Trucking,False
ASML,VRTX,0.20229505373826567,Semiconductor Equipment & Materials,Biotechnology,False
AZN,INTU,0.2021635086025111,Drug Manufacturers - General,Software - Application,False
ADP,CEG,0.2021454574994311,Software - Application,Utilities - Independent Power Producers,False
GILD,ROST,0.20211937717161438,Drug Manufacturers - General,Apparel Retail,False
GILD,NXPI,0.20202590081985555,Drug Manufacturers - General,Semiconductors,False
AVGO,FANG,0.20194181861239738,Semiconductors,Oil & Gas E&P,False
ODFL,VRTX,0.20191136969853019,Trucking,Biotechnology,False
NXPI,VRTX,0.20186812444645205,Semiconductors,Biotechnology,False
EXC,INTU,0.20175913721791752,Utilities - Regulated Electric,Software - Application,False
ADSK,PEP,0.2017044838922469,Software - Application,Beverages - Non-Alcoholic,False
ODFL,REGN,0.20149036924971356,Trucking,Biotechnology,False
PCAR,ZS,0.20142939796542209,Farm & Heavy Construction Machinery,Software - Infrastructure,False
MELI,REGN,0.2013728341807692,Internet Retail,Biotechnology,False
CTSH,PDD,0.2012790564020328,Information Technology Services,Internet Retail,False
CDNS,TMUS,0.20121849135322736,Software - Application,Telecom Services,False
EXC,ODFL,0.20116351136552907,Utilities - Regulated Electric,Trucking,False
BIIB,CPRT,0.20088064602268918,Drug Manufacturers - General,Specialty Business Services,False
BIIB,QCOM,0.2007098098770153,Drug Manufacturers - General,Semiconductors,False
CCEP,INTC,0.20055642799954476,Beverages - Non-Alcoholic,Semiconductors,False
BKNG,VRTX,0.20046637062857015,Travel Services,Biotechnology,False
MDB,MNST,0.20033288761633994,Software - Infrastructure,Beverages - Non-Alcoholic,False
ADP,FANG,0.20012018098434545,Software - Application,Oil & Gas E&P,False
ROP,WBD,0.20001385643936964,Software - Application,Entertainment,False
BIIB,MNST,0.19991693176012576,Drug Manufacturers - General,Beverages - Non-Alcoholic,False
KDP,ODFL,0.19985768192998896,Beverages - Non-Alcoholic,Trucking,False
BIIB,SBUX,0.19958370783545176,Drug Manufacturers - General,Restaurants,False
CHTR,EXC,0.19933528394320527,Telecom Services,Utilities - Regulated Electric,False
CCEP,PANW,0.19908842281770533,Beverages - Non-Alcoholic,Software - Infrastructure,False
ARM,LIN,0.19899165926495005,Semiconductors,Specialty Chemicals,False
FANG,ROST,0.198919016596152,Oil & Gas E&P,Apparel Retail,False
CSGP,EXC,0.19868128380762543,Real Estate Services,Utilities - Regulated Electric,False
DXCM,PDD,0.1986275180989993,Medical Devices,Internet Retail,False
TMUS,WDAY,0.1985515856467594,Telecom Services,Software - Application,False
BIIB,ODFL,0.1985113991663768,Drug Manufacturers - General,Trucking,False
HON,REGN,0.19845040357652016,Conglomerates,Biotechnology,False
HON,MDB,0.19838787468991015,Conglomerates,Software - Infrastructure,False
LULU,MDLZ,0.19838254094436003,Apparel Retail,Confectioners,False
BIIB,MSFT,0.19832573242148477,Drug Manufacturers - General,Software - Infrastructure,False
AMAT,VRTX,0.1979172362545929,Semiconductor Equipment & Materials,Biotechnology,False
COST,KHC,0.19789746114067494,Discount Stores,Packaged Foods,False
ISRG,KDP,0.19787030105541048,Medical Instruments & Supplies,Beverages - Non-Alcoholic,False
AMAT,VRSK,0.19785954078015183,Semiconductor Equipment & Materials,Consulting Services,False
ROST,VRTX,0.1977783490749489,Apparel Retail,Biotechnology,False
CSGP,REGN,0.1975366717835311,Real Estate Services,Biotechnology,False
LRCX,VRSK,0.19746100059956276,Semiconductor Equipment & Materials,Consulting Services,False
ADBE,VRTX,0.19742938807997976,Software - Application,Biotechnology,False
CSX,VRTX,0.19735863106306661,Railroads,Biotechnology,False
FANG,PYPL,0.19721637376347595,Oil & Gas E&P,Credit Services,False
CMCSA,PANW,0.19719912646095475,Telecom Services,Software - Infrastructure,False
GEHC,MDLZ,0.19708074889062002,Medical Devices,Confectioners,False
ADI,KDP,0.19698515888819604,Semiconductors,Beverages - Non-Alcoholic,False
CCEP,MRVL,0.1968776522354786,Beverages - Non-Alcoholic,Semiconductors,False
CHTR,PANW,0.19686218684995674,Telecom Services,Software - Infrastructure,False
FANG,GOOGL,0.19676616666228874,Oil & Gas E&P,Internet Content & Information,False
DXCM,KDP,0.19668562013925023,Medical Devices,Beverages - Non-Alcoholic,False
PCAR,TEAM,0.19660551523280953,Farm & Heavy Construction Machinery,Software - Application,False
CCEP,ZS,0.19659064629320963,Beverages - Non-Alcoholic,Software - Infrastructure,False
MSFT,PEP,0.19658012588208612,Software - Infrastructure,Beverages - Non-Alcoholic,False
CRWD,MNST,0.19648248008713978,Software - Infrastructure,Beverages - Non-Alcoholic,False
ABNB,VRSK,0.19640244825863457,Travel Services,Consulting Services,False
CDNS,ORLY,0.1963652790158118,Software - Application,Auto Parts,False
EXC,ISRG,0.19627287247881042,Utilities - Regulated Electric,Medical Instruments & Supplies,False
BKR,CHTR,0.19623009580990924,Oil & Gas Equipment & Services,Telecom Services,False
CEG,NFLX,0.19615763758704732,Utilities - Independent Power Producers,Entertainment,False
MNST,NFLX,0.19590127924454379,Beverages - Non-Alcoholic,Entertainment,False
MAR,MDLZ,0.19570968774801875,Lodging,Confectioners,False
GOOGL,TMUS,0.19562711030842375,Internet Content & Information,Telecom Services,False
GOOGL,REGN,0.19560105294051616,Internet Content & Information,Biotechnology,False
SNPS,TMUS,0.1955930069474269,Software - Infrastructure,Telecom Services,False
AMAT,AMGN,0.19548838959637274,Semiconductor Equipment & Materials,Drug Manufacturers - General,False
ADI,MDLZ,0.19547898112488,Semiconductors,Confectioners,False
META,REGN,0.19517759090354256,Internet Content & Information,Biotechnology,False
VRTX,XEL,0.19511142255930705,Biotechnology,Utilities - Regulated Electric,False
ARM,CTAS,0.1947491611115261,Semiconductors,Specialty Business Services,False
ADBE,MDLZ,0.1944258380946959,Software - Application,Confectioners,False
CCEP,NFLX,0.1943729195346328,Beverages - Non-Alcoholic,Entertainment,False
BKR,LULU,0.19435302145386527,Oil & Gas Equipment & Services,Apparel Retail,False
CDW,EXC,0.19416463060470865,Information Technology Services,Utilities - Regulated Electric,False
BIIB,FAST,0.19408743365467282,Drug Manufacturers - General,Industrial Distribution,False
CPRT,GILD,0.19398627983148803,Specialty Business Services,Drug Manufacturers - General,False
FTNT,VRTX,0.19391422338275535,Software - Infrastructure,Biotechnology,False
MDB,PCAR,0.19387145198594014,Software - Infrastructure,Farm & Heavy Construction Machinery,False
FANG,SBUX,0.19385315949169418,Oil & Gas E&P,Restaurants,False
BKR,INTU,0.19384840422677305,Oil & Gas Equipment & Services,Software - Application,False
LIN,PDD,0.19377581874521582,Specialty Chemicals,Internet Retail,False
ADSK,AMGN,0.19361224803086413,Software - Application,Drug Manufacturers - General,False
NVDA,WBD,0.19356087593713558,Semiconductors,Entertainment,False
CSGP,GILD,0.19329211542143135,Real Estate Services,Drug Manufacturers - General,False
AMGN,CPRT,0.19324677218435482,Drug Manufacturers - General,Specialty Business Services,False
MDLZ,TXN,0.19318893292517547,Confectioners,Semiconductors,False
BIIB,CDNS,0.19302186062284502,Drug Manufacturers - General,Software - Application,False
AZN,WDAY,0.19273145197158614,Drug Manufacturers - General,Software - Application,False
BKNG,MDLZ,0.19266431944077933,Travel Services,Confectioners,False
ADBE,BIIB,0.1926632188055531,Software - Application,Drug Manufacturers - General,False
ISRG,XEL,0.19255349293976898,Medical Instruments & Supplies,Utilities - Regulated Electric,False
APP,CCEP,0.19247728338956555,Advertising Agencies,Beverages - Non-Alcoholic,False
MDLZ,PYPL,0.19245416971180188,Confectioners,Credit Services,False
APP,PCAR,0.19238641573872078,Advertising Agencies,Farm & Heavy Construction Machinery,False
FTNT,GEHC,0.19237388187326604,Software - Infrastructure,Medical Devices,False
CCEP,MSTR,0.19225322513652973,Beverages - Non-Alcoholic,Software - Application,False
KDP,TXN,0.19197915678366603,Beverages - Non-Alcoholic,Semiconductors,False
CEG,GEHC,0.19190328679255117,Utilities - Independent Power Producers,Medical Devices,False
ADSK,KDP,0.19165775718667455,Software - Application,Beverages - Non-Alcoholic,False
BIIB,LULU,0.19161952174274563,Drug Manufacturers - General,Apparel Retail,False
AEP,SBUX,0.1911952033568713,Utilities - Regulated Electric,Restaurants,False
CCEP,TTD,0.19116104968325592,Beverages - Non-Alcoholic,Advertising Agencies,False
PANW,WBD,0.1911067330692189,Software - Infrastructure,Entertainment,False
CHTR,GILD,0.1910673450366723,Telecom Services,Drug Manufacturers - General,False
BIIB,CHTR,0.19106486462512873,Drug Manufacturers - General,Telecom Services,False
EXC,PCAR,0.1910568551043097,Utilities - Regulated Electric,Farm & Heavy Construction Machinery,False
ARM,DXCM,0.19099873519502064,Semiconductors,Medical Devices,False
CEG,FAST,0.19097074146605908,Utilities - Independent Power Producers,Industrial Distribution,False
ON,VRSK,0.19090537165895025,Semiconductors,Consulting Services,False
AVGO,CMCSA,0.19067584173462684,Semiconductors,Telecom Services,False
NXPI,TMUS,0.19039048736076342,Semiconductors,Telecom Services,False
AZN,CDW,0.19029269414263666,Drug Manufacturers - General,Information Technology Services,False
BIIB,MELI,0.19007444214442631,Drug Manufacturers - General,Internet Retail,False
MAR,PDD,0.19005637549429696,Lodging,Internet Retail,False
ARM,PDD,0.1898881838509485,Semiconductors,Internet Retail,False
CCEP,LULU,0.189885774603786,Beverages - Non-Alcoholic,Apparel Retail,False
CDNS,FANG,0.1897641201232408,Software - Application,Oil & Gas E&P,False
INTC,VRSK,0.18954058346967312,Semiconductors,Consulting Services,False
AMGN,ISRG,0.18952128184920322,Drug Manufacturers - General,Medical Instruments & Supplies,False
AZN,TXN,0.18947441401262083,Drug Manufacturers - General,Semiconductors,False
REGN,SBUX,0.18933819169516236,Biotechnology,Restaurants,False
MU,VRTX,0.18922581659402207,Semiconductors,Biotechnology,False
FANG,MSTR,0.18919192340479596,Oil & Gas E&P,Software - Application,False
AEP,IDXX,0.1891101156266596,Utilities - Regulated Electric,Diagnostics & Research,False
INTC,TMUS,0.18898054252267535,Semiconductors,Telecom Services,False
ARM,AXON,0.18892052093640277,Semiconductors,Aerospace & Defense,False
AAPL,AEP,0.18887489922852319,Consumer Electronics,Utilities - Regulated Electric,False
CCEP,MDB,0.18870622643993776,Beverages - Non-Alcoholic,Software - Infrastructure,False
BKR,FTNT,0.18833140168454637,Oil & Gas Equipment & Services,Software - Infrastructure,False
TEAM,VRTX,0.18829148190409986,Software - Application,Biotechnology,False
AZN,COST,0.18827947870524397,Drug Manufacturers - General,Discount Stores,False
GILD,PYPL,0.18825409235272025,Drug Manufacturers - General,Credit Services,False
PANW,VRTX,0.18811648536883863,Software - Infrastructure,Biotechnology,False
AZN,MCHP,0.18781035593218526,Drug Manufacturers - General,Semiconductors,False
ORLY,TXN,0.1877814837275311,Auto Parts,Semiconductors,False
GILD,ODFL,0.18772985127159839,Drug Manufacturers - General,Trucking,False
INTC,MNST,0.1876004155502625,Semiconductors,Beverages - Non-Alcoholic,False
CMCSA,KDP,0.18751018084507914,Telecom Services,Beverages - Non-Alcoholic,False
LULU,PEP,0.18743744027995599,Apparel Retail,Beverages - Non-Alcoholic,False
CEG,TTWO,0.1874297785708902,Utilities - Independent Power Producers,Electronic Gaming & Multimedia,False
AMGN,ROST,0.18732699814161063,Drug Manufacturers - General,Apparel Retail,False
BKR,CCEP,0.18725599248979394,Oil & Gas Equipment & Services,Beverages - Non-Alcoholic,False
LRCX,VRTX,0.18724560332245005,Semiconductor Equipment & Materials,Biotechnology,False
BIIB,ROST,0.18721077369400005,Drug Manufacturers - General,Apparel Retail,False
CCEP,REGN,0.1871486270646829,Beverages - Non-Alcoholic,Biotechnology,False
FTNT,PDD,0.18707785919764658,Software - Infrastructure,Internet Retail,False
BIIB,KHC,0.18672816325307448,Drug Manufacturers - General,Packaged Foods,False
CHTR,CRWD,0.18648836565384685,Telecom Services,Software - Infrastructure,False
AAPL,EXC,0.18643379946881314,Consumer Electronics,Utilities - Regulated Electric,False
AZN,ORLY,0.1863457176507365,Drug Manufacturers - General,Auto Parts,False
CDNS,REGN,0.18633408970794463,Software - Application,Biotechnology,False
BIIB,MU,0.18622171764833145,Drug Manufacturers - General,Semiconductors,False
BIIB,INTC,0.18604697976569765,Drug Manufacturers - General,Semiconductors,False
MNST,TTD,0.1859460802816148,Beverages - Non-Alcoholic,Advertising Agencies,False
CHTR,MSTR,0.18582771832399256,Telecom Services,Software - Application,False
FANG,ISRG,0.18562573264834556,Oil & Gas E&P,Medical Instruments & Supplies,False
ADSK,AZN,0.18556321501684153,Software - Application,Drug Manufacturers - General,False
INTC,REGN,0.18513388970683964,Semiconductors,Biotechnology,False
AZN,BKNG,0.18508631246140292,Drug Manufacturers - General,Travel Services,False
ADI,PEP,0.18497111981863423,Semiconductors,Beverages - Non-Alcoholic,False
FTNT,WBD,0.18496943353781078,Software - Infrastructure,Entertainment,False
CSGP,KDP,0.18493806772891316,Real Estate Services,Beverages - Non-Alcoholic,False
EXC,VRTX,0.18474537186431306,Utilities - Regulated Electric,Biotechnology,False
GILD,WBD,0.1845480417397675,Drug Manufacturers - General,Entertainment,False
AZN,NXPI,0.18443188466054142,Drug Manufacturers - General,Semiconductors,False
ON,VRTX,0.1843890115038775,Semiconductors,Biotechnology,False
CCEP,DXCM,0.18436948348385038,Beverages - Non-Alcoholic,Medical Devices,False
DXCM,VRTX,0.1842450093608269,Medical Devices,Biotechnology,False
GFS,REGN,0.18403240439089566,Semiconductors,Biotechnology,False
APP,CHTR,0.1839535929324526,Advertising Agencies,Telecom Services,False
BKR,CPRT,0.18393172337273442,Oil & Gas Equipment & Services,Specialty Business Services,False
CHTR,META,0.183817733374896,Telecom Services,Internet Content & Information,False
MNST,TEAM,0.18373433932736483,Beverages - Non-Alcoholic,Software - Application,False
ORLY,SNPS,0.18368337402226434,Auto Parts,Software - Infrastructure,False
BIIB,SNPS,0.18350801143192175,Drug Manufacturers - General,Software - Infrastructure,False
PDD,ROST,0.18350474864250066,Internet Retail,Apparel Retail,False
ORLY,VRTX,0.18339816996955177,Auto Parts,Biotechnology,False
MAR,VRTX,0.18305796216797524,Lodging,Biotechnology,False
PCAR,VRTX,0.18287777149191536,Farm & Heavy Construction Machinery,Biotechnology,False
FANG,MELI,0.18271825600959618,Oil & Gas E&P,Internet Retail,False
IDXX,XEL,0.18271415841194638,Diagnostics & Research,Utilities - Regulated Electric,False
LULU,VRTX,0.18266955156758705,Apparel Retail,Biotechnology,False
MRVL,VRSK,0.18264704481161945,Semiconductors,Consulting Services,False
ADBE,GILD,0.18257062706370933,Software - Application,Drug Manufacturers - General,False
AMGN,KLAC,0.1824333216252394,Drug Manufacturers - General,Semiconductor Equipment & Materials,False
CCEP,PDD,0.18220505455797734,Beverages - Non-Alcoholic,Internet Retail,False
GILD,MCHP,0.18201429578654135,Drug Manufacturers - General,Semiconductors,False
LULU,TMUS,0.18174406311441413,Apparel Retail,Telecom Services,False
IDXX,KDP,0.1816246075611511,Diagnostics & Research,Beverages - Non-Alcoholic,False
AMZN,FANG,0.1816202795572623,Internet Retail,Oil & Gas E&P,False
AMZN,REGN,0.1814315899220572,Internet Retail,Biotechnology,False
ORLY,WDAY,0.18113964464203988,Auto Parts,Software - Application,False
PEP,WDAY,0.1808834155512863,Beverages - Non-Alcoholic,Software - Application,False
AMGN,ON,0.1808613773438519,Drug Manufacturers - General,Semiconductors,False
BIIB,WBD,0.18084551229629156,Drug Manufacturers - General,Entertainment,False
GEHC,MELI,0.1807760181986038,Medical Devices,Internet Retail,False
CHTR,MU,0.18045796913378473,Telecom Services,Semiconductors,False
BIIB,ROP,0.18031758421914673,Drug Manufacturers - General,Software - Application,False
REGN,SNPS,0.1802217917449746,Biotechnology,Software - Infrastructure,False
GEHC,NFLX,0.18021380520590133,Medical Devices,Entertainment,False
GILD,INTU,0.1800933329655381,Drug Manufacturers - General,Software - Application,False
CHTR,PLTR,0.17989431403221873,Telecom Services,Software - Infrastructure,False
CMCSA,DXCM,0.17977400286401354,Telecom Services,Medical Devices,False
CHTR,NVDA,0.17967637716623766,Telecom Services,Semiconductors,False
CMCSA,PLTR,0.1796182634549243,Telecom Services,Software - Infrastructure,False
AMZN,BIIB,0.1796077294926293,Internet Retail,Drug Manufacturers - General,False
TEAM,TMUS,0.17957692480713094,Software - Application,Telecom Services,False
PANW,TMUS,0.17943345239307168,Software - Infrastructure,Telecom Services,False
AMGN,MAR,0.17938115506829722,Drug Manufacturers - General,Lodging,False
CEG,PAYX,0.17901854740243245,Utilities - Independent Power Producers,Software - Application,False
MU,REGN,0.17897754629557322,Semiconductors,Biotechnology,False
GFS,KDP,0.17873165307615468,Semiconductors,Beverages - Non-Alcoholic,False
FANG,INTU,0.17864131862416735,Oil & Gas E&P,Software - Application,False
CPRT,XEL,0.1783947063144108,Specialty Business Services,Utilities - Regulated Electric,False
CDW,PDD,0.17820366084318598,Information Technology Services,Internet Retail,False
AMGN,GFS,0.17818684272577073,Drug Manufacturers - General,Semiconductors,False
BIIB,BKNG,0.17811395900270843,Drug Manufacturers - General,Travel Services,False
BKR,CSGP,0.17808330262529284,Oil & Gas Equipment & Services,Real Estate Services,False
BIIB,META,0.17798758527754938,Drug Manufacturers - General,Internet Content & Information,False
ADBE,KDP,0.1779716465755463,Software - Application,Beverages - Non-Alcoholic,False
AZN,PYPL,0.1778635993727716,Drug Manufacturers - General,Credit Services,False
AVGO,CCEP,0.17741802319119687,Semiconductors,Beverages - Non-Alcoholic,False
CHTR,REGN,0.17709698677213842,Telecom Services,Biotechnology,False
BKR,SNPS,0.17708673767875754,Oil & Gas Equipment & Services,Software - Infrastructure,False
CDW,KHC,0.17703082509916296,Information Technology Services,Packaged Foods,False
AMGN,LRCX,0.17671371617672202,Drug Manufacturers - General,Semiconductor Equipment & Materials,False
CMCSA,REGN,0.1767129777124332,Telecom Services,Biotechnology,False
FANG,FAST,0.17668411338388718,Oil & Gas E&P,Industrial Distribution,False
ARM,CSGP,0.17663140214314232,Semiconductors,Real Estate Services,False
FAST,WBD,0.17651405624752725,Industrial Distribution,Entertainment,False
BIIB,DXCM,0.17644545533461367,Drug Manufacturers - General,Medical Devices,False
COST,GILD,0.1763752721399202,Discount Stores,Drug Manufacturers - General,False
EXC,REGN,0.1763047971598013,Utilities - Regulated Electric,Biotechnology,False
ADBE,CEG,0.17624603818877477,Software - Application,Utilities - Independent Power Producers,False
ARM,CSX,0.17624558854933717,Semiconductors,Railroads,False
GILD,INTC,0.1761155426437893,Drug Manufacturers - General,Semiconductors,False
SNPS,WBD,0.17603885500045813,Software - Infrastructure,Entertainment,False
CHTR,DDOG,0.17590241466145734,Telecom Services,Software - Application,False
BIIB,GOOGL,0.1756970855481027,Drug Manufacturers - General,Internet Content & Information,False
BKR,TSLA,0.17564537556442933,Oil & Gas Equipment & Services,Auto Manufacturers,False
GFS,TMUS,0.1756250067081723,Semiconductors,Telecom Services,False
AZN,KLAC,0.17545190670676103,Drug Manufacturers - General,Semiconductor Equipment & Materials,False
TMUS,TTWO,0.17513830104200412,Telecom Services,Electronic Gaming & Multimedia,False
PCAR,TTWO,0.17506440340584964,Farm & Heavy Construction Machinery,Electronic Gaming & Multimedia,False
KDP,MAR,0.17504722048934032,Beverages - Non-Alcoholic,Lodging,False
AMGN,QCOM,0.17490204112904964,Drug Manufacturers - General,Semiconductors,False
ASML,TMUS,0.17483770938458024,Semiconductor Equipment & Materials,Telecom Services,False
GILD,ISRG,0.17453322206267533,Drug Manufacturers - General,Medical Instruments & Supplies,False
VRTX,WDAY,0.17451511333021932,Biotechnology,Software - Application,False
BIIB,TMUS,0.17397835363341854,Drug Manufacturers - General,Telecom Services,False
FTNT,REGN,0.1739597831496359,Software - Infrastructure,Biotechnology,False
NVDA,REGN,0.17385877904263813,Semiconductors,Biotechnology,False
REGN,WDAY,0.17382750027614322,Biotechnology,Software - Application,False
PANW,PCAR,0.1734568652346587,Software - Infrastructure,Farm & Heavy Construction Machinery,False
CMCSA,DDOG,0.17344493568741728,Telecom Services,Software - Application,False
KDP,QCOM,0.1734226555370409,Beverages - Non-Alcoholic,Semiconductors,False
BKR,CRWD,0.17337792385598147,Oil & Gas Equipment & Services,Software - Infrastructure,False
PYPL,REGN,0.17335208759325135,Credit Services,Biotechnology,False
KDP,MCHP,0.17331803181466346,Beverages - Non-Alcoholic,Semiconductors,False
AZN,MAR,0.1732757451221416,Drug Manufacturers - General,Lodging,False
CCEP,CRWD,0.1731874999168989,Beverages - Non-Alcoholic,Software - Infrastructure,False
AXON,PDD,0.17294944131707388,Aerospace & Defense,Internet Retail,False
REGN,TMUS,0.17288426536826554,Biotechnology,Telecom Services,False
DXCM,PCAR,0.17281183379313086,Medical Devices,Farm & Heavy Construction Machinery,False
AVGO,WBD,0.1727841070240284,Semiconductors,Entertainment,False
KDP,NXPI,0.17276044899130394,Beverages - Non-Alcoholic,Semiconductors,False
FANG,TSLA,0.17251910591295136,Oil & Gas E&P,Auto Manufacturers,False
AMGN,INTU,0.1724913098738515,Drug Manufacturers - General,Software - Application,False
DDOG,FANG,0.17248102912796479,Software - Application,Oil & Gas E&P,False
AMZN,VRTX,0.17246569909547416,Internet Retail,Biotechnology,False
MNST,REGN,0.17231698254760366,Beverages - Non-Alcoholic,Biotechnology,False
DDOG,GEHC,0.17224724010698342,Software - Application,Medical Devices,False
MELI,VRTX,0.17222372282201442,Internet Retail,Biotechnology,False
AZN,MSFT,0.17213349341219708,Drug Manufacturers - General,Software - Infrastructure,False
FANG,TTD,0.17208502665809858,Oil & Gas E&P,Advertising Agencies,False
AVGO,MNST,0.17205170038568046,Semiconductors,Beverages - Non-Alcoholic,False
GEHC,XEL,0.17197370142459367,Medical Devices,Utilities - Regulated Electric,False
INTC,VRTX,0.1719518041905753,Semiconductors,Biotechnology,False
MCHP,TMUS,0.17185995303693172,Semiconductors,Telecom Services,False
MNST,PDD,0.17177315352066,Beverages - Non-Alcoholic,Internet Retail,False
AZN,FAST,0.17176748045744628,Drug Manufacturers - General,Industrial Distribution,False
EXC,MSFT,0.17171896808112688,Utilities - Regulated Electric,Software - Infrastructure,False
MDLZ,MELI,0.17169569436084042,Confectioners,Internet Retail,False
AZN,ROST,0.17158641299289729,Drug Manufacturers - General,Apparel Retail,False
CCEP,TSLA,0.1715322778333309,Beverages - Non-Alcoholic,Auto Manufacturers,False
AZN,QCOM,0.17128003190849048,Drug Manufacturers - General,Semiconductors,False
ADSK,GILD,0.17100232428049647,Software - Application,Drug Manufacturers - General,False
CRWD,PCAR,0.170642297175276,Software - Infrastructure,Farm & Heavy Construction Machinery,False
AZN,CSX,0.17041421321003186,Drug Manufacturers - General,Railroads,False
AZN,CDNS,0.17024568914750135,Drug Manufacturers - General,Software - Application,False
AMD,VRSK,0.16962512754561707,Semiconductors,Consulting Services,False
DXCM,PEP,0.16932429165451024,Medical Devices,Beverages - Non-Alcoholic,False
MAR,PEP,0.16905440858366189,Lodging,Beverages - Non-Alcoholic,False
BKR,TTD,0.16893000339253705,Oil & Gas Equipment & Services,Advertising Agencies,False
BIIB,XEL,0.16888451933686177,Drug Manufacturers - General,Utilities - Regulated Electric,False
BKNG,GILD,0.1688527111585176,Travel Services,Drug Manufacturers - General,False
FANG,FTNT,0.16882468827944422,Oil & Gas E&P,Software - Infrastructure,False
CHTR,KHC,0.1687902264008813,Telecom Services,Packaged Foods,False
GILD,MAR,0.16875249337311915,Drug Manufacturers - General,Lodging,False
APP,CSX,0.1687400700785883,Advertising Agencies,Railroads,False
AXON,CHTR,0.1687234768260971,Aerospace & Defense,Telecom Services,False
CHTR,KDP,0.16870475746269364,Telecom Services,Beverages - Non-Alcoholic,False
AVGO,VRTX,0.16842451612057824,Semiconductors,Biotechnology,False
BIIB,DASH,0.16829074880088313,Drug Manufacturers - General,Internet Retail,False
CHTR,VRTX,0.1678573398442008,Telecom Services,Biotechnology,False
CCEP,TTWO,0.16785567538023743,Beverages - Non-Alcoholic,Electronic Gaming & Multimedia,False
KLAC,TMUS,0.16768904640110172,Semiconductor Equipment & Materials,Telecom Services,False
ADBE,EXC,0.16766065791315327,Software - Application,Utilities - Regulated Electric,False
MDLZ,NXPI,0.16762145105285153,Confectioners,Semiconductors,False
CEG,PYPL,0.1675672711806396,Utilities - Independent Power Producers,Credit Services,False
AMGN,ASML,0.1674520012805393,Drug Manufacturers - General,Semiconductor Equipment & Materials,False
CMCSA,CRWD,0.16741284923925093,Telecom Services,Software - Infrastructure,False
AMAT,AZN,0.16695560291457104,Semiconductor Equipment & Materials,Drug Manufacturers - General,False
AVGO,CHTR,0.16683823924123967,Semiconductors,Telecom Services,False
CDW,XEL,0.16678071294431765,Information Technology Services,Utilities - Regulated Electric,False
BIIB,ZS,0.16673958262556693,Drug Manufacturers - General,Software - Infrastructure,False
ORLY,PANW,0.16673587299654394,Auto Parts,Software - Infrastructure,False
AZN,MELI,0.16644281121263332,Drug Manufacturers - General,Internet Retail,False
AMGN,LULU,0.16638565764817428,Drug Manufacturers - General,Apparel Retail,False
CCEP,FANG,0.16619976958054897,Beverages - Non-Alcoholic,Oil & Gas E&P,False
BKR,PLTR,0.16612020217783222,Oil & Gas Equipment & Services,Software - Infrastructure,False
KDP,REGN,0.1659780232479177,Beverages - Non-Alcoholic,Biotechnology,False
MRVL,REGN,0.1656220669450982,Semiconductors,Biotechnology,False
CRWD,TMUS,0.1655397831064764,Software - Infrastructure,Telecom Services,False
MNST,WBD,0.16539964697378967,Beverages - Non-Alcoholic,Entertainment,False
AMAT,TMUS,0.16536332787231103,Semiconductor Equipment & Materials,Telecom Services,False
ADSK,EXC,0.16534353391725,Software - Application,Utilities - Regulated Electric,False
AZN,INTC,0.16533860133723854,Drug Manufacturers - General,Semiconductors,False
INTU,KDP,0.16523684637601324,Software - Application,Beverages - Non-Alcoholic,False
MRVL,VRTX,0.16517268548841074,Semiconductors,Biotechnology,False
BIIB,MRVL,0.16508990119440906,Drug Manufacturers - General,Semiconductors,False
ODFL,XEL,0.16466259393040764,Trucking,Utilities - Regulated Electric,False
KDP,VRTX,0.16452664339450787,Beverages - Non-Alcoholic,Biotechnology,False
AAPL,KHC,0.1644773886350667,Consumer Electronics,Packaged Foods,False
CRWD,FANG,0.16434750500748907,Software - Infrastructure,Oil & Gas E&P,False
BKR,MSTR,0.16427466166832,Oil & Gas Equipment & Services,Software - Application,False
CEG,CSGP,0.16415808957398179,Utilities - Independent Power Producers,Real Estate Services,False
FANG,LULU,0.16408796976760404,Oil & Gas E&P,Apparel Retail,False
CRWD,VRTX,0.1639207776914587,Software - Infrastructure,Biotechnology,False
EXC,MAR,0.16370548264858986,Utilities - Regulated Electric,Lodging,False
AEP,ISRG,0.16354701758149548,Utilities - Regulated Electric,Medical Instruments & Supplies,False
BKR,IDXX,0.16339730936766497,Oil & Gas Equipment & Services,Diagnostics & Research,False
AMD,BIIB,0.16333120547365107,Semiconductors,Drug Manufacturers - General,False
CSGP,FANG,0.16332566502083964,Real Estate Services,Oil & Gas E&P,False
BKR,MSFT,0.1632060058865472,Oil & Gas Equipment & Services,Software - Infrastructure,False
BIIB,NFLX,0.1631323827423708,Drug Manufacturers - General,Entertainment,False
KHC,ODFL,0.16310965307924447,Packaged Foods,Trucking,False
AMGN,CDNS,0.1630734498739125,Drug Manufacturers - General,Software - Application,False
COST,REGN,0.16298661791729657,Discount Stores,Biotechnology,False
AZN,LRCX,0.1628894966184438,Drug Manufacturers - General,Semiconductor Equipment & Materials,False
AMGN,SNPS,0.16268592110145633,Drug Manufacturers - General,Software - Infrastructure,False
MDLZ,WDAY,0.16256872893394153,Confectioners,Software - Application,False
AXON,TMUS,0.1625545495319629,Aerospace & Defense,Telecom Services,False
AEP,ROST,0.16236275004350922,Utilities - Regulated Electric,Apparel Retail,False
KDP,LULU,0.16235894056855824,Beverages - Non-Alcoholic,Apparel Retail,False
MNST,PLTR,0.1622889973583052,Beverages - Non-Alcoholic,Software - Infrastructure,False
AEP,CEG,0.162218006114651,Utilities - Regulated Electric,Utilities - Independent Power Producers,False
FANG,PLTR,0.16212930087301508,Oil & Gas E&P,Software - Infrastructure,False
VRTX,ZS,0.161987699694273,Biotechnology,Software - Infrastructure,False
AMZN,ORLY,0.1619046735581995,Internet Retail,Auto Parts,False
CDNS,WBD,0.1617326539968909,Software - Application,Entertainment,False
EXC,TXN,0.1615444121222081,Utilities - Regulated Electric,Semiconductors,False
AMGN,BKNG,0.16129667056485078,Drug Manufacturers - General,Travel Services,False
AZN,MU,0.16121993714213456,Drug Manufacturers - General,Semiconductors,False
APP,BKR,0.1611357082953731,Advertising Agencies,Oil & Gas Equipment & Services,False
BKR,WDAY,0.16107882095457357,Oil & Gas Equipment & Services,Software - Application,False
ABNB,BIIB,0.16103282719071021,Travel Services,Drug Manufacturers - General,False
MCHP,MDLZ,0.16102526762561015,Semiconductors,Confectioners,False
PCAR,XEL,0.16080740259507176,Farm & Heavy Construction Machinery,Utilities - Regulated Electric,False
BIIB,COST,0.16080252351197835,Drug Manufacturers - General,Discount Stores,False
FANG,MSFT,0.1607451016787933,Oil & Gas E&P,Software - Infrastructure,False
AVGO,REGN,0.16073884460825696,Semiconductors,Biotechnology,False
SBUX,VRTX,0.16072984063598134,Restaurants,Biotechnology,False
KDP,MSFT,0.16070757305720798,Beverages - Non-Alcoholic,Software - Infrastructure,False
FANG,SNPS,0.16050409082064715,Oil & Gas E&P,Software - Infrastructure,False
DASH,TMUS,0.1604855020523405,Internet Retail,Telecom Services,False
GFS,GILD,0.1604117561801229,Semiconductors,Drug Manufacturers - General,False
ROST,XEL,0.1600619173251484,Apparel Retail,Utilities - Regulated Electric,False
INTU,XEL,0.1599014356660932,Software - Application,Utilities - Regulated Electric,False
AMGN,PYPL,0.1598802894570397,Drug Manufacturers - General,Credit Services,False
AMD,TMUS,0.1597934258459231,Semiconductors,Telecom Services,False
GILD,WDAY,0.1595100617523379,Drug Manufacturers - General,Software - Application,False
CEG,EXC,0.15947346352259312,Utilities - Independent Power Producers,Utilities - Regulated Electric,False
KHC,ROST,0.15943094306322428,Packaged Foods,Apparel Retail,False
CEG,LULU,0.1592808610765361,Utilities - Independent Power Producers,Apparel Retail,False
AMAT,ORLY,0.15925282326532048,Semiconductor Equipment & Materials,Auto Parts,False
AVGO,VRSK,0.1591068107674154,Semiconductors,Consulting Services,False
ADI,ORLY,0.1590003264898226,Semiconductors,Auto Parts,False
DXCM,REGN,0.1588660488940316,Medical Devices,Biotechnology,False
ADSK,XEL,0.15880755920875686,Software - Application,Utilities - Regulated Electric,False
DDOG,PCAR,0.15876138711920382,Software - Application,Farm & Heavy Construction Machinery,False
AXON,CCEP,0.15876076947540252,Aerospace & Defense,Beverages - Non-Alcoholic,False
PEP,PYPL,0.15867027551519958,Beverages - Non-Alcoholic,Credit Services,False
FANG,ROP,0.15844554609680475,Oil & Gas E&P,Software - Application,False
BIIB,KDP,0.1583050018623524,Drug Manufacturers - General,Beverages - Non-Alcoholic,False
APP,MNST,0.1582610967161083,Advertising Agencies,Beverages - Non-Alcoholic,False
CPRT,FANG,0.15814019790204303,Specialty Business Services,Oil & Gas E&P,False
AMGN,BKR,0.15765855153432612,Drug Manufacturers - General,Oil & Gas Equipment & Services,False
ARM,FAST,0.15762692428808914,Semiconductors,Industrial Distribution,False
GFS,ORLY,0.15756249513337026,Semiconductors,Auto Parts,False
REGN,XEL,0.15746277288010607,Biotechnology,Utilities - Regulated Electric,False
AEP,BIIB,0.15740028281726903,Utilities - Regulated Electric,Drug Manufacturers - General,False
DXCM,GILD,0.15737628200579207,Medical Devices,Drug Manufacturers - General,False
PYPL,VRTX,0.15729647936854232,Credit Services,Biotechnology,False
KHC,REGN,0.15714330368717042,Packaged Foods,Biotechnology,False
NFLX,PCAR,0.15711569881008147,Entertainment,Farm & Heavy Construction Machinery,False
BIIB,VRSK,0.1569571024269312,Drug Manufacturers - General,Consulting Services,False
AMGN,MU,0.15688994341497917,Drug Manufacturers - General,Semiconductors,False
GEHC,KDP,0.1568874447782346,Medical Devices,Beverages - Non-Alcoholic,False
PLTR,VRSK,0.15684687601021338,Software - Infrastructure,Consulting Services,False
ARM,BIIB,0.15680942353737998,Semiconductors,Drug Manufacturers - General,False
TTWO,VRTX,0.15676306051895486,Electronic Gaming & Multimedia,Biotechnology,False
AMD,REGN,0.156620567343246,Semiconductors,Biotechnology,False
FANG,PANW,0.15658616486316232,Oil & Gas E&P,Software - Infrastructure,False
TSLA,VRSK,0.15656703054438043,Auto Manufacturers,Consulting Services,False
AXON,WBD,0.1565338917431661,Aerospace & Defense,Entertainment,False
KDP,PYPL,0.15652762727892797,Beverages - Non-Alcoholic,Credit Services,False
GOOGL,ORLY,0.15619141658734323,Internet Content & Information,Auto Parts,False
AZN,CMCSA,0.15614581977942554,Drug Manufacturers - General,Telecom Services,False
BIIB,MSTR,0.1558983668000979,Drug Manufacturers - General,Software - Application,False
BKNG,KDP,0.1558771455785932,Travel Services,Beverages - Non-Alcoholic,False
FANG,PDD,0.15582994262391484,Oil & Gas E&P,Internet Retail,False
BIIB,TSLA,0.1555799739747476,Drug Manufacturers - General,Auto Manufacturers,False
BKR,PANW,0.15524376835198486,Oil & Gas Equipment & Services,Software - Infrastructure,False
BKR,MELI,0.15518516250393685,Oil & Gas Equipment & Services,Internet Retail,False
AZN,LULU,0.15494886112651293,Drug Manufacturers - General,Apparel Retail,False
ODFL,PDD,0.1549027484852048,Trucking,Internet Retail,False
ADBE,AMGN,0.15486469188248847,Software - Application,Drug Manufacturers - General,False
ORLY,REGN,0.15441063120790974,Auto Parts,Biotechnology,False
BKR,META,0.15437446625414372,Oil & Gas Equipment & Services,Internet Content & Information,False
MSFT,XEL,0.15421239818552207,Software - Infrastructure,Utilities - Regulated Electric,False
PDD,WBD,0.15418946538261444,Internet Retail,Entertainment,False
ARM,PAYX,0.15412500144644095,Semiconductors,Software - Application,False
BIIB,ORLY,0.15384637512019733,Drug Manufacturers - General,Auto Parts,False
NVDA,TMUS,0.15346442106181518,Semiconductors,Telecom Services,False
GEHC,PDD,0.15339658329043168,Medical Devices,Internet Retail,False
APP,FANG,0.1530930085161433,Advertising Agencies,Oil & Gas E&P,False
AZN,FTNT,0.15305174007526703,Drug Manufacturers - General,Software - Infrastructure,False
AEP,CDW,0.15302001733300374,Utilities - Regulated Electric,Information Technology Services,False
AXON,CMCSA,0.15261772958346562,Aerospace & Defense,Telecom Services,False
MRVL,TMUS,0.15252973651628007,Semiconductors,Telecom Services,False
CEG,WDAY,0.1523522741461793,Utilities - Independent Power Producers,Software - Application,False
AMGN,MSFT,0.152076549987717,Drug Manufacturers - General,Software - Infrastructure,False
NXPI,PEP,0.15173576939597722,Semiconductors,Beverages - Non-Alcoholic,False
AMD,VRTX,0.15173527424603184,Semiconductors,Biotechnology,False
ADBE,WBD,0.15165666185324084,Software - Application,Entertainment,False
BKNG,PEP,0.1514332957441815,Travel Services,Beverages - Non-Alcoholic,False
GFS,PEP,0.1513691485039939,Semiconductors,Beverages - Non-Alcoholic,False
AEP,PCAR,0.15099868094560195,Utilities - Regulated Electric,Farm & Heavy Construction Machinery,False
CEG,WBD,0.15079069394963596,Utilities - Independent Power Producers,Entertainment,False
APP,TMUS,0.15078282709106217,Advertising Agencies,Telecom Services,False
COST,WBD,0.15076362855371575,Discount Stores,Entertainment,False
KDP,WDAY,0.1507237568035231,Beverages - Non-Alcoholic,Software - Application,False
AZN,SNPS,0.15053738037666045,Drug Manufacturers - General,Software - Infrastructure,False
PYPL,XEL,0.1503784428206619,Credit Services,Utilities - Regulated Electric,False
AMGN,WDAY,0.15037775720733518,Drug Manufacturers - General,Software - Application,False
NXPI,ORLY,0.15034594819781993,Semiconductors,Auto Parts,False
NFLX,ORLY,0.15029455700997377,Entertainment,Auto Parts,False
DDOG,ORLY,0.1502499898071406,Software - Application,Auto Parts,False
KDP,ON,0.15012800213938246,Beverages - Non-Alcoholic,Semiconductors,False
DXCM,MDLZ,0.15008285512411662,Medical Devices,Confectioners,False
BIIB,FTNT,0.15000600299749947,Drug Manufacturers - General,Software - Infrastructure,False
AZN,GOOGL,0.14984052510831194,Drug Manufacturers - General,Internet Content & Information,False
KLAC,ORLY,0.14983839987568168,Semiconductor Equipment & Materials,Auto Parts,False
WBD,XEL,0.14967478974715404,Entertainment,Utilities - Regulated Electric,False
LRCX,TMUS,0.14953911905474274,Semiconductor Equipment & Materials,Telecom Services,False
MAR,REGN,0.14939392055541612,Lodging,Biotechnology,False
AEP,WBD,0.14935796596544643,Utilities - Regulated Electric,Entertainment,False
AZN,DXCM,0.14802031287818107,Drug Manufacturers - General,Medical Devices,False
FANG,WDAY,0.14798403102355054,Oil & Gas E&P,Software - Application,False
BIIB,NVDA,0.1477355820621684,Drug Manufacturers - General,Semiconductors,False
REGN,TSLA,0.14726187705611737,Biotechnology,Auto Manufacturers,False
ADP,ARM,0.1472100411964403,Software - Application,Semiconductors,False
MDLZ,QCOM,0.14713295877519328,Confectioners,Semiconductors,False
BKR,ZS,0.1470154685014481,Oil & Gas Equipment & Services,Software - Infrastructure,False
AZN,PCAR,0.14698042949892173,Drug Manufacturers - General,Farm & Heavy Construction Machinery,False
EXC,FTNT,0.1468484276858417,Utilities - Regulated Electric,Software - Infrastructure,False
CHTR,FANG,0.1468335765241613,Telecom Services,Oil & Gas E&P,False
GOOGL,MDLZ,0.14670421221046823,Internet Content & Information,Confectioners,False
INTC,PEP,0.14661903222816505,Semiconductors,Beverages - Non-Alcoholic,False
TXN,XEL,0.14655447829976398,Semiconductors,Utilities - Regulated Electric,False
AEP,CPRT,0.14650557896981345,Utilities - Regulated Electric,Specialty Business Services,False
CPRT,KHC,0.14642919777794652,Specialty Business Services,Packaged Foods,False
KHC,VRTX,0.14640814773485367,Packaged Foods,Biotechnology,False
MDB,VRTX,0.14622077121097043,Software - Infrastructure,Biotechnology,False
VRTX,WBD,0.14615233245333584,Biotechnology,Entertainment,False
CSGP,KHC,0.14559141690735572,Real Estate Services,Packaged Foods,False
MDLZ,TTWO,0.14517048111082906,Confectioners,Electronic Gaming & Multimedia,False
AEP,MSFT,0.14448985676943907,Utilities - Regulated Electric,Software - Infrastructure,False
ON,TMUS,0.14392868207436943,Semiconductors,Telecom Services,False
GILD,ON,0.1437968850304566,Drug Manufacturers - General,Semiconductors,False
AEP,INTU,0.14367711207357886,Utilities - Regulated Electric,Software - Application,False
BIIB,EXC,0.14348854603569963,Drug Manufacturers - General,Utilities - Regulated Electric,False
GFS,MDLZ,0.14335730192603427,Semiconductors,Confectioners,False
BIIB,DDOG,0.14320331561899685,Drug Manufacturers - General,Software - Application,False
AZN,ODFL,0.14299326035087723,Drug Manufacturers - General,Trucking,False
BIIB,TTD,0.1425119701901646,Drug Manufacturers - General,Advertising Agencies,False
ORLY,ZS,0.14240691472121306,Auto Parts,Software - Infrastructure,False
BKR,ORLY,0.14235545434497848,Oil & Gas Equipment & Services,Auto Parts,False
MDLZ,META,0.14234294039424178,Confectioners,Internet Content & Information,False
MCHP,PEP,0.14229384236925688,Semiconductors,Beverages - Non-Alcoholic,False
AMGN,WBD,0.14221518521795,Drug Manufacturers - General,Entertainment,False
ABNB,VRTX,0.1420702180579951,Travel Services,Biotechnology,False
ADBE,BKR,0.14191410575097205,Software - Application,Oil & Gas Equipment & Services,False
TMUS,ZS,0.14183393943502923,Telecom Services,Software - Infrastructure,False
BKR,EXC,0.14176225292639436,Oil & Gas Equipment & Services,Utilities - Regulated Electric,False
AEP,REGN,0.14172681622770542,Utilities - Regulated Electric,Biotechnology,False
DXCM,WBD,0.14165551703486032,Medical Devices,Entertainment,False
AZN,ON,0.1414625183434085,Drug Manufacturers - General,Semiconductors,False
INTC,KDP,0.14143467424143752,Semiconductors,Beverages - Non-Alcoholic,False
GOOGL,KDP,0.14111031451998898,Internet Content & Information,Beverages - Non-Alcoholic,False
BKNG,EXC,0.141033184726837,Travel Services,Utilities - Regulated Electric,False
TSLA,VRTX,0.14098760897121715,Auto Manufacturers,Biotechnology,False
GILD,QCOM,0.14090439884980804,Drug Manufacturers - General,Semiconductors,False
GEHC,PEP,0.14079744213899711,Medical Devices,Beverages - Non-Alcoholic,False
FANG,TEAM,0.1406816651826189,Oil & Gas E&P,Software - Application,False
FANG,META,0.14066826931590778,Oil & Gas E&P,Internet Content & Information,False
INTC,XEL,0.1403527565057343,Semiconductors,Utilities - Regulated Electric,False
FTNT,MDLZ,0.1401662796762875,Software - Infrastructure,Confectioners,False
FANG,MDB,0.14011253595226797,Oil & Gas E&P,Software - Infrastructure,False
BKR,DDOG,0.13976216800982685,Oil & Gas Equipment & Services,Software - Application,False
DASH,ORLY,0.13957057061014214,Internet Retail,Auto Parts,False
NVDA,VRTX,0.1394383187834058,Semiconductors,Biotechnology,False
AZN,CEG,0.13927827906564522,Drug Manufacturers - General,Utilities - Independent Power Producers,False
KHC,TXN,0.13900303810402306,Packaged Foods,Semiconductors,False
HON,PDD,0.13884898103932408,Conglomerates,Internet Retail,False
ADBE,AZN,0.1387577371320038,Software - Application,Drug Manufacturers - General,False
BIIB,TEAM,0.13866080795731256,Drug Manufacturers - General,Software - Application,False
DDOG,TMUS,0.13843348393618815,Software - Application,Telecom Services,False
BKR,DASH,0.1384070454760831,Oil & Gas Equipment & Services,Internet Retail,False
TTD,VRTX,0.13808712399046758,Advertising Agencies,Biotechnology,False
ASML,ORLY,0.1380051517596365,Semiconductor Equipment & Materials,Auto Parts,False
NFLX,VRTX,0.1378167863913575,Entertainment,Biotechnology,False
REGN,TEAM,0.13781160362635164,Biotechnology,Software - Application,False
KDP,WBD,0.13757667587495967,Beverages - Non-Alcoholic,Entertainment,False
APP,VRTX,0.13731246844355957,Advertising Agencies,Biotechnology,False
GILD,MSFT,0.13709276861821465,Drug Manufacturers - General,Software - Infrastructure,False
AEP,TXN,0.13707456214632668,Utilities - Regulated Electric,Semiconductors,False
MSTR,TMUS,0.13697117652474983,Software - Application,Telecom Services,False
REGN,TTD,0.13686978722205456,Biotechnology,Advertising Agencies,False
DASH,FANG,0.13620143644789384,Internet Retail,Oil & Gas E&P,False
PLTR,VRTX,0.13601169795231688,Software - Infrastructure,Biotechnology,False
AXON,MNST,0.13572112969038178,Aerospace & Defense,Beverages - Non-Alcoholic,False
VRSK,WBD,0.13559754159456106,Consulting Services,Entertainment,False
CTAS,PDD,0.13544077631902754,Specialty Business Services,Internet Retail,False
ABNB,TMUS,0.13538634879221262,Travel Services,Telecom Services,False
BKR,KHC,0.1352939706213403,Oil & Gas Equipment & Services,Packaged Foods,False
AZN,NVDA,0.13513597232529911,Drug Manufacturers - General,Semiconductors,False
BKR,TTWO,0.13508369008827384,Oil & Gas Equipment & Services,Electronic Gaming & Multimedia,False
AXON,FANG,0.13504595117733492,Aerospace & Defense,Oil & Gas E&P,False
FANG,ZS,0.1349905756937194,Oil & Gas E&P,Software - Infrastructure,False
BIIB,CRWD,0.13482048941700397,Drug Manufacturers - General,Software - Infrastructure,False
MSTR,VRTX,0.13455128189686424,Software - Application,Biotechnology,False
TMUS,TTD,0.13454641790544566,Telecom Services,Advertising Agencies,False
CMCSA,MDB,0.13435097965778608,Telecom Services,Software - Infrastructure,False
META,TMUS,0.13434544916783303,Internet Content & Information,Telecom Services,False
CMCSA,PDD,0.1342336978568675,Telecom Services,Internet Retail,False
BIIB,TTWO,0.13417548154536954,Drug Manufacturers - General,Electronic Gaming & Multimedia,False
AMGN,GOOGL,0.1341435319547882,Drug Manufacturers - General,Internet Content & Information,False
BIIB,FANG,0.13395230174352957,Drug Manufacturers - General,Oil & Gas E&P,False
ADBE,FANG,0.13392252241330427,Software - Application,Oil & Gas E&P,False
CRWD,REGN,0.1336334667465799,Software - Infrastructure,Biotechnology,False
TMUS,WBD,0.13355806708315,Telecom Services,Entertainment,False
AXON,GEHC,0.13352718177686648,Aerospace & Defense,Medical Devices,False
AZN,CHTR,0.1334021278233945,Drug Manufacturers - General,Telecom Services,False
LRCX,ORLY,0.1331067700511054,Semiconductor Equipment & Materials,Auto Parts,False
GILD,GOOGL,0.13300948090858947,Drug Manufacturers - General,Internet Content & Information,False
GOOGL,PEP,0.13272013423311255,Internet Content & Information,Beverages - Non-Alcoholic,False
BKR,COST,0.13256574848121236,Oil & Gas Equipment & Services,Discount Stores,False
BKR,TMUS,0.13241557237914267,Oil & Gas Equipment & Services,Telecom Services,False
ADI,EXC,0.13226233679205002,Semiconductors,Utilities - Regulated Electric,False
ORLY,TEAM,0.13218418740134785,Auto Parts,Software - Application,False
BIIB,BKR,0.13204228707419594,Drug Manufacturers - General,Oil & Gas Equipment & Services,False
DASH,REGN,0.13179435095530065,Internet Retail,Biotechnology,False
BIIB,PLTR,0.13177306503266642,Drug Manufacturers - General,Software - Infrastructure,False
MSTR,VRSK,0.13112595143038283,Software - Application,Consulting Services,False
FTNT,KDP,0.13102678106316148,Software - Infrastructure,Beverages - Non-Alcoholic,False
MDLZ,ON,0.13093287066354525,Confectioners,Semiconductors,False
CHTR,MDB,0.13091959468152572,Telecom Services,Software - Infrastructure,False
EXC,INTC,0.13091303912417085,Utilities - Regulated Electric,Semiconductors,False
CEG,DXCM,0.13089586746446433,Utilities - Independent Power Producers,Medical Devices,False
BIIB,MDB,0.13088623109711775,Drug Manufacturers - General,Software - Infrastructure,False
APP,BIIB,0.13057098346453158,Advertising Agencies,Drug Manufacturers - General,False
REGN,ZS,0.13021351629276656,Biotechnology,Software - Infrastructure,False
EXC,PYPL,0.13005051964457381,Utilities - Regulated Electric,Credit Services,False
ASML,MDLZ,0.13002305062668845,Semiconductor Equipment & Materials,Confectioners,False
ARM,CHTR,0.1296272666396808,Semiconductors,Telecom Services,False
KDP,MELI,0.12941513828639314,Beverages - Non-Alcoholic,Internet Retail,False
BKR,GILD,0.12939080416283172,Oil & Gas Equipment & Services,Drug Manufacturers - General,False
ADBE,XEL,0.12912171915574772,Software - Application,Utilities - Regulated Electric,False
KHC,WBD,0.12903720775049154,Packaged Foods,Entertainment,False
ORLY,PYPL,0.12897986322057906,Auto Parts,Credit Services,False
AVGO,TMUS,0.1287127880367781,Semiconductors,Telecom Services,False
EXC,WDAY,0.1286278515984515,Utilities - Regulated Electric,Software - Application,False
DDOG,VRTX,0.1284303323184321,Software - Application,Biotechnology,False
MDLZ,WBD,0.1275779691848672,Confectioners,Entertainment,False
GILD,LULU,0.12752876701619142,Drug Manufacturers - General,Apparel Retail,False
PEP,QCOM,0.12709820243673087,Beverages - Non-Alcoholic,Semiconductors,False
INTC,MDLZ,0.12696111962002826,Semiconductors,Confectioners,False
PCAR,PDD,0.1267799369506652,Farm & Heavy Construction Machinery,Internet Retail,False
AXON,BKR,0.1267409134475678,Aerospace & Defense,Oil & Gas Equipment & Services,False
AMD,ORLY,0.12660240206246295,Semiconductors,Auto Parts,False
PANW,REGN,0.1265839430026537,Software - Infrastructure,Biotechnology,False
AZN,MRVL,0.12641060170249419,Drug Manufacturers - General,Semiconductors,False
AEP,ODFL,0.12619628265972258,Utilities - Regulated Electric,Trucking,False
BKR,TEAM,0.12612426080078087,Oil & Gas Equipment & Services,Software - Application,False
FTNT,XEL,0.12569466555004727,Software - Infrastructure,Utilities - Regulated Electric,False
PEP,SNPS,0.12556976363606312,Beverages - Non-Alcoholic,Software - Infrastructure,False
CDNS,PEP,0.12554691271626778,Software - Application,Beverages - Non-Alcoholic,False
PAYX,PDD,0.125120360990969,Software - Application,Internet Retail,False
AMGN,AMZN,0.12430567817029746,Drug Manufacturers - General,Internet Retail,False
CSCO,PDD,0.12406646743178484,Communication Equipment,Internet Retail,False
AMGN,MELI,0.12401021159569123,Drug Manufacturers - General,Internet Retail,False
PDD,ROP,0.12380364467223506,Internet Retail,Software - Application,False
AMGN,AVGO,0.12371293346427042,Drug Manufacturers - General,Semiconductors,False
MELI,PEP,0.12312858612094067,Internet Retail,Beverages - Non-Alcoholic,False
CEG,TMUS,0.12282606774266777,Utilities - Independent Power Producers,Telecom Services,False
BKNG,REGN,0.12273639236857359,Travel Services,Biotechnology,False
BKR,REGN,0.12265215269943956,Oil & Gas Equipment & Services,Biotechnology,False
AZN,MDB,0.12236908078689714,Drug Manufacturers - General,Software - Infrastructure,False
AZN,ZS,0.12214476353902255,Drug Manufacturers - General,Software - Infrastructure,False
NFLX,REGN,0.12201043209854132,Entertainment,Biotechnology,False
BKR,XEL,0.12195917861877811,Oil & Gas Equipment & Services,Utilities - Regulated Electric,False
AZN,META,0.12185272364916226,Drug Manufacturers - General,Internet Content & Information,False
AVGO,BIIB,0.12169733391530753,Semiconductors,Drug Manufacturers - General,False
AZN,PANW,0.12123858444227859,Drug Manufacturers - General,Software - Infrastructure,False
NVDA,ORLY,0.12115752731316808,Semiconductors,Auto Parts,False
DXCM,EXC,0.12106881683450386,Medical Devices,Utilities - Regulated Electric,False
KHC,MAR,0.1210048281182466,Packaged Foods,Lodging,False
ARM,REGN,0.12086226987397557,Semiconductors,Biotechnology,False
BIIB,PANW,0.1208078742828276,Drug Manufacturers - General,Software - Infrastructure,False
BKR,KDP,0.12073919389833263,Oil & Gas Equipment & Services,Beverages - Non-Alcoholic,False
INTC,KHC,0.12063801206572376,Semiconductors,Packaged Foods,False
FANG,TMUS,0.11960591243660196,Oil & Gas E&P,Telecom Services,False
FANG,TTWO,0.11939454852904947,Oil & Gas E&P,Electronic Gaming & Multimedia,False
AZN,TEAM,0.11935750122102914,Drug Manufacturers - General,Software - Application,False
FANG,IDXX,0.11913115734036564,Oil & Gas E&P,Diagnostics & Research,False
CEG,XEL,0.11879840360280919,Utilities - Independent Power Producers,Utilities - Regulated Electric,False
AZN,DDOG,0.11849611691065795,Drug Manufacturers - General,Software - Application,False
AXON,ORLY,0.11844092245491492,Aerospace & Defense,Auto Parts,False
ADSK,AEP,0.11835738443871331,Software - Application,Utilities - Regulated Electric,False
BKR,NFLX,0.11806123091925814,Oil & Gas Equipment & Services,Entertainment,False
FTNT,PEP,0.11780358273913712,Software - Infrastructure,Beverages - Non-Alcoholic,False
ADI,KHC,0.11775320690873184,Semiconductors,Packaged Foods,False
CDNS,KDP,0.11764832765626357,Software - Application,Beverages - Non-Alcoholic,False
BKR,MDB,0.11760474815573152,Oil & Gas Equipment & Services,Software - Infrastructure,False
ABNB,REGN,0.11725085005987208,Travel Services,Biotechnology,False
DASH,VRTX,0.11713028340713037,Internet Retail,Biotechnology,False
AEP,PYPL,0.11686208306741752,Utilities - Regulated Electric,Credit Services,False
AZN,DASH,0.11671071579038467,Drug Manufacturers - General,Internet Retail,False
AMAT,GILD,0.11647823676054828,Semiconductor Equipment & Materials,Drug Manufacturers - General,False
AXON,BIIB,0.1163780253727725,Aerospace & Defense,Drug Manufacturers - General,False
ASML,KDP,0.11626639301513443,Semiconductor Equipment & Materials,Beverages - Non-Alcoholic,False
AMZN,MDLZ,0.11624071809276529,Internet Retail,Confectioners,False
GILD,LRCX,0.11620813283669068,Drug Manufacturers - General,Semiconductor Equipment & Materials,False
INTC,ORLY,0.11614070089798618,Semiconductors,Auto Parts,False
PEP,WBD,0.1159739268496725,Beverages - Non-Alcoholic,Entertainment,False
MU,TMUS,0.11593499089555971,Semiconductors,Telecom Services,False
GEHC,ORLY,0.1157464309049873,Medical Devices,Auto Parts,False
AMZN,AZN,0.11508365605935762,Internet Retail,Drug Manufacturers - General,False
ASML,GILD,0.11498369444091501,Semiconductor Equipment & Materials,Drug Manufacturers - General,False
ADI,XEL,0.11473116023912304,Semiconductors,Utilities - Regulated Electric,False
GILD,MELI,0.11450193420456839,Drug Manufacturers - General,Internet Retail,False
EXC,MELI,0.11442840295574881,Utilities - Regulated Electric,Internet Retail,False
AZN,TTWO,0.1143272129725936,Drug Manufacturers - General,Electronic Gaming & Multimedia,False
MCHP,ORLY,0.11426575360233272,Semiconductors,Auto Parts,False
AMZN,GILD,0.11425661775140611,Internet Retail,Drug Manufacturers - General,False
CDNS,MDLZ,0.11423791841501486,Software - Application,Confectioners,False
ABNB,ORLY,0.11394528711940875,Travel Services,Auto Parts,False
WDAY,XEL,0.11381702440052735,Software - Application,Utilities - Regulated Electric,False
EXC,GOOGL,0.11364747877361497,Utilities - Regulated Electric,Internet Content & Information,False
AMZN,PEP,0.11285686441362838,Internet Retail,Beverages - Non-Alcoholic,False
DXCM,ORLY,0.11262844044540307,Medical Devices,Auto Parts,False
KDP,SNPS,0.11235637650396522,Beverages - Non-Alcoholic,Software - Infrastructure,False
CRWD,ORLY,0.11227019256500234,Software - Infrastructure,Auto Parts,False
ORLY,QCOM,0.11224026146205973,Auto Parts,Semiconductors,False
ARM,VRTX,0.11216790369431312,Semiconductors,Biotechnology,False
AEP,GEHC,0.11206040725576191,Utilities - Regulated Electric,Medical Devices,False
GILD,TEAM,0.11199290799123619,Drug Manufacturers - General,Software - Application,False
AMD,AMGN,0.11167637273857735,Semiconductors,Drug Manufacturers - General,False
MDLZ,NFLX,0.11166417534350523,Confectioners,Entertainment,False
FANG,ORLY,0.11119572730126827,Oil & Gas E&P,Auto Parts,False
APP,AZN,0.11111654517972193,Advertising Agencies,Drug Manufacturers - General,False
CCEP,PLTR,0.11079521845123706,Beverages - Non-Alcoholic,Software - Infrastructure,False
AMGN,FANG,0.11078751216791462,Drug Manufacturers - General,Oil & Gas E&P,False
AZN,NFLX,0.11072234679263677,Drug Manufacturers - General,Entertainment,False
ON,ORLY,0.1104501753189877,Semiconductors,Auto Parts,False
FANG,NFLX,0.11042299603141767,Oil & Gas E&P,Entertainment,False
AZN,CRWD,0.11039408948581854,Drug Manufacturers - General,Software - Infrastructure,False
ASML,PEP,0.1100665569011791,Semiconductor Equipment & Materials,Beverages - Non-Alcoholic,False
AMD,AZN,0.10988773601130394,Semiconductors,Drug Manufacturers - General,False
ON,PEP,0.1093159699540642,Semiconductors,Beverages - Non-Alcoholic,False
AZN,TTD,0.10891848137510737,Drug Manufacturers - General,Advertising Agencies,False
AZN,PDD,0.10883852243547318,Drug Manufacturers - General,Internet Retail,False
GILD,KLAC,0.10874362531358273,Drug Manufacturers - General,Semiconductor Equipment & Materials,False
BKR,VRTX,0.10866292746660389,Oil & Gas Equipment & Services,Biotechnology,False
EXC,FANG,0.1080943009952043,Utilities - Regulated Electric,Oil & Gas E&P,False
PLTR,REGN,0.10807637462663301,Software - Infrastructure,Biotechnology,False
AMAT,MDLZ,0.10801553108835893,Semiconductor Equipment & Materials,Confectioners,False
AMGN,MRVL,0.10762737869529658,Drug Manufacturers - General,Semiconductors,False
AMGN,MSTR,0.10747895254388871,Drug Manufacturers - General,Software - Application,False
AMAT,KDP,0.10743634770901807,Semiconductor Equipment & Materials,Beverages - Non-Alcoholic,False
EXC,MCHP,0.10740362614744302,Utilities - Regulated Electric,Semiconductors,False
AZN,BKR,0.10739080349476086,Drug Manufacturers - General,Oil & Gas Equipment & Services,False
AXON,REGN,0.10713780605303502,Aerospace & Defense,Biotechnology,False
EXC,GEHC,0.10712687873446687,Utilities - Regulated Electric,Medical Devices,False
AZN,GFS,0.10710518026298449,Drug Manufacturers - General,Semiconductors,False
AEP,INTC,0.10681008309232824,Utilities - Regulated Electric,Semiconductors,False
DXCM,FANG,0.10634950987213605,Medical Devices,Oil & Gas E&P,False
ORLY,TTD,0.10628271788288969,Auto Parts,Advertising Agencies,False
PLTR,TMUS,0.10623510292063383,Software - Infrastructure,Telecom Services,False
AVGO,ORLY,0.10602273820442101,Semiconductors,Auto Parts,False
APP,REGN,0.10597940742697273,Advertising Agencies,Biotechnology,False
KDP,LRCX,0.10581602782513556,Beverages - Non-Alcoholic,Semiconductor Equipment & Materials,False
ABNB,KDP,0.10571699681152484,Travel Services,Beverages - Non-Alcoholic,False
TMUS,TSLA,0.10555038708651576,Telecom Services,Auto Manufacturers,False
COST,FANG,0.10551522479658966,Discount Stores,Oil & Gas E&P,False
BKR,PDD,0.10506454505396144,Oil & Gas Equipment & Services,Internet Retail,False
DXCM,XEL,0.10493691084170896,Medical Devices,Utilities - Regulated Electric,False
AMZN,KDP,0.10459155633226609,Internet Retail,Beverages - Non-Alcoholic,False
EXC,WBD,0.10452327174226585,Utilities - Regulated Electric,Entertainment,False
GOOGL,XEL,0.10452314211635756,Internet Content & Information,Utilities - Regulated Electric,False
MSTR,REGN,0.10394084170664351,Software - Application,Biotechnology,False
GILD,META,0.10373291402074443,Drug Manufacturers - General,Internet Content & Information,False
DASH,MDLZ,0.10366200684379724,Internet Retail,Confectioners,False
ISRG,KHC,0.10348531291133516,Medical Instruments & Supplies,Packaged Foods,False
MDLZ,SNPS,0.10340153456655299,Confectioners,Software - Infrastructure,False
KLAC,MDLZ,0.10327618520614097,Semiconductor Equipment & Materials,Confectioners,False
AVGO,AZN,0.10312281310869334,Semiconductors,Drug Manufacturers - General,False
LRCX,MDLZ,0.10290610075406031,Semiconductor Equipment & Materials,Confectioners,False
META,ORLY,0.1026819231366044,Internet Content & Information,Auto Parts,False
AMGN,ARM,0.10241241865514114,Drug Manufacturers - General,Semiconductors,False
MDB,REGN,0.10194127360608823,Software - Infrastructure,Biotechnology,False
GILD,NFLX,0.10182880832825647,Drug Manufacturers - General,Entertainment,False
CSX,PDD,0.10160172440304158,Railroads,Internet Retail,False
FANG,VRTX,0.1015842621301443,Oil & Gas E&P,Biotechnology,False
KHC,MCHP,0.10149028929160994,Packaged Foods,Semiconductors,False
AEP,BKR,0.10139452629836708,Utilities - Regulated Electric,Oil & Gas Equipment & Services,False
GILD,MU,0.10139423733172953,Drug Manufacturers - General,Semiconductors,False
AXON,AZN,0.10134496527130346,Aerospace & Defense,Drug Manufacturers - General,False
EXC,TTWO,0.10088997800582968,Utilities - Regulated Electric,Electronic Gaming & Multimedia,False
ORLY,WBD,0.1004537291035734,Auto Parts,Entertainment,False
ORLY,TTWO,0.10024784547655906,Auto Parts,Electronic Gaming & Multimedia,False
AMGN,META,0.10009927616365681,Drug Manufacturers - General,Internet Content & Information,False
REGN,WBD,0.09963734916625334,Biotechnology,Entertainment,False
FAST,PDD,0.09931500484564718,Industrial Distribution,Internet Retail,False
CHTR,PDD,0.09928881301166907,Telecom Services,Internet Retail,False
AEP,FTNT,0.09910110845092422,Utilities - Regulated Electric,Software - Infrastructure,False
MDB,ORLY,0.09878350827210622,Software - Infrastructure,Auto Parts,False
ADI,AEP,0.09858636505070163,Semiconductors,Utilities - Regulated Electric,False
COST,PDD,0.09855893655184356,Discount Stores,Internet Retail,False
ADP,PDD,0.09831312544196423,Software - Application,Internet Retail,False
EXC,GFS,0.09829289162113804,Utilities - Regulated Electric,Semiconductors,False
MDB,TMUS,0.09773457949472954,Software - Infrastructure,Telecom Services,False
ABNB,AZN,0.09759999301998376,Travel Services,Drug Manufacturers - General,False
AEP,DXCM,0.09716865422788556,Utilities - Regulated Electric,Medical Devices,False
ABNB,MDLZ,0.09714436612280511,Travel Services,Confectioners,False
AZN,FANG,0.0971092026271036,Drug Manufacturers - General,Oil & Gas E&P,False
REGN,TTWO,0.09667054723765856,Biotechnology,Electronic Gaming & Multimedia,False
FANG,GILD,0.09654093795138335,Oil & Gas E&P,Drug Manufacturers - General,False
TEAM,XEL,0.09627501935759,Software - Application,Utilities - Regulated Electric,False
AZN,MSTR,0.09603940022505739,Drug Manufacturers - General,Software - Application,False
AZN,WBD,0.09556092218477447,Drug Manufacturers - General,Entertainment,False
MRVL,ORLY,0.0955376202164299,Semiconductors,Auto Parts,False
IDXX,KHC,0.09539698690185631,Diagnostics & Research,Packaged Foods,False
AMAT,PEP,0.09533446533192334,Semiconductor Equipment & Materials,Beverages - Non-Alcoholic,False
ABNB,GILD,0.09524914763831806,Travel Services,Drug Manufacturers - General,False
AMGN,TSLA,0.0947827764140911,Drug Manufacturers - General,Auto Manufacturers,False
GEHC,TMUS,0.09423994438483489,Medical Devices,Telecom Services,False
AMD,GILD,0.09419257776767827,Semiconductors,Drug Manufacturers - General,False
AVGO,GILD,0.09416893589177198,Semiconductors,Drug Manufacturers - General,False
DASH,GILD,0.09416294057070798,Internet Retail,Drug Manufacturers - General,False
META,PEP,0.09395318335605075,Internet Content & Information,Beverages - Non-Alcoholic,False
KDP,KLAC,0.09391467326346646,Beverages - Non-Alcoholic,Semiconductor Equipment & Materials,False
CDNS,EXC,0.09385370486718607,Software - Application,Utilities - Regulated Electric,False
MU,VRSK,0.09370927842670027,Semiconductors,Consulting Services,False
KHC,NXPI,0.0934552535884608,Packaged Foods,Semiconductors,False
CEG,VRTX,0.09321152396494568,Utilities - Independent Power Producers,Biotechnology,False
AZN,TSLA,0.09264020479060771,Drug Manufacturers - General,Auto Manufacturers,False
KDP,TEAM,0.0917866363868075,Beverages - Non-Alcoholic,Software - Application,False
EXC,NXPI,0.09177829446270756,Utilities - Regulated Electric,Semiconductors,False
PEP,TTWO,0.09129599650603967,Beverages - Non-Alcoholic,Electronic Gaming & Multimedia,False
BKNG,XEL,0.0912567781891424,Travel Services,Utilities - Regulated Electric,False
CEG,PDD,0.0912279949159561,Utilities - Independent Power Producers,Internet Retail,False
DDOG,REGN,0.09103886300563802,Software - Application,Biotechnology,False
BIIB,PDD,0.09067702035440217,Drug Manufacturers - General,Internet Retail,False
EXC,QCOM,0.09016770375981616,Utilities - Regulated Electric,Semiconductors,False
AEP,WDAY,0.08989294064345216,Utilities - Regulated Electric,Software - Application,False
KHC,LULU,0.08977714838753122,Packaged Foods,Apparel Retail,False
FANG,REGN,0.08970061709365099,Oil & Gas E&P,Biotechnology,False
KDP,PANW,0.08968699236662783,Beverages - Non-Alcoholic,Software - Infrastructure,False
MAR,XEL,0.08899356270344559,Lodging,Utilities - Regulated Electric,False
LRCX,PEP,0.08869086484447221,Semiconductor Equipment & Materials,Beverages - Non-Alcoholic,False
AZN,PLTR,0.08831933858837648,Drug Manufacturers - General,Software - Infrastructure,False
APP,ORLY,0.0881652486522055,Advertising Agencies,Auto Parts,False
FANG,KHC,0.08757930483627203,Oil & Gas E&P,Packaged Foods,False
APP,GILD,0.08755409941296452,Advertising Agencies,Drug Manufacturers - General,False
EXC,LULU,0.08746869438165271,Utilities - Regulated Electric,Apparel Retail,False
GILD,TSLA,0.08724257706254755,Drug Manufacturers - General,Auto Manufacturers,False
FTNT,GILD,0.08721501793382544,Software - Infrastructure,Drug Manufacturers - General,False
GFS,KHC,0.08719250548811648,Semiconductors,Packaged Foods,False
AMD,MDLZ,0.08707083288267463,Semiconductors,Confectioners,False
GFS,XEL,0.08695818508793102,Semiconductors,Utilities - Regulated Electric,False
KDP,MU,0.08675427338769243,Beverages - Non-Alcoholic,Semiconductors,False
BKR,DXCM,0.08670175871709238,Oil & Gas Equipment & Services,Medical Devices,False
ARM,CMCSA,0.08654438270268515,Semiconductors,Telecom Services,False
AMGN,NFLX,0.0863680896615456,Drug Manufacturers - General,Entertainment,False
CEG,REGN,0.0854034900133564,Utilities - Independent Power Producers,Biotechnology,False
ABNB,AMGN,0.08493143598764302,Travel Services,Drug Manufacturers - General,False
KDP,TTWO,0.0848982007753595,Beverages - Non-Alcoholic,Electronic Gaming & Multimedia,False
AMZN,EXC,0.08458760368586606,Internet Retail,Utilities - Regulated Electric,False
BKNG,KHC,0.08429661091128603,Travel Services,Packaged Foods,False
NFLX,XEL,0.08421462346780247,Entertainment,Utilities - Regulated Electric,False
KHC,QCOM,0.08406967789097494,Packaged Foods,Semiconductors,False
AEP,MAR,0.08386432153624677,Utilities - Regulated Electric,Lodging,False
GILD,TTWO,0.08384162178474046,Drug Manufacturers - General,Electronic Gaming & Multimedia,False
ASML,EXC,0.08378609967137716,Semiconductor Equipment & Materials,Utilities - Regulated Electric,False
MELI,XEL,0.083694604027407,Internet Retail,Utilities - Regulated Electric,False
AMGN,DXCM,0.08312712177295575,Drug Manufacturers - General,Medical Devices,False
AEP,GFS,0.08223149169636544,Utilities - Regulated Electric,Semiconductors,False
GILD,MSTR,0.08193457553088142,Drug Manufacturers - General,Software - Application,False
MSTR,ORLY,0.08186231169133894,Software - Application,Auto Parts,False
TTWO,XEL,0.08181422973577397,Electronic Gaming & Multimedia,Utilities - Regulated Electric,False
ADBE,AEP,0.08181060699379221,Software - Application,Utilities - Regulated Electric,False
GILD,SNPS,0.08171900479823235,Drug Manufacturers - General,Software - Infrastructure,False
CDNS,GILD,0.08170943944697595,Software - Application,Drug Manufacturers - General,False
DXCM,KHC,0.08134827503801818,Medical Devices,Packaged Foods,False
MU,ORLY,0.08123512437029153,Semiconductors,Auto Parts,False
AMGN,TEAM,0.08116365215133511,Drug Manufacturers - General,Software - Application,False
ABNB,PEP,0.08100676571341751,Travel Services,Beverages - Non-Alcoholic,False
DASH,KDP,0.08092614851813468,Internet Retail,Beverages - Non-Alcoholic,False
BKR,VRSK,0.0804702204544222,Oil & Gas Equipment & Services,Consulting Services,False
AMZN,XEL,0.0802939804018011,Internet Retail,Utilities - Regulated Electric,False
ARM,CCEP,0.07973330833830346,Semiconductors,Beverages - Non-Alcoholic,False
KLAC,PEP,0.07966763858316353,Semiconductor Equipment & Materials,Beverages - Non-Alcoholic,False
KDP,TSLA,0.07945636971804833,Beverages - Non-Alcoholic,Auto Manufacturers,False
CEG,ORLY,0.07903472868366367,Utilities - Independent Power Producers,Auto Parts,False
FANG,KDP,0.07883831586319093,Oil & Gas E&P,Beverages - Non-Alcoholic,False
MCHP,XEL,0.07860268119879593,Semiconductors,Utilities - Regulated Electric,False
AEP,GOOGL,0.07859419794439242,Utilities - Regulated Electric,Internet Content & Information,False
EXC,SNPS,0.07843310125816914,Utilities - Regulated Electric,Software - Infrastructure,False
CEG,CMCSA,0.0780095068409671,Utilities - Independent Power Producers,Telecom Services,False
PANW,PEP,0.07722888493108063,Software - Infrastructure,Beverages - Non-Alcoholic,False
ADSK,KHC,0.07718130503612969,Software - Application,Packaged Foods,False
FANG,MNST,0.07710901966282174,Oil & Gas E&P,Beverages - Non-Alcoholic,False
LULU,XEL,0.07685654480169951,Apparel Retail,Utilities - Regulated Electric,False
DDOG,KDP,0.07684644168337107,Software - Application,Beverages - Non-Alcoholic,False
ORLY,TSLA,0.07675611528857954,Auto Parts,Auto Manufacturers,False
PDD,TMUS,0.07583112248724379,Internet Retail,Telecom Services,False
KHC,PYPL,0.07574667375924433,Packaged Foods,Credit Services,False
AEP,BKNG,0.07572421606220561,Utilities - Regulated Electric,Travel Services,False
CHTR,DXCM,0.07566352838388539,Telecom Services,Medical Devices,False
KDP,MRVL,0.07520119792585334,Beverages - Non-Alcoholic,Semiconductors,False
BKR,MDLZ,0.07512196645656809,Oil & Gas Equipment & Services,Confectioners,False
NFLX,PEP,0.07486938295176977,Entertainment,Beverages - Non-Alcoholic,False
MDLZ,TTD,0.07486533621429765,Confectioners,Advertising Agencies,False
KDP,TTD,0.07434935204369332,Beverages - Non-Alcoholic,Advertising Agencies,False
GILD,MRVL,0.07393955533590697,Drug Manufacturers - General,Semiconductors,False
PDD,VRSK,0.07365383489058461,Internet Retail,Consulting Services,False
TSLA,XEL,0.07319058674716587,Auto Manufacturers,Utilities - Regulated Electric,False
AEP,TTWO,0.07311325843856177,Utilities - Regulated Electric,Electronic Gaming & Multimedia,False
PEP,TEAM,0.07310879599898698,Beverages - Non-Alcoholic,Software - Application,False
DDOG,MDLZ,0.07291488952070498,Software - Application,Confectioners,False
AEP,MELI,0.07228307681414166,Utilities - Regulated Electric,Internet Retail,False
BKR,MNST,0.07204071523437788,Oil & Gas Equipment & Services,Beverages - Non-Alcoholic,False
EXC,TEAM,0.07193088175429692,Utilities - Regulated Electric,Software - Application,False
AEP,MCHP,0.07181109169932118,Utilities - Regulated Electric,Semiconductors,False
AEP,AMZN,0.07132188623337993,Utilities - Regulated Electric,Internet Retail,False
PDD,VRTX,0.07122228141195111,Internet Retail,Biotechnology,False
QCOM,XEL,0.07035763677948192,Semiconductors,Utilities - Regulated Electric,False
KDP,NFLX,0.0703338350551323,Beverages - Non-Alcoholic,Entertainment,False
KDP,MSTR,0.07021287908468198,Beverages - Non-Alcoholic,Software - Application,False
AVGO,MDLZ,0.07015337302752374,Semiconductors,Confectioners,False
EXC,TSLA,0.07009302584475242,Utilities - Regulated Electric,Auto Manufacturers,False
EXC,ON,0.06996543146786954,Utilities - Regulated Electric,Semiconductors,False
BIIB,CEG,0.06993360736704426,Drug Manufacturers - General,Utilities - Independent Power Producers,False
BKR,PEP,0.06964806577110039,Oil & Gas Equipment & Services,Beverages - Non-Alcoholic,False
CEG,CHTR,0.06915417660600684,Utilities - Independent Power Producers,Telecom Services,False
AXON,GILD,0.06853499916248523,Aerospace & Defense,Drug Manufacturers - General,False
EXC,MSTR,0.06841939315551131,Utilities - Regulated Electric,Software - Application,False
AMGN,NVDA,0.06833410517092263,Drug Manufacturers - General,Semiconductors,False
PDD,REGN,0.0683027738586345,Internet Retail,Biotechnology,False
MDLZ,TSLA,0.06798233450140641,Confectioners,Auto Manufacturers,False
AMGN,PANW,0.06781231593700066,Drug Manufacturers - General,Software - Infrastructure,False
ORLY,PLTR,0.06742361985128562,Auto Parts,Software - Infrastructure,False
MDLZ,MRVL,0.06689966721311943,Confectioners,Semiconductors,False
AXON,VRTX,0.06614324386320693,Aerospace & Defense,Biotechnology,False
EXC,NFLX,0.06598086897076438,Utilities - Regulated Electric,Entertainment,False
AMD,KDP,0.0657086602591805,Semiconductors,Beverages - Non-Alcoholic,False
KDP,META,0.06540936874770802,Beverages - Non-Alcoholic,Internet Content & Information,False
MDLZ,PANW,0.06522722896541694,Confectioners,Software - Infrastructure,False
AEP,FANG,0.06513888435423783,Utilities - Regulated Electric,Oil & Gas E&P,False
DASH,EXC,0.06468116491928433,Internet Retail,Utilities - Regulated Electric,False
ABNB,EXC,0.06418094626541036,Travel Services,Utilities - Regulated Electric,False
AVGO,KDP,0.06345485493477628,Semiconductors,Beverages - Non-Alcoholic,False
CDNS,XEL,0.06301123422409315,Software - Application,Utilities - Regulated Electric,False
CEG,VRSK,0.06247712790719964,Utilities - Independent Power Producers,Consulting Services,False
PEP,TSLA,0.062137657646948945,Beverages - Non-Alcoholic,Auto Manufacturers,False
AMGN,DASH,0.06176840855392114,Drug Manufacturers - General,Internet Retail,False
DASH,PEP,0.061384389170820765,Internet Retail,Beverages - Non-Alcoholic,False
AXON,EXC,0.06106411984788687,Aerospace & Defense,Utilities - Regulated Electric,False
INTU,KHC,0.06088829697551024,Software - Application,Packaged Foods,False
KHC,WDAY,0.060682761427805605,Packaged Foods,Software - Application,False
AEP,NFLX,0.060680430637133305,Utilities - Regulated Electric,Entertainment,False
EXC,PANW,0.05928510449766133,Utilities - Regulated Electric,Software - Infrastructure,False
ARM,MNST,0.05922492225170816,Semiconductors,Beverages - Non-Alcoholic,False
AMGN,APP,0.059148760627524714,Drug Manufacturers - General,Advertising Agencies,False
MDLZ,TEAM,0.05899158271123873,Confectioners,Software - Application,False
FANG,MDLZ,0.058895780343497774,Oil & Gas E&P,Confectioners,False
AMGN,PLTR,0.05872424444637613,Drug Manufacturers - General,Software - Infrastructure,False
AXON,KDP,0.05810316599619755,Aerospace & Defense,Beverages - Non-Alcoholic,False
ADBE,KHC,0.057931878526212045,Software - Application,Packaged Foods,False
AEP,QCOM,0.05791333180121458,Utilities - Regulated Electric,Semiconductors,False
AEP,META,0.057704985291968824,Utilities - Regulated Electric,Internet Content & Information,False
AMAT,EXC,0.05747783686810767,Semiconductor Equipment & Materials,Utilities - Regulated Electric,False
AMD,EXC,0.05715199591582567,Semiconductors,Utilities - Regulated Electric,False
FANG,PEP,0.057031745654002194,Oil & Gas E&P,Beverages - Non-Alcoholic,False
PANW,XEL,0.05698457296617613,Software - Infrastructure,Utilities - Regulated Electric,False
AEP,NXPI,0.05544189532683855,Utilities - Regulated Electric,Semiconductors,False
MDLZ,MSTR,0.05543971627398431,Confectioners,Software - Application,False
SNPS,XEL,0.05537366973779363,Software - Infrastructure,Utilities - Regulated Electric,False
NXPI,XEL,0.05522152383247761,Semiconductors,Utilities - Regulated Electric,False
MDLZ,ZS,0.05504691653499494,Confectioners,Software - Infrastructure,False
PEP,TTD,0.054732523371830245,Beverages - Non-Alcoholic,Advertising Agencies,False
KHC,ON,0.05265313000382502,Packaged Foods,Semiconductors,False
AMGN,TTWO,0.052072706489272695,Drug Manufacturers - General,Electronic Gaming & Multimedia,False
AMGN,FTNT,0.051992751242946125,Drug Manufacturers - General,Software - Infrastructure,False
KDP,ZS,0.051921615541060895,Beverages - Non-Alcoholic,Software - Infrastructure,False
GILD,PLTR,0.05123179216465008,Drug Manufacturers - General,Software - Infrastructure,False
DDOG,PEP,0.05115271866253092,Software - Application,Beverages - Non-Alcoholic,False
GILD,ZS,0.051125783495869645,Drug Manufacturers - General,Software - Infrastructure,False
AVGO,EXC,0.05081306650930914,Semiconductors,Utilities - Regulated Electric,False
META,XEL,0.05018540747315579,Internet Content & Information,Utilities - Regulated Electric,False
CCEP,CEG,0.04957886050278194,Beverages - Non-Alcoholic,Utilities - Independent Power Producers,False
AEP,TEAM,0.04919666621667271,Utilities - Regulated Electric,Software - Application,False
EXC,KLAC,0.048928655025159785,Utilities - Regulated Electric,Semiconductor Equipment & Materials,False
DDOG,GILD,0.04832396936571464,Software - Application,Drug Manufacturers - General,False
KDP,MDB,0.04807189638890408,Beverages - Non-Alcoholic,Software - Infrastructure,False
MDB,MDLZ,0.04786729528478615,Software - Infrastructure,Confectioners,False
EXC,TTD,0.047256751962956825,Utilities - Regulated Electric,Advertising Agencies,False
APP,MDLZ,0.04632312730081871,Advertising Agencies,Confectioners,False
PEP,ZS,0.0462322288050188,Beverages - Non-Alcoholic,Software - Infrastructure,False
APP,KDP,0.045701577841691446,Advertising Agencies,Beverages - Non-Alcoholic,False
AEP,DASH,0.04545265937696088,Utilities - Regulated Electric,Internet Retail,False
KDP,PDD,0.045083203084169084,Beverages - Non-Alcoholic,Internet Retail,False
AMGN,ZS,0.04454960440401268,Drug Manufacturers - General,Software - Infrastructure,False
AEP,LULU,0.044325652591860984,Utilities - Regulated Electric,Apparel Retail,False
AMGN,AXON,0.04423748754508653,Drug Manufacturers - General,Aerospace & Defense,False
AMGN,CEG,0.04400113159712769,Drug Manufacturers - General,Utilities - Independent Power Producers,False
AMGN,TTD,0.04346865854200652,Drug Manufacturers - General,Advertising Agencies,False
GILD,PANW,0.04206965851772678,Drug Manufacturers - General,Software - Infrastructure,False
AMGN,PDD,0.0418114580914775,Drug Manufacturers - General,Internet Retail,False
MDLZ,PDD,0.04119730351764037,Confectioners,Internet Retail,False
AMD,PEP,0.04111139661801699,Semiconductors,Beverages - Non-Alcoholic,False
MDLZ,MU,0.04091011572072496,Confectioners,Semiconductors,False
ARM,KDP,0.040332634665716016,Semiconductors,Beverages - Non-Alcoholic,False
EXC,LRCX,0.04017084075549025,Utilities - Regulated Electric,Semiconductor Equipment & Materials,False
KHC,MSFT,0.039967639089870395,Packaged Foods,Software - Infrastructure,False
ON,XEL,0.039538804406051765,Semiconductors,Utilities - Regulated Electric,False
KDP,NVDA,0.039123254550448676,Beverages - Non-Alcoholic,Semiconductors,False
ASML,XEL,0.038924695256832925,Semiconductor Equipment & Materials,Utilities - Regulated Electric,False
MRVL,PEP,0.03851084531130861,Semiconductors,Beverages - Non-Alcoholic,False
EXC,META,0.037821986273734697,Utilities - Regulated Electric,Internet Content & Information,False
MDB,PEP,0.03775048793988109,Software - Infrastructure,Beverages - Non-Alcoholic,False
AVGO,PEP,0.03670086213758552,Semiconductors,Beverages - Non-Alcoholic,False
GOOGL,KHC,0.03640223912771382,Internet Content & Information,Packaged Foods,False
FANG,XEL,0.035766065859291755,Oil & Gas E&P,Utilities - Regulated Electric,False
AEP,ASML,0.035231939392336306,Utilities - Regulated Electric,Semiconductor Equipment & Materials,False
AMGN,MDB,0.03520566453802843,Drug Manufacturers - General,Software - Infrastructure,False
MSTR,PEP,0.03488734072652167,Software - Application,Beverages - Non-Alcoholic,False
KHC,TSLA,0.034111562135064145,Packaged Foods,Auto Manufacturers,False
DASH,XEL,0.03393904488061491,Internet Retail,Utilities - Regulated Electric,False
MU,PEP,0.03376027505361514,Semiconductors,Beverages - Non-Alcoholic,False
EXC,PLTR,0.03362846127816339,Utilities - Regulated Electric,Software - Infrastructure,False
MDLZ,NVDA,0.03334317051447121,Confectioners,Semiconductors,False
DDOG,EXC,0.03309335539808853,Software - Application,Utilities - Regulated Electric,False
EXC,MRVL,0.032950688363316785,Utilities - Regulated Electric,Semiconductors,False
ARM,AZN,0.03206312479126927,Semiconductors,Drug Manufacturers - General,False
GILD,PDD,0.03202030540556523,Drug Manufacturers - General,Internet Retail,False
AEP,ON,0.03163910077906474,Utilities - Regulated Electric,Semiconductors,False
ABNB,KHC,0.031403179089859526,Travel Services,Packaged Foods,False
AXON,MDLZ,0.030217170920822937,Aerospace & Defense,Confectioners,False
ARM,GILD,0.02999050173183512,Semiconductors,Drug Manufacturers - General,False
AEP,CDNS,0.029963564285069973,Utilities - Regulated Electric,Software - Application,False
MSTR,XEL,0.029903171336945943,Software - Application,Utilities - Regulated Electric,False
CEG,MNST,0.029482245075569742,Utilities - Independent Power Producers,Beverages - Non-Alcoholic,False
DDOG,XEL,0.029381742056324874,Software - Application,Utilities - Regulated Electric,False
AEP,TTD,0.02795929398961504,Utilities - Regulated Electric,Advertising Agencies,False
CEG,KDP,0.02751784426036367,Utilities - Independent Power Producers,Beverages - Non-Alcoholic,False
AEP,SNPS,0.027129963303232755,Utilities - Regulated Electric,Software - Infrastructure,False
CRWD,KDP,0.027064761863944613,Software - Infrastructure,Beverages - Non-Alcoholic,False
AMGN,DDOG,0.026339220990496775,Drug Manufacturers - General,Software - Application,False
AEP,PANW,0.026313329682770704,Utilities - Regulated Electric,Software - Infrastructure,False
AEP,TSLA,0.026140008209340544,Utilities - Regulated Electric,Auto Manufacturers,False
FANG,VRSK,0.02601875773786192,Oil & Gas E&P,Consulting Services,False
ORLY,PDD,0.025424259341482472,Auto Parts,Internet Retail,False
AMGN,CRWD,0.02472972111109716,Drug Manufacturers - General,Software - Infrastructure,False
AEP,AMD,0.024568959806913253,Utilities - Regulated Electric,Semiconductors,False
EXC,ZS,0.02407685570478756,Utilities - Regulated Electric,Software - Infrastructure,False
EXC,NVDA,0.023647590354701906,Utilities - Regulated Electric,Semiconductors,False
AXON,XEL,0.02345463767761372,Aerospace & Defense,Utilities - Regulated Electric,False
GILD,MDB,0.023324869784578088,Drug Manufacturers - General,Software - Infrastructure,False
APP,EXC,0.021951406166997776,Advertising Agencies,Utilities - Regulated Electric,False
EXC,MU,0.0219172086551001,Utilities - Regulated Electric,Semiconductors,False
AEP,AXON,0.02180704350069733,Utilities - Regulated Electric,Aerospace & Defense,False
ASML,KHC,0.021281743573511473,Semiconductor Equipment & Materials,Packaged Foods,False
NVDA,PEP,0.02085621877644951,Semiconductors,Beverages - Non-Alcoholic,False
PDD,PEP,0.020245663480064312,Internet Retail,Beverages - Non-Alcoholic,False
KHC,TTWO,0.0197782291773875,Packaged Foods,Electronic Gaming & Multimedia,False
MRVL,XEL,0.019237889008071017,Semiconductors,Utilities - Regulated Electric,False
AMD,XEL,0.01745151048572622,Semiconductors,Utilities - Regulated Electric,False
ARM,TMUS,0.01734372869766312,Semiconductors,Telecom Services,False
APP,XEL,0.01705508591530979,Advertising Agencies,Utilities - Regulated Electric,False
KHC,MSTR,0.016963915790815326,Packaged Foods,Software - Application,False
KDP,PLTR,0.015706297336696054,Beverages - Non-Alcoholic,Software - Infrastructure,False
XEL,ZS,0.015642530688693382,Utilities - Regulated Electric,Software - Infrastructure,False
AEP,MSTR,0.015513108746963203,Utilities - Regulated Electric,Software - Application,False
AMAT,XEL,0.01490257386653237,Semiconductor Equipment & Materials,Utilities - Regulated Electric,False
ABNB,AEP,0.014860445398239618,Travel Services,Utilities - Regulated Electric,False
KHC,MU,0.014483974682563853,Packaged Foods,Semiconductors,False
ARM,PEP,0.014483375686113114,Semiconductors,Beverages - Non-Alcoholic,False
CRWD,GILD,0.014463609356618393,Software - Infrastructure,Drug Manufacturers - General,False
GILD,TTD,0.014205699866663144,Drug Manufacturers - General,Advertising Agencies,False
FTNT,KHC,0.012601707186821862,Software - Infrastructure,Packaged Foods,False
AEP,DDOG,0.012480110456580974,Utilities - Regulated Electric,Software - Application,False
AVGO,XEL,0.012096480437743806,Semiconductors,Utilities - Regulated Electric,False
CEG,GILD,0.011762822806629972,Utilities - Independent Power Producers,Drug Manufacturers - General,False
EXC,MDB,0.011656163950573872,Utilities - Regulated Electric,Software - Infrastructure,False
AMZN,KHC,0.011301426992750305,Internet Retail,Packaged Foods,False
AEP,LRCX,0.011261822754530252,Utilities - Regulated Electric,Semiconductor Equipment & Materials,False
AEP,AVGO,0.010731839018260714,Utilities - Regulated Electric,Semiconductors,False
GILD,NVDA,0.010356944351783566,Drug Manufacturers - General,Semiconductors,False
AEP,APP,0.010167585287842004,Utilities - Regulated Electric,Advertising Agencies,False
LRCX,XEL,0.009350711983706064,Semiconductor Equipment & Materials,Utilities - Regulated Electric,False
APP,PEP,0.009143239027152852,Advertising Agencies,Beverages - Non-Alcoholic,False
KHC,LRCX,0.009110904692189108,Packaged Foods,Semiconductor Equipment & Materials,False
AEP,AMAT,0.008966195667691218,Utilities - Regulated Electric,Semiconductor Equipment & Materials,False
AEP,MRVL,0.008741043852612778,Utilities - Regulated Electric,Semiconductors,False
TTD,XEL,0.008649330606636892,Advertising Agencies,Utilities - Regulated Electric,False
KHC,MELI,0.006703284391240133,Packaged Foods,Internet Retail,False
ARM,KHC,0.0066482654760771556,Semiconductors,Packaged Foods,False
KHC,SNPS,0.006422179836362785,Packaged Foods,Software - Infrastructure,False
KHC,KLAC,0.006280876906076103,Packaged Foods,Semiconductor Equipment & Materials,False
EXC,PDD,0.006177997495277333,Utilities - Regulated Electric,Internet Retail,False
AMAT,KHC,0.005748955905734252,Semiconductor Equipment & Materials,Packaged Foods,False
AVGO,KHC,0.00574142267236885,Semiconductors,Packaged Foods,False
KLAC,XEL,0.0055080382054484905,Semiconductor Equipment & Materials,Utilities - Regulated Electric,False
CRWD,EXC,0.005160302476918255,Software - Infrastructure,Utilities - Regulated Electric,False
AEP,ZS,0.0038248453922145697,Utilities - Regulated Electric,Software - Infrastructure,False
AEP,PLTR,0.00358439233994842,Utilities - Regulated Electric,Software - Infrastructure,False
MDLZ,PLTR,0.003427077772106755,Confectioners,Software - Infrastructure,False
AEP,KLAC,0.0034254878821265845,Utilities - Regulated Electric,Semiconductor Equipment & Materials,False
CEG,MDLZ,0.0016074841147059097,Utilities - Independent Power Producers,Confectioners,False
CDNS,KHC,0.0012658888553267172,Software - Application,Packaged Foods,False
AXON,PEP,0.0011619589705248988,Aerospace & Defense,Beverages - Non-Alcoholic,False
KHC,META,-0.005006977809138811,Packaged Foods,Internet Content & Information,False
KHC,PDD,-0.00546775540722953,Packaged Foods,Internet Retail,False
ARM,VRSK,-0.0074161026143306176,Semiconductors,Consulting Services,False
MDB,XEL,-0.008869643242111981,Software - Infrastructure,Utilities - Regulated Electric,False
MU,XEL,-0.009239648708293044,Semiconductors,Utilities - Regulated Electric,False
KHC,TEAM,-0.00953324239950966,Packaged Foods,Software - Application,False
AEP,MDB,-0.011070355620853236,Utilities - Regulated Electric,Software - Infrastructure,False
ABNB,XEL,-0.012715058450747604,Travel Services,Utilities - Regulated Electric,False
CRWD,XEL,-0.013218801416884043,Software - Infrastructure,Utilities - Regulated Electric,False
CRWD,MDLZ,-0.0132898626014704,Software - Infrastructure,Confectioners,False
AEP,MU,-0.015000318144691539,Utilities - Regulated Electric,Semiconductors,False
PLTR,XEL,-0.016457889001159322,Software - Infrastructure,Utilities - Regulated Electric,False
AMD,KHC,-0.018295726167472545,Semiconductors,Packaged Foods,False
DASH,KHC,-0.020022481308453972,Internet Retail,Packaged Foods,False
CEG,KHC,-0.023236701522311706,Utilities - Independent Power Producers,Packaged Foods,False
ARM,MDLZ,-0.023698902163679036,Semiconductors,Confectioners,False
KHC,NFLX,-0.024495054592828507,Packaged Foods,Entertainment,False
NVDA,XEL,-0.02512424079111566,Semiconductors,Utilities - Regulated Electric,False
AEP,PDD,-0.027229265693867303,Utilities - Regulated Electric,Internet Retail,False
KHC,PANW,-0.027677271419901592,Packaged Foods,Software - Infrastructure,False
PEP,PLTR,-0.031667519963045204,Beverages - Non-Alcoholic,Software - Infrastructure,False
DDOG,KHC,-0.0353888382050761,Software - Application,Packaged Foods,False
KHC,TTD,-0.037181816019444654,Packaged Foods,Advertising Agencies,False
AEP,NVDA,-0.03864616205152957,Utilities - Regulated Electric,Semiconductors,False
KHC,MRVL,-0.03877143230045042,Packaged Foods,Semiconductors,False
CEG,PEP,-0.03884408519351792,Utilities - Independent Power Producers,Beverages - Non-Alcoholic,False
PDD,XEL,-0.03890717474033483,Internet Retail,Utilities - Regulated Electric,False
AEP,CRWD,-0.039500868286718005,Utilities - Regulated Electric,Software - Infrastructure,False
CRWD,PEP,-0.03995951241959145,Software - Infrastructure,Beverages - Non-Alcoholic,False
AXON,KHC,-0.04319452830760362,Aerospace & Defense,Packaged Foods,False
KHC,ZS,-0.048651755520173624,Packaged Foods,Software - Infrastructure,False
APP,KHC,-0.05418292843563661,Advertising Agencies,Packaged Foods,False
KHC,PLTR,-0.05449422428954286,Packaged Foods,Software - Infrastructure,False
KHC,NVDA,-0.05809700363366556,Packaged Foods,Semiconductors,False
KHC,MDB,-0.06222811117995618,Packaged Foods,Software - Infrastructure,False
ARM,XEL,-0.07217728931857274,Semiconductors,Utilities - Regulated Electric,False
ARM,ORLY,-0.08007827448023576,Semiconductors,Auto Parts,False
CRWD,KHC,-0.0823519816472762,Software - Infrastructure,Packaged Foods,False
AEP,ARM,-0.1189948362591972,Utilities - Regulated Electric,Semiconductors,False
ARM,EXC,-0.13780608560880706,Semiconductors,Utilities - Regulated Electric,False
