Stock_A,Stock_B,Correlation,Industry_A,Industry_B,Same_Industry,Industry_Pair,count,mean,std,Industry_Z
MNST,MSFT,0.4373751548931975,Beverages - Non-Alcoholic,Software - Infrastructure,False,Beverages - Non-Alcoholic | Software - Infrastructure,32,0.19508071341702785,0.1001632486447498,2.418995437493429
AMGN,PEP,0.43795206818731136,Drug Manufacturers - General,Beverages - Non-Alcoholic,False,Beverages - Non-Alcoholic | Drug Manufacturers - General,16,0.2546808921408847,0.0763292913961879,2.4010595761351423
CMCSA,MSFT,0.4215932695391203,Telecom Services,Software - Infrastructure,False,Software - Infrastructure | Telecom Services,24,0.247057920710089,0.07763564249814904,2.2481342745787476
NFLX,NVDA,0.4357663975253649,Entertainment,Semiconductors,False,Entertainment | Semiconductors,28,0.31437928423094724,0.0545606155524666,2.2248120199026955
MSFT,TMUS,0.41461299965670306,Software - Infrastructure,Telecom Services,False,Software - Infrastructure | Telecom Services,24,0.247057920710089,0.07763564249814904,2.1582236400066996
AMGN,ROP,0.4191316049290625,Drug Manufacturers - General,Software - Application,False,Drug Manufacturers - General | Software - Application,44,0.24016414610789083,0.08369315648978455,2.138376258314694
ADI,GEHC,0.4218294729202543,Semiconductors,Medical Devices,False,Medical Devices | Semiconductors,28,0.3015135305744629,0.05778358011332174,2.0821822066032407
ADP,AMGN,0.41177551471262563,Software - Application,Drug Manufacturers - General,False,Drug Manufacturers - General | Software - Application,44,0.24016414610789083,0.08369315648978455,2.0504826894141748
MSFT,TTWO,0.4502250353855498,Software - Infrastructure,Electronic Gaming & Multimedia,False,Electronic Gaming & Multimedia | Software - Infrastructure,8,0.348231735874921,0.050581712563349264,2.016406609066289
AMGN,PAYX,0.40587258258905895,Drug Manufacturers - General,Software - Application,False,Drug Manufacturers - General | Software - Application,44,0.24016414610789083,0.08369315648978455,1.9799520466335168
GEHC,TXN,0.4143972591343589,Medical Devices,Semiconductors,False,Medical Devices | Semiconductors,28,0.3015135305744629,0.05778358011332174,1.9535606540563095
FAST,MSFT,0.4675839650677282,Industrial Distribution,Software - Infrastructure,False,Industrial Distribution | Software - Infrastructure,8,0.3096125527413829,0.08185569978222008,1.9298767556399092
ASML,LULU,0.40105052637560173,Semiconductor Equipment & Materials,Apparel Retail,False,Apparel Retail | Semiconductor Equipment & Materials,8,0.3866682548802252,0.007479560203781856,1.9228766269044104
ADBE,NFLX,0.4798294973775416,Software - Application,Entertainment,False,Entertainment | Software - Application,22,0.3044163429668811,0.09158952968835339,1.9152096861675032
MSFT,NFLX,0.48290514816777885,Software - Infrastructure,Entertainment,False,Entertainment | Software - Infrastructure,16,0.2980023873929363,0.09658395573064901,1.9144252207943824
MSFT,SBUX,0.4562924795824705,Software - Infrastructure,Restaurants,False,Restaurants | Software - Infrastructure,8,0.316852109259103,0.07348836164836527,1.8974483468630887
PLTR,TSLA,0.45544591381095495,Software - Infrastructure,Auto Manufacturers,False,Auto Manufacturers | Software - Infrastructure,8,0.3739747536856495,0.04324898919882252,1.883770271503214
CMCSA,TXN,0.43028259053472273,Telecom Services,Semiconductors,False,Semiconductors | Telecom Services,42,0.28307233945061766,0.07878160786468905,1.868586527669571
CMCSA,PAYX,0.4863240695246905,Telecom Services,Software - Application,False,Software - Application | Telecom Services,33,0.3253405406298575,0.08624047130467713,1.866681923920588
COST,TXN,0.4390547905815443,Discount Stores,Semiconductors,False,Discount Stores | Semiconductors,14,0.34302943681468806,0.05163417802668331,1.8597246520944444
CSX,MSFT,0.44865529592399717,Railroads,Software - Infrastructure,False,Railroads | Software - Infrastructure,8,0.29153415364986573,0.08594507382149093,1.8281576277480913
GEHC,MCHP,0.40552326602683225,Medical Devices,Semiconductors,False,Medical Devices | Semiconductors,28,0.3015135305744629,0.05778358011332174,1.799987734376991
BKNG,CCEP,0.4549954728329228,Travel Services,Beverages - Non-Alcoholic,False,Beverages - Non-Alcoholic | Travel Services,8,0.23984117664527846,0.120011106955387,1.7927865315634988
CCEP,ROST,0.4084776641642145,Beverages - Non-Alcoholic,Apparel Retail,False,Apparel Retail | Beverages - Non-Alcoholic,8,0.28806218834149144,0.06717855219051856,1.7924690529385692
MDLZ,MSFT,0.40034572888029585,Confectioners,Software - Infrastructure,False,Confectioners | Software - Infrastructure,8,0.1832063599903997,0.12175947850994155,1.7833467385634945
ADP,EXC,0.49581774628885933,Software - Application,Utilities - Regulated Electric,False,Software - Application | Utilities - Regulated Electric,33,0.2454147023508825,0.1410271120431199,1.7755666999790407
AXON,PLTR,0.42253222300273063,Aerospace & Defense,Software - Infrastructure,False,Aerospace & Defense | Software - Infrastructure,8,0.3607390274441334,0.03503375377348821,1.7638188576115197
HON,MSFT,0.4883509283441857,Conglomerates,Software - Infrastructure,False,Conglomerates | Software - Infrastructure,8,0.2920821784149906,0.1118821444400055,1.7542455135407256
CSGP,MSFT,0.49480916968136657,Real Estate Services,Software - Infrastructure,False,Real Estate Services | Software - Infrastructure,8,0.38354735387752253,0.06469498686999348,1.7197903761450328
ADP,CMCSA,0.47362214425096955,Software - Application,Telecom Services,False,Software - Application | Telecom Services,33,0.3253405406298575,0.08624047130467713,1.7193969534008122
ADI,CMCSA,0.4167800669113613,Semiconductors,Telecom Services,False,Semiconductors | Telecom Services,42,0.28307233945061766,0.07878160786468905,1.6971947017175975
AVGO,CEG,0.4218525277311852,Semiconductors,Utilities - Independent Power Producers,False,Semiconductors | Utilities - Independent Power Producers,14,0.30728812898757735,0.06761468134430078,1.694371643345243
INTU,NFLX,0.4478075533214459,Software - Application,Entertainment,False,Entertainment | Software - Application,22,0.3044163429668811,0.09158952968835339,1.5655851803418375
ASML,TTD,0.4222824083160857,Semiconductor Equipment & Materials,Advertising Agencies,False,Advertising Agencies | Semiconductor Equipment & Materials,8,0.40419956931779916,0.011570850054542673,1.5627926135977623
PAYX,XEL,0.4640418964187726,Software - Application,Utilities - Regulated Electric,False,Software - Application | Utilities - Regulated Electric,33,0.2454147023508825,0.1410271120431199,1.5502493875152423
ADI,BKNG,0.49346493038932293,Semiconductors,Travel Services,False,Semiconductors | Travel Services,28,0.4139912451614435,0.0513204791551286,1.548576446210702
DDOG,TTD,0.48849728419641414,Software - Application,Advertising Agencies,False,Advertising Agencies | Software - Application,22,0.36990206666965997,0.07678987622499317,1.5444121459353832
CTAS,EXC,0.4737266509399946,Specialty Business Services,Utilities - Regulated Electric,False,Specialty Business Services | Utilities - Regulated Electric,6,0.3469692116801822,0.08285091321847149,1.5299461929352884
APP,NVDA,0.4288317633360612,Advertising Agencies,Semiconductors,False,Advertising Agencies | Semiconductors,28,0.35390109093392963,0.049318705979008164,1.5193154588043085
CMCSA,CTSH,0.4464644162153987,Telecom Services,Information Technology Services,False,Information Technology Services | Telecom Services,6,0.3749223848818457,0.047538257984349505,1.504935905667935
AMZN,MRVL,0.4953563459769988,Internet Retail,Semiconductors,False,Internet Retail | Semiconductors,56,0.3702391232626861,0.08334665923608507,1.5011666197670823
ASML,NFLX,0.40857984699975686,Semiconductor Equipment & Materials,Entertainment,False,Entertainment | Semiconductor Equipment & Materials,8,0.3208492191843755,0.05847822021362087,1.5002273922650433
ADP,ORLY,0.4557444582438196,Software - Application,Auto Parts,False,Auto Parts | Software - Application,11,0.2860781059251693,0.1150001304006804,1.475357912443258
APP,MRVL,0.42631335014785665,Advertising Agencies,Semiconductors,False,Advertising Agencies | Semiconductors,28,0.35390109093392963,0.049318705979008164,1.4682514023127111
LULU,MSFT,0.42895968527475764,Apparel Retail,Software - Infrastructure,False,Apparel Retail | Software - Infrastructure,16,0.31532147842150815,0.07785917501595359,1.459535203525656
MDB,TTD,0.4756028758308849,Software - Infrastructure,Advertising Agencies,False,Advertising Agencies | Software - Infrastructure,16,0.4123923240237502,0.04339673942878491,1.4565737573640696
ADSK,NFLX,0.4365327066853658,Software - Application,Entertainment,False,Entertainment | Software - Application,22,0.3044163429668811,0.09158952968835339,1.4424832638406349
PEP,ROP,0.45910081848959744,Beverages - Non-Alcoholic,Software - Application,False,Beverages - Non-Alcoholic | Software - Application,44,0.2917186715599707,0.1167790557071121,1.4333233465205422
ADSK,BKNG,0.48658366628212507,Software - Application,Travel Services,False,Software - Application | Travel Services,22,0.39549019557463,0.06414283424811372,1.4201659745051554
FAST,TXN,0.47700388911749003,Industrial Distribution,Semiconductors,False,Industrial Distribution | Semiconductors,14,0.3669174309104553,0.0777793667958662,1.415368403499083
CEG,MRVL,0.402570217857004,Utilities - Independent Power Producers,Semiconductors,False,Semiconductors | Utilities - Independent Power Producers,14,0.30728812898757735,0.06761468134430078,1.4091923081651545
ODFL,SNPS,0.4357029213381296,Trucking,Software - Infrastructure,False,Software - Infrastructure | Trucking,8,0.340801322793992,0.06748132891386341,1.4063386135337497
ADP,TMUS,0.44652407038099273,Software - Application,Telecom Services,False,Software - Application | Telecom Services,33,0.3253405406298575,0.08624047130467713,1.4051816730338649
ADP,XEL,0.443271602748375,Software - Application,Utilities - Regulated Electric,False,Software - Application | Utilities - Regulated Electric,33,0.2454147023508825,0.1410271120431199,1.402970659549467
BKNG,MSFT,0.46015416455193225,Travel Services,Software - Infrastructure,False,Software - Infrastructure | Travel Services,16,0.3683653213610446,0.06599088136237334,1.3909322211784214
MSFT,ODFL,0.434036393482541,Software - Infrastructure,Trucking,False,Software - Infrastructure | Trucking,8,0.340801322793992,0.06748132891386341,1.3816424808047127
CDNS,TSLA,0.4120368007430793,Software - Application,Auto Manufacturers,False,Auto Manufacturers | Software - Application,11,0.3408644464434285,0.05200504484019746,1.3685663480985581
ADP,ROST,0.45557636293456977,Software - Application,Apparel Retail,False,Apparel Retail | Software - Application,22,0.36245141457042307,0.06807433218434474,1.3679891579687495
ADI,SBUX,0.4827477343994866,Semiconductors,Restaurants,False,Restaurants | Semiconductors,14,0.3844762221139626,0.07211364448541938,1.3627311861265516
IDXX,TXN,0.46595061789400427,Diagnostics & Research,Semiconductors,False,Diagnostics & Research | Semiconductors,14,0.38668366098240065,0.05851287021251985,1.354692679126909
ORLY,PAYX,0.44067532537428156,Auto Parts,Software - Application,False,Auto Parts | Software - Application,11,0.2860781059251693,0.1150001304006804,1.3443221230312412
LULU,MCHP,0.4182753534710313,Apparel Retail,Semiconductors,False,Apparel Retail | Semiconductors,28,0.35121455070292446,0.050030817330585634,1.3403899105823753
NFLX,WDAY,0.42707713518171825,Entertainment,Software - Application,False,Entertainment | Software - Application,22,0.3044163429668811,0.09158952968835339,1.339244700046045
PAYX,ROST,0.45361563748847,Software - Application,Apparel Retail,False,Apparel Retail | Software - Application,22,0.36245141457042307,0.06807433218434474,1.3391864450638307
ADP,MNST,0.44723851744948084,Software - Application,Beverages - Non-Alcoholic,False,Beverages - Non-Alcoholic | Software - Application,44,0.2917186715599707,0.1167790557071121,1.3317443350420808
ADBE,TTWO,0.4359859442034692,Software - Application,Electronic Gaming & Multimedia,False,Electronic Gaming & Multimedia | Software - Application,11,0.35163681172087397,0.06346280648650196,1.3291112882084033
IDXX,SNPS,0.4958144861317614,Diagnostics & Research,Software - Infrastructure,False,Diagnostics & Research | Software - Infrastructure,8,0.3992694997128612,0.07286544513777825,1.324976279721441
CMCSA,PEP,0.409275361755981,Telecom Services,Beverages - Non-Alcoholic,False,Beverages - Non-Alcoholic | Telecom Services,12,0.317294681677084,0.06981489051761733,1.3174937237162359
BKNG,INTU,0.4799744284162707,Travel Services,Software - Application,False,Software - Application | Travel Services,22,0.39549019557463,0.06414283424811372,1.3171265946067103
EXC,ROP,0.42951614716724507,Utilities - Regulated Electric,Software - Application,False,Software - Application | Utilities - Regulated Electric,33,0.2454147023508825,0.1410271120431199,1.3054329919205352
NXPI,ROST,0.41636732050669484,Semiconductors,Apparel Retail,False,Apparel Retail | Semiconductors,28,0.35121455070292446,0.050030817330585634,1.3022527570010365
AMZN,TXN,0.47849075178592854,Internet Retail,Semiconductors,False,Internet Retail | Semiconductors,56,0.3702391232626861,0.08334665923608507,1.2988118481943272
ADP,MDLZ,0.4907714001989079,Software - Application,Confectioners,False,Confectioners | Software - Application,11,0.3088070891467929,0.14064493095341335,1.2937850644072493
CSX,TXN,0.4947403419944677,Railroads,Semiconductors,False,Railroads | Semiconductors,14,0.3843975354628289,0.08531301082435322,1.293387790038476
PAYX,SBUX,0.4973320001841256,Software - Application,Restaurants,False,Restaurants | Software - Application,11,0.394990718182826,0.07951704151048114,1.2870358360579852
CCEP,PAYX,0.4415109411142169,Beverages - Non-Alcoholic,Software - Application,False,Beverages - Non-Alcoholic | Software - Application,44,0.2917186715599707,0.1167790557071121,1.2826980715611618
AEP,PAYX,0.4260808449386172,Utilities - Regulated Electric,Software - Application,False,Software - Application | Utilities - Regulated Electric,33,0.2454147023508825,0.1410271120431199,1.2810738302043292
MNST,PAYX,0.4405699022402305,Beverages - Non-Alcoholic,Software - Application,False,Beverages - Non-Alcoholic | Software - Application,44,0.2917186715599707,0.1167790557071121,1.274639786894547
PCAR,ROP,0.4936250180688088,Farm & Heavy Construction Machinery,Software - Application,False,Farm & Heavy Construction Machinery | Software - Application,11,0.34398645207318135,0.11760675414444358,1.272363709756352
AMGN,REGN,0.45890838702297293,Drug Manufacturers - General,Biotechnology,False,Biotechnology | Drug Manufacturers - General,8,0.38589799308521006,0.05742353573776834,1.2714367549775034
ADI,CSGP,0.46416058921393066,Semiconductors,Real Estate Services,False,Real Estate Services | Semiconductors,14,0.3745799329976916,0.07099616327658635,1.2617675671747413
CMCSA,CTAS,0.437406695045302,Telecom Services,Specialty Business Services,False,Specialty Business Services | Telecom Services,6,0.37323781790018806,0.0509384867918208,1.2597326930296158
ADI,AMZN,0.47513761399915433,Semiconductors,Internet Retail,False,Internet Retail | Semiconductors,56,0.3702391232626861,0.08334665923608507,1.2585806281609457
TXN,VRSK,0.4234240307628862,Semiconductors,Consulting Services,False,Consulting Services | Semiconductors,14,0.2937196352181763,0.10369939058050841,1.2507729777255747
CTAS,KLAC,0.4970018907013742,Specialty Business Services,Semiconductor Equipment & Materials,False,Semiconductor Equipment & Materials | Specialty Business Services,8,0.47960460960720336,0.013965092613431795,1.2457691170223897
ADI,ROST,0.4132773041715368,Semiconductors,Apparel Retail,False,Apparel Retail | Semiconductors,28,0.35121455070292446,0.050030817330585634,1.2404904972574005
ABNB,MDB,0.4500468894782824,Travel Services,Software - Infrastructure,False,Software - Infrastructure | Travel Services,16,0.3683653213610446,0.06599088136237334,1.2377705287599172
ABNB,ZS,0.4497078113313971,Travel Services,Software - Infrastructure,False,Software - Infrastructure | Travel Services,16,0.3683653213610446,0.06599088136237334,1.2326322711721247
PEP,TMUS,0.40301000333787623,Beverages - Non-Alcoholic,Telecom Services,False,Beverages - Non-Alcoholic | Telecom Services,12,0.317294681677084,0.06981489051761733,1.2277512866565696
CDW,SNPS,0.4644592368935622,Information Technology Services,Software - Infrastructure,False,Information Technology Services | Software - Infrastructure,16,0.35765638796615556,0.08728674484179658,1.2235861140311988
ADI,TTD,0.41414909724022536,Semiconductors,Advertising Agencies,False,Advertising Agencies | Semiconductors,28,0.35390109093392963,0.049318705979008164,1.2216055776471402
AMGN,VRTX,0.45590462173443996,Drug Manufacturers - General,Biotechnology,False,Biotechnology | Drug Manufacturers - General,8,0.38589799308521006,0.05742353573776834,1.2191277975101327
ODFL,TXN,0.49570811420394406,Trucking,Semiconductors,False,Semiconductors | Trucking,14,0.41347978205775104,0.06783829814661756,1.2121225678225973
NVDA,TTD,0.4136777486738165,Semiconductors,Advertising Agencies,False,Advertising Agencies | Semiconductors,28,0.35390109093392963,0.049318705979008164,1.212048381101686
ON,TSLA,0.4370991474508311,Semiconductors,Auto Manufacturers,False,Auto Manufacturers | Semiconductors,14,0.39211346120652546,0.03717574450493736,1.2100816498330262
PAYX,PCAR,0.4861223251318444,Software - Application,Farm & Heavy Construction Machinery,False,Farm & Heavy Construction Machinery | Software - Application,11,0.34398645207318135,0.11760675414444358,1.2085689643648614
INTU,LULU,0.4444176465037814,Software - Application,Apparel Retail,False,Apparel Retail | Software - Application,22,0.36245141457042307,0.06807433218434474,1.2040695707655926
MCHP,ODFL,0.49504061408455163,Semiconductors,Trucking,False,Semiconductors | Trucking,14,0.41347978205775104,0.06783829814661756,1.202282991394106
ADP,AEP,0.4145907718799957,Software - Application,Utilities - Regulated Electric,False,Software - Application | Utilities - Regulated Electric,33,0.2454147023508825,0.1410271120431199,1.1995996165431408
PCAR,TXN,0.49803699826951453,Farm & Heavy Construction Machinery,Semiconductors,False,Farm & Heavy Construction Machinery | Semiconductors,14,0.3999394382732184,0.08185529179140964,1.1984266117611113
ADP,CCEP,0.4315206167660652,Software - Application,Beverages - Non-Alcoholic,False,Beverages - Non-Alcoholic | Software - Application,44,0.2917186715599707,0.1167790557071121,1.197149132261567
CPRT,KLAC,0.4962741576114317,Specialty Business Services,Semiconductor Equipment & Materials,False,Semiconductor Equipment & Materials | Specialty Business Services,8,0.47960460960720336,0.013965092613431795,1.1936582495840626
INTU,TTD,0.4612188534003465,Software - Application,Advertising Agencies,False,Advertising Agencies | Software - Application,22,0.36990206666965997,0.07678987622499317,1.1891774179076646
AMZN,MCHP,0.4692681968742439,Internet Retail,Semiconductors,False,Internet Retail | Semiconductors,56,0.3702391232626861,0.08334665923608507,1.1881588838618145
ADI,FAST,0.4592900507576409,Semiconductors,Industrial Distribution,False,Industrial Distribution | Semiconductors,14,0.3669174309104553,0.0777793667958662,1.1876237060353003
CTAS,TXN,0.49931824737776725,Specialty Business Services,Semiconductors,False,Semiconductors | Specialty Business Services,28,0.4142784860155668,0.07168766826960327,1.1862536948807227
ADI,IDXX,0.4554177302289929,Semiconductors,Diagnostics & Research,False,Diagnostics & Research | Semiconductors,14,0.38668366098240065,0.05851287021251985,1.1746829201327642
MCHP,SBUX,0.46899772355592234,Semiconductors,Restaurants,False,Restaurants | Semiconductors,14,0.3844762221139626,0.07211364448541938,1.1720597682321978
MNST,ROP,0.42831617179037634,Beverages - Non-Alcoholic,Software - Application,False,Beverages - Non-Alcoholic | Software - Application,44,0.2917186715599707,0.1167790557071121,1.1697088951720864
LIN,MCHP,0.49443557056047277,Specialty Chemicals,Semiconductors,False,Semiconductors | Specialty Chemicals,14,0.3985133553154358,0.08228560127558586,1.165722966813844
CSGP,TXN,0.4572874704555872,Real Estate Services,Semiconductors,False,Real Estate Services | Semiconductors,14,0.3745799329976916,0.07099616327658635,1.1649578461822532
CDNS,NFLX,0.4111125093606231,Software - Application,Entertainment,False,Entertainment | Software - Application,22,0.3044163429668811,0.09158952968835339,1.164938467931773
MSFT,ON,0.4959529797843606,Software - Infrastructure,Semiconductors,False,Semiconductors | Software - Infrastructure,112,0.4023716807220102,0.08039051664859634,1.164083811917937
ADSK,MAR,0.45310177619228115,Software - Application,Lodging,False,Lodging | Software - Application,11,0.3666784289572211,0.07464138754788484,1.1578475437587052
BKNG,ON,0.4733099164363389,Travel Services,Semiconductors,False,Semiconductors | Travel Services,28,0.4139912451614435,0.0513204791551286,1.155847962673738
AMZN,AVGO,0.46591454071655447,Internet Retail,Semiconductors,False,Internet Retail | Semiconductors,56,0.3702391232626861,0.08334665923608507,1.1479214443720085
BKNG,NXPI,0.47189791567903056,Travel Services,Semiconductors,False,Semiconductors | Travel Services,28,0.4139912451614435,0.0513204791551286,1.1283345648927032
ADSK,TTD,0.4565323099106687,Software - Application,Advertising Agencies,False,Advertising Agencies | Software - Application,22,0.36990206666965997,0.07678987622499317,1.1281466711469024
MCHP,ROST,0.40753508533093685,Semiconductors,Apparel Retail,False,Apparel Retail | Semiconductors,28,0.35121455070292446,0.050030817330585634,1.1257168607873538
DASH,NVDA,0.46346127493164974,Internet Retail,Semiconductors,False,Internet Retail | Semiconductors,56,0.3702391232626861,0.08334665923608507,1.118486961845772
MSFT,MU,0.49228243945581535,Software - Infrastructure,Semiconductors,False,Semiconductors | Software - Infrastructure,112,0.4023716807220102,0.08039051664859634,1.1184249396831691
CMCSA,ROP,0.421653684104826,Telecom Services,Software - Application,False,Software - Application | Telecom Services,33,0.3253405406298575,0.08624047130467713,1.1167975083845012
BKNG,TXN,0.47117958398264154,Travel Services,Semiconductors,False,Semiconductors | Travel Services,28,0.4139912451614435,0.0513204791551286,1.1143375853591007
ABNB,ADSK,0.46679673987390563,Travel Services,Software - Application,False,Software - Application | Travel Services,22,0.39549019557463,0.06414283424811372,1.1116837154942616
AMZN,GFS,0.4628939970735671,Internet Retail,Semiconductors,False,Internet Retail | Semiconductors,56,0.3702391232626861,0.08334665923608507,1.1116807159412325
INTC,MSFT,0.49107899797051613,Semiconductors,Software - Infrastructure,False,Semiconductors | Software - Infrastructure,112,0.4023716807220102,0.08039051664859634,1.1034549962685782
PAYX,TMUS,0.4204647643312931,Software - Application,Telecom Services,False,Software - Application | Telecom Services,33,0.3253405406298575,0.08624047130467713,1.1030114082444336
HON,SNPS,0.4143650127076912,Conglomerates,Software - Infrastructure,False,Conglomerates | Software - Infrastructure,8,0.2920821784149906,0.1118821444400055,1.0929611235532963
ADI,CPRT,0.4924423933728504,Semiconductors,Specialty Business Services,False,Semiconductors | Specialty Business Services,28,0.4142784860155668,0.07168766826960327,1.090339653164955
ADI,VRSK,0.40658336594653854,Semiconductors,Consulting Services,False,Consulting Services | Semiconductors,14,0.2937196352181763,0.10369939058050841,1.08837409840648
ADP,SBUX,0.48151790879101136,Software - Application,Restaurants,False,Restaurants | Software - Application,11,0.394990718182826,0.07951704151048114,1.0881590784131503
ADI,MAR,0.4928020277916149,Semiconductors,Lodging,False,Lodging | Semiconductors,14,0.4130677668597299,0.0733087350022406,1.0876502087977378
CDNS,TTWO,0.42061367609431405,Software - Application,Electronic Gaming & Multimedia,False,Electronic Gaming & Multimedia | Software - Application,11,0.35163681172087397,0.06346280648650196,1.086886448807002
ABNB,PLTR,0.4398039364733883,Travel Services,Software - Infrastructure,False,Software - Infrastructure | Travel Services,16,0.3683653213610446,0.06599088136237334,1.0825528260496384
GFS,TSLA,0.43232932508262123,Semiconductors,Auto Manufacturers,False,Auto Manufacturers | Semiconductors,14,0.39211346120652546,0.03717574450493736,1.0817769599948335
CSGP,SNPS,0.4528677177453823,Real Estate Services,Software - Infrastructure,False,Real Estate Services | Software - Infrastructure,8,0.38354735387752253,0.06469498686999348,1.0714951377478619
MDLZ,ROP,0.45880637909643324,Confectioners,Software - Application,False,Confectioners | Software - Application,11,0.3088070891467929,0.14064493095341335,1.0665104595865278
ADP,PCAR,0.46875646539843807,Software - Application,Farm & Heavy Construction Machinery,False,Farm & Heavy Construction Machinery | Software - Application,11,0.34398645207318135,0.11760675414444358,1.0609085696899287
CTAS,PEP,0.43643151674665526,Specialty Business Services,Beverages - Non-Alcoholic,False,Beverages - Non-Alcoholic | Specialty Business Services,8,0.3714377967072513,0.06158648284332232,1.0553244322256516
AMZN,CDW,0.40439960515635043,Internet Retail,Information Technology Services,False,Information Technology Services | Internet Retail,8,0.31302367121365854,0.08691752681815818,1.0512946846021198
CRWD,NVDA,0.4864663239387885,Software - Infrastructure,Semiconductors,False,Semiconductors | Software - Infrastructure,112,0.4023716807220102,0.08039051664859634,1.046076660812786
BKNG,LRCX,0.4676083131078021,Travel Services,Semiconductor Equipment & Materials,False,Semiconductor Equipment & Materials | Travel Services,8,0.43764243027623373,0.028867485686464182,1.0380496298511797
APP,PLTR,0.4572773088378566,Advertising Agencies,Software - Infrastructure,False,Advertising Agencies | Software - Infrastructure,16,0.4123923240237502,0.04339673942878491,1.034293944773518
SBUX,TXN,0.45829495809721227,Restaurants,Semiconductors,False,Restaurants | Semiconductors,14,0.3844762221139626,0.07211364448541938,1.023644505973832
AMZN,QCOM,0.4553845994358919,Internet Retail,Semiconductors,False,Internet Retail | Semiconductors,56,0.3702391232626861,0.08334665923608507,1.0215823519935627
ADP,MAR,0.44266981818493323,Software - Application,Lodging,False,Lodging | Software - Application,11,0.3666784289572211,0.07464138754788484,1.0180865030002455
TTD,WDAY,0.4478846899538594,Advertising Agencies,Software - Application,False,Advertising Agencies | Software - Application,22,0.36990206666965997,0.07678987622499317,1.0155326081749567
AMZN,CTSH,0.4006754433143294,Internet Retail,Information Technology Services,False,Information Technology Services | Internet Retail,8,0.31302367121365854,0.08691752681815818,1.0084476090081214
ODFL,ROP,0.48786204466709765,Trucking,Software - Application,False,Software - Application | Trucking,11,0.4026422298388547,0.08452440742846251,1.0082272969540658
AVGO,GOOGL,0.49634940862581045,Semiconductors,Internet Content & Information,False,Internet Content & Information | Semiconductors,28,0.4414689764224611,0.05461482573337097,1.004863266822
CPRT,MCHP,0.48630682761594085,Specialty Business Services,Semiconductors,False,Semiconductors | Specialty Business Services,28,0.4142784860155668,0.07168766826960327,1.0047521887514816
AMZN,KLAC,0.487685273362032,Internet Retail,Semiconductor Equipment & Materials,False,Internet Retail | Semiconductor Equipment & Materials,16,0.41496837658240493,0.07239378144168498,1.0044633023929321
MRVL,TTD,0.40330395288265,Semiconductors,Advertising Agencies,False,Advertising Agencies | Semiconductors,28,0.35390109093392963,0.049318705979008164,1.00170637019041
MU,SNPS,0.4828770206194915,Semiconductors,Software - Infrastructure,False,Semiconductors | Software - Infrastructure,112,0.4023716807220102,0.08039051664859634,1.0014283183349462
MAR,MCHP,0.4864707659902406,Lodging,Semiconductors,False,Lodging | Semiconductors,14,0.4130677668597299,0.0733087350022406,1.0012858512463378
LIN,SNPS,0.4272295405166175,Specialty Chemicals,Software - Infrastructure,False,Software - Infrastructure | Specialty Chemicals,8,0.3185514810956887,0.1089094443655886,0.9978754372863836
INTU,MELI,0.49083780503740276,Software - Application,Internet Retail,False,Internet Retail | Software - Application,44,0.37550451491015674,0.11614731135822978,0.9929914758984554
INTU,SBUX,0.47364310060665304,Software - Application,Restaurants,False,Restaurants | Software - Application,11,0.394990718182826,0.07951704151048114,0.9891261159843312
INTU,MNST,0.40718848375831074,Software - Application,Beverages - Non-Alcoholic,False,Beverages - Non-Alcoholic | Software - Application,44,0.2917186715599707,0.1167790557071121,0.9887887130029914
HON,MCHP,0.4949321896520094,Conglomerates,Semiconductors,False,Conglomerates | Semiconductors,14,0.41108724377867284,0.08515022033845984,0.9846709208744853
AMAT,AMZN,0.48621112464139604,Semiconductor Equipment & Materials,Internet Retail,False,Internet Retail | Semiconductor Equipment & Materials,16,0.41496837658240493,0.07239378144168498,0.9841003832128723
AMAT,BKNG,0.4657601043286895,Semiconductor Equipment & Materials,Travel Services,False,Semiconductor Equipment & Materials | Travel Services,8,0.43764243027623373,0.028867485686464182,0.9740257380863613
MCHP,PCAR,0.4783614502607982,Semiconductors,Farm & Heavy Construction Machinery,False,Farm & Heavy Construction Machinery | Semiconductors,14,0.3999394382732184,0.08185529179140964,0.9580567153486081
ABNB,ADI,0.46311623355414994,Travel Services,Semiconductors,False,Semiconductors | Travel Services,28,0.4139912451614435,0.0513204791551286,0.9572199870584658
INTU,TTWO,0.4122493561960409,Software - Application,Electronic Gaming & Multimedia,False,Electronic Gaming & Multimedia | Software - Application,11,0.35163681172087397,0.06346280648650196,0.9550876778205319
AMZN,CPRT,0.43086232468423435,Internet Retail,Specialty Business Services,False,Internet Retail | Specialty Business Services,8,0.33057071864708765,0.10503360306501401,0.9548525720389494
CSX,MCHP,0.4656283847945808,Railroads,Semiconductors,False,Railroads | Semiconductors,14,0.3843975354628289,0.08531301082435322,0.952150774504889
CPRT,NXPI,0.482534930755702,Specialty Business Services,Semiconductors,False,Semiconductors | Specialty Business Services,28,0.4142784860155668,0.07168766826960327,0.9521364885720099
MAR,PAYX,0.43744107351453304,Lodging,Software - Application,False,Lodging | Software - Application,11,0.3666784289572211,0.07464138754788484,0.9480349559674981
AMZN,LRCX,0.4835585975159328,Internet Retail,Semiconductor Equipment & Materials,False,Internet Retail | Semiconductor Equipment & Materials,16,0.41496837658240493,0.07239378144168498,0.9474601211262738
MSFT,TSLA,0.4149512369016979,Software - Infrastructure,Auto Manufacturers,False,Auto Manufacturers | Software - Infrastructure,8,0.3739747536856495,0.04324898919882252,0.947455281039586
CPRT,DASH,0.4295908421345954,Specialty Business Services,Internet Retail,False,Internet Retail | Specialty Business Services,8,0.33057071864708765,0.10503360306501401,0.9427470885314293
CRWD,TTD,0.45329947586265174,Software - Infrastructure,Advertising Agencies,False,Advertising Agencies | Software - Infrastructure,16,0.4123923240237502,0.04339673942878491,0.9426319206776157
META,NVDA,0.4922277123898167,Internet Content & Information,Semiconductors,False,Internet Content & Information | Semiconductors,28,0.4414689764224611,0.05461482573337097,0.9293948169890586
CDW,CMCSA,0.41907140396078635,Information Technology Services,Telecom Services,False,Information Technology Services | Telecom Services,6,0.3749223848818457,0.047538257984349505,0.9287050251920325
DASH,ZS,0.4970333467328088,Internet Retail,Software - Infrastructure,False,Internet Retail | Software - Infrastructure,32,0.40103530156388406,0.10362533079764688,0.9263955485592974
MELI,NVDA,0.4473164462750749,Internet Retail,Semiconductors,False,Internet Retail | Semiconductors,56,0.3702391232626861,0.08334665923608507,0.9247799938094944
ADBE,LULU,0.42514494689799254,Software - Application,Apparel Retail,False,Apparel Retail | Software - Application,22,0.36245141457042307,0.06807433218434474,0.9209569938607094
COST,INTU,0.45741767699334274,Discount Stores,Software - Application,False,Discount Stores | Software - Application,11,0.37747954425641467,0.08713838237589151,0.9173699414351817
NXPI,PCAR,0.4750073096364037,Semiconductors,Farm & Heavy Construction Machinery,False,Farm & Heavy Construction Machinery | Semiconductors,14,0.3999394382732184,0.08185529179140964,0.9170802488186032
DASH,TTD,0.4651423455820558,Internet Retail,Advertising Agencies,False,Advertising Agencies | Internet Retail,8,0.3842088408203055,0.08826874279298925,0.9168988047281723
AMZN,TEAM,0.4819917334021532,Internet Retail,Software - Application,False,Internet Retail | Software - Application,44,0.37550451491015674,0.11614731135822978,0.9168289583868282
ADSK,MELI,0.48092861557845484,Software - Application,Internet Retail,False,Internet Retail | Software - Application,44,0.37550451491015674,0.11614731135822978,0.9076757734248502
CTAS,TMUS,0.41934210159019386,Specialty Business Services,Telecom Services,False,Specialty Business Services | Telecom Services,6,0.37323781790018806,0.0509384867918208,0.9050972377414394
ASML,BKNG,0.4637166152736063,Semiconductor Equipment & Materials,Travel Services,False,Semiconductor Equipment & Materials | Travel Services,8,0.43764243027623373,0.028867485686464182,0.9032371326193686
NXPI,ODFL,0.4746766928997405,Semiconductors,Trucking,False,Semiconductors | Trucking,14,0.41347978205775104,0.06783829814661756,0.9020997359002995
AMZN,MDB,0.49414909790988076,Internet Retail,Software - Infrastructure,False,Internet Retail | Software - Infrastructure,32,0.40103530156388406,0.10362533079764688,0.8985621143909645
ADBE,TTD,0.4388970174425786,Software - Application,Advertising Agencies,False,Advertising Agencies | Software - Application,22,0.36990206666965997,0.07678987622499317,0.8984901938214416
CMCSA,INTU,0.40265727958087816,Telecom Services,Software - Application,False,Software - Application | Telecom Services,33,0.3253405406298575,0.08624047130467713,0.8965250048074295
CSCO,MCHP,0.49910497523891967,Communication Equipment,Semiconductors,False,Communication Equipment | Semiconductors,14,0.4400063908579641,0.06616208379898228,0.8932394656811674
CTSH,SNPS,0.43542526207600396,Information Technology Services,Software - Infrastructure,False,Information Technology Services | Software - Infrastructure,16,0.35765638796615556,0.08728674484179658,0.8909585785424934
CTAS,MCHP,0.47814541326803767,Specialty Business Services,Semiconductors,False,Semiconductors | Specialty Business Services,28,0.4142784860155668,0.07168766826960327,0.8909053508656447
NXPI,SBUX,0.4486381148591255,Semiconductors,Restaurants,False,Restaurants | Semiconductors,14,0.3844762221139626,0.07211364448541938,0.8897330484820496
ADI,ADP,0.49664745318539744,Semiconductors,Software - Application,False,Semiconductors | Software - Application,154,0.4171952075502096,0.08930751032179002,0.889647974161501
ODFL,PAYX,0.47769492702929767,Trucking,Software - Application,False,Software - Application | Trucking,11,0.4026422298388547,0.08452440742846251,0.8879411222606206
AMZN,ZS,0.4928664950534631,Internet Retail,Software - Infrastructure,False,Internet Retail | Software - Infrastructure,32,0.40103530156388406,0.10362533079764688,0.8861848042627848
ADSK,AVGO,0.49627482614057994,Software - Application,Semiconductors,False,Semiconductors | Software - Application,154,0.4171952075502096,0.08930751032179002,0.8854755698085539
CCEP,CTAS,0.4259058693207687,Beverages - Non-Alcoholic,Specialty Business Services,False,Beverages - Non-Alcoholic | Specialty Business Services,8,0.3714377967072513,0.06158648284332232,0.8844160292784642
ABNB,DDOG,0.4521222494566553,Travel Services,Software - Application,False,Software - Application | Travel Services,22,0.39549019557463,0.06414283424811372,0.8829053867960428
MELI,NFLX,0.4207904076756035,Internet Retail,Entertainment,False,Entertainment | Internet Retail,8,0.305655546976939,0.13047257083426508,0.8824449458033325
INTU,QCOM,0.4959914305435103,Software - Application,Semiconductors,False,Semiconductors | Software - Application,154,0.4171952075502096,0.08930751032179002,0.8823023137626904
ISRG,NVDA,0.4994257826795247,Medical Instruments & Supplies,Semiconductors,False,Medical Instruments & Supplies | Semiconductors,14,0.44608982499047123,0.06045782891938695,0.8822010092385287
MCHP,PYPL,0.49397563936930267,Semiconductors,Credit Services,False,Credit Services | Semiconductors,14,0.4273311814589394,0.07559182617748725,0.8816357704321651
CDNS,TTD,0.4372564482481451,Software - Application,Advertising Agencies,False,Advertising Agencies | Software - Application,22,0.36990206666965997,0.07678987622499317,0.8771257995147407
MELI,MSFT,0.491680559570028,Internet Retail,Software - Infrastructure,False,Internet Retail | Software - Infrastructure,32,0.40103530156388406,0.10362533079764688,0.8747403487970559
ON,PCAR,0.47134783992218393,Semiconductors,Farm & Heavy Construction Machinery,False,Farm & Heavy Construction Machinery | Semiconductors,14,0.3999394382732184,0.08185529179140964,0.8723736741533376
TEAM,TTD,0.43673889315351905,Software - Application,Advertising Agencies,False,Advertising Agencies | Software - Application,22,0.36990206666965997,0.07678987622499317,0.8703859124349699
ISRG,MCHP,0.4986743759201572,Medical Instruments & Supplies,Semiconductors,False,Medical Instruments & Supplies | Semiconductors,14,0.44608982499047123,0.06045782891938695,0.8697723995315967
INTU,MRVL,0.49406551661284864,Software - Application,Semiconductors,False,Semiconductors | Software - Application,154,0.4171952075502096,0.08930751032179002,0.8607373420853671
ADBE,QCOM,0.4936859042171046,Software - Application,Semiconductors,False,Semiconductors | Software - Application,154,0.4171952075502096,0.08930751032179002,0.8564867208959933
ADP,COST,0.4519991351553735,Software - Application,Discount Stores,False,Discount Stores | Software - Application,11,0.37747954425641467,0.08713838237589151,0.8551867600376304
BKNG,PAYX,0.45025436535504404,Travel Services,Software - Application,False,Software - Application | Travel Services,22,0.39549019557463,0.06414283424811372,0.8537846888489266
COST,PAYX,0.45140607179930703,Discount Stores,Software - Application,False,Discount Stores | Software - Application,11,0.37747954425641467,0.08713838237589151,0.8483807654816592
ADBE,COST,0.45137296613775735,Software - Application,Discount Stores,False,Discount Stores | Software - Application,11,0.37747954425641467,0.08713838237589151,0.8480008449386444
ADBE,MELI,0.4734740947730984,Software - Application,Internet Retail,False,Internet Retail | Software - Application,44,0.37550451491015674,0.11614731135822978,0.8434941688902028
GOOGL,QCOM,0.48737498110143807,Internet Content & Information,Semiconductors,False,Internet Content & Information | Semiconductors,28,0.4414689764224611,0.05461482573337097,0.8405410813373212
IDXX,MCHP,0.43564500670149453,Diagnostics & Research,Semiconductors,False,Diagnostics & Research | Semiconductors,14,0.38668366098240065,0.05851287021251985,0.8367619899906696
FAST,MCHP,0.43193161600117647,Industrial Distribution,Semiconductors,False,Industrial Distribution | Semiconductors,14,0.3669174309104553,0.0777793667958662,0.8358795882377448
CRWD,DASH,0.4875837295920226,Software - Infrastructure,Internet Retail,False,Internet Retail | Software - Infrastructure,32,0.40103530156388406,0.10362533079764688,0.8352053244311949
AMD,AMZN,0.43979541602361694,Semiconductors,Internet Retail,False,Internet Retail | Semiconductors,56,0.3702391232626861,0.08334665923608507,0.8345420608150341
DASH,PLTR,0.4873775354810514,Internet Retail,Software - Infrastructure,False,Internet Retail | Software - Infrastructure,32,0.40103530156388406,0.10362533079764688,0.8332155203033426
AMD,DASH,0.4387989707524413,Semiconductors,Internet Retail,False,Internet Retail | Semiconductors,56,0.3702391232626861,0.08334665923608507,0.8225866293639289
HON,NXPI,0.4807179416635727,Conglomerates,Semiconductors,False,Conglomerates | Semiconductors,14,0.41108724377867284,0.08515022033845984,0.8177394915494975
ADSK,DASH,0.4703945914964898,Software - Application,Internet Retail,False,Internet Retail | Software - Application,44,0.37550451491015674,0.11614731135822978,0.8169803973650873
ABNB,NXPI,0.4558137907542331,Travel Services,Semiconductors,False,Semiconductors | Travel Services,28,0.4139912451614435,0.0513204791551286,0.8149289773069119
CTAS,SNPS,0.4558147078988138,Specialty Business Services,Software - Infrastructure,False,Software - Infrastructure | Specialty Business Services,16,0.3774182547328253,0.09633352011884683,0.8138024341814837
ADSK,CSGP,0.4956910729623353,Software - Application,Real Estate Services,False,Real Estate Services | Software - Application,11,0.4405009535366442,0.06787853059000569,0.8130718055617009
CDNS,MELI,0.4695300636730618,Software - Application,Internet Retail,False,Internet Retail | Software - Application,44,0.37550451491015674,0.11614731135822978,0.8095370238309246
AMD,CDNS,0.48910356452497616,Semiconductors,Software - Application,False,Semiconductors | Software - Application,154,0.4171952075502096,0.08930751032179002,0.8051770418374515
NVDA,TSLA,0.42193805574264825,Semiconductors,Auto Manufacturers,False,Auto Manufacturers | Semiconductors,14,0.39211346120652546,0.03717574450493736,0.8022595090775317
CSGP,MCHP,0.43151140093570656,Real Estate Services,Semiconductors,False,Real Estate Services | Semiconductors,14,0.3745799329976916,0.07099616327658635,0.8018949941875274
BKNG,KLAC,0.46063138985915886,Travel Services,Semiconductor Equipment & Materials,False,Semiconductor Equipment & Materials | Travel Services,8,0.43764243027623373,0.028867485686464182,0.7963616863835333
ABNB,INTU,0.446478463471449,Travel Services,Software - Application,False,Software - Application | Travel Services,22,0.39549019557463,0.06414283424811372,0.7949176006097426
AVGO,INTU,0.48811122047099115,Semiconductors,Software - Application,False,Semiconductors | Software - Application,154,0.4171952075502096,0.08930751032179002,0.794065500933339
CPRT,MELI,0.4139228316652254,Specialty Business Services,Internet Retail,False,Internet Retail | Specialty Business Services,8,0.33057071864708765,0.10503360306501401,0.7935756804090995
DASH,INTU,0.4673989081192788,Internet Retail,Software - Application,False,Internet Retail | Software - Application,44,0.37550451491015674,0.11614731135822978,0.7911882947138988
ADI,ODFL,0.4666907226431908,Semiconductors,Trucking,False,Semiconductors | Trucking,14,0.41347978205775104,0.06783829814661756,0.7843790607841605
HON,ON,0.4777785828284704,Conglomerates,Semiconductors,False,Conglomerates | Semiconductors,14,0.41108724377867284,0.08515022033845984,0.7832198059465861
CPRT,TXN,0.4699174184880804,Specialty Business Services,Semiconductors,False,Semiconductors | Specialty Business Services,28,0.4142784860155668,0.07168766826960327,0.776129755863539
TTD,ZS,0.4460200898216753,Advertising Agencies,Software - Infrastructure,False,Advertising Agencies | Software - Infrastructure,16,0.4123923240237502,0.04339673942878491,0.7748915296530299
SNPS,VRSK,0.4202975587889117,Software - Infrastructure,Consulting Services,False,Consulting Services | Software - Infrastructure,8,0.3327535064564279,0.1136755981632055,0.7701217653308113
ADSK,MRVL,0.4857775605858115,Software - Application,Semiconductors,False,Semiconductors | Software - Application,154,0.4171952075502096,0.08930751032179002,0.7679348891094165
DASH,NFLX,0.4058262674667704,Internet Retail,Entertainment,False,Entertainment | Internet Retail,8,0.305655546976939,0.13047257083426508,0.7677530982130715
IDXX,NVDA,0.4315628130696828,Diagnostics & Research,Semiconductors,False,Diagnostics & Research | Semiconductors,14,0.38668366098240065,0.05851287021251985,0.7669962509834201
ADSK,APP,0.428528540773645,Software - Application,Advertising Agencies,False,Advertising Agencies | Software - Application,22,0.36990206666965997,0.07678987622499317,0.7634661883320446
NXPI,TSLA,0.4204505268571381,Semiconductors,Auto Manufacturers,False,Auto Manufacturers | Semiconductors,14,0.39211346120652546,0.03717574450493736,0.7622460835141884
CTAS,NXPI,0.4689055369395949,Specialty Business Services,Semiconductors,False,Semiconductors | Specialty Business Services,28,0.4142784860155668,0.07168766826960327,0.7620146148231026
CTAS,MNST,0.41832934792022136,Specialty Business Services,Beverages - Non-Alcoholic,False,Beverages - Non-Alcoholic | Specialty Business Services,8,0.3714377967072513,0.06158648284332232,0.7613935566390995
AMD,SNPS,0.46321833704567417,Semiconductors,Software - Infrastructure,False,Semiconductors | Software - Infrastructure,112,0.4023716807220102,0.08039051664859634,0.7568884846161317
ADP,BKNG,0.4440351325245112,Software - Application,Travel Services,False,Software - Application | Travel Services,22,0.39549019557463,0.06414283424811372,0.7568255677961221
INTC,SNPS,0.4626350399823222,Semiconductors,Software - Infrastructure,False,Semiconductors | Software - Infrastructure,112,0.4023716807220102,0.08039051664859634,0.7496326901808044
CSX,NXPI,0.44829381332569523,Railroads,Semiconductors,False,Railroads | Semiconductors,14,0.3843975354628289,0.08531301082435322,0.7489628750111663
INTU,ROST,0.4125567606823628,Software - Application,Apparel Retail,False,Apparel Retail | Software - Application,22,0.36245141457042307,0.06807433218434474,0.736038746237787
CDW,FTNT,0.42178260136638995,Information Technology Services,Software - Infrastructure,False,Information Technology Services | Software - Infrastructure,16,0.35765638796615556,0.08728674484179658,0.7346615286944238
ON,SBUX,0.4372021324194255,Semiconductors,Restaurants,False,Restaurants | Semiconductors,14,0.3844762221139626,0.07211364448541938,0.7311502654136909
AMAT,TTD,0.4126267733135789,Semiconductor Equipment & Materials,Advertising Agencies,False,Advertising Agencies | Semiconductor Equipment & Materials,8,0.40419956931779916,0.011570850054542673,0.7283133007562604
DDOG,MELI,0.45982027685741894,Software - Application,Internet Retail,False,Internet Retail | Software - Application,44,0.37550451491015674,0.11614731135822978,0.7259381294433028
INTU,ON,0.4819177696218775,Software - Application,Semiconductors,False,Semiconductors | Software - Application,154,0.4171952075502096,0.08930751032179002,0.7247157807720938
FAST,NXPI,0.42326703758080697,Industrial Distribution,Semiconductors,False,Industrial Distribution | Semiconductors,14,0.3669174309104553,0.0777793667958662,0.7244801416067393
AMZN,ON,0.4302798228328958,Internet Retail,Semiconductors,False,Internet Retail | Semiconductors,56,0.3702391232626861,0.08334665923608507,0.72037319936412
APP,CRWD,0.443565870598606,Advertising Agencies,Software - Infrastructure,False,Advertising Agencies | Software - Infrastructure,16,0.4123923240237502,0.04339673942878491,0.7183384508878222
CTAS,ON,0.4650516713086725,Specialty Business Services,Semiconductors,False,Semiconductors | Specialty Business Services,28,0.4142784860155668,0.07168766826960327,0.7082554994278466
ABNB,AMZN,0.4647197538768338,Travel Services,Internet Retail,False,Internet Retail | Travel Services,8,0.39540532453614163,0.09793038318035956,0.7077928941933673
MSFT,TTD,0.4429460390757164,Software - Infrastructure,Advertising Agencies,False,Advertising Agencies | Software - Infrastructure,16,0.4123923240237502,0.04339673942878491,0.7040555455117906
DASH,NXPI,0.4288836837089207,Internet Retail,Semiconductors,False,Internet Retail | Semiconductors,56,0.3702391232626861,0.08334665923608507,0.7036222085413156
CDNS,COST,0.43871375224793685,Software - Application,Discount Stores,False,Discount Stores | Software - Application,11,0.37747954425641467,0.08713838237589151,0.7027237174012975
MDB,NVDA,0.4585348399412198,Software - Infrastructure,Semiconductors,False,Semiconductors | Software - Infrastructure,112,0.4023716807220102,0.08039051664859634,0.6986291612567992
ADI,PAYX,0.4795407329381897,Semiconductors,Software - Application,False,Semiconductors | Software - Application,154,0.4171952075502096,0.08930751032179002,0.6980994673722138
ADSK,ODFL,0.46152945682219043,Software - Application,Trucking,False,Software - Application | Trucking,11,0.4026422298388547,0.08452440742846251,0.6966890248023931
ABNB,MCHP,0.44954703583662964,Travel Services,Semiconductors,False,Semiconductors | Travel Services,28,0.4139912451614435,0.0513204791551286,0.6928187589151332
GFS,MSFT,0.45772293390249885,Semiconductors,Software - Infrastructure,False,Semiconductors | Software - Infrastructure,112,0.4023716807220102,0.08039051664859634,0.6885296361813484
AMZN,NXPI,0.4274652178330229,Internet Retail,Semiconductors,False,Internet Retail | Semiconductors,56,0.3702391232626861,0.08334665923608507,0.6866033395320619
AMZN,APP,0.4447559912563193,Internet Retail,Advertising Agencies,False,Advertising Agencies | Internet Retail,8,0.3842088408203055,0.08826874279298925,0.6859410083364503
ABNB,MSFT,0.41330110531860637,Travel Services,Software - Infrastructure,False,Software - Infrastructure | Travel Services,16,0.3683653213610446,0.06599088136237334,0.680939290851527
AMZN,CRWD,0.471592382186884,Internet Retail,Software - Infrastructure,False,Internet Retail | Software - Infrastructure,32,0.40103530156388406,0.10362533079764688,0.6808864211085551
AMZN,TTD,0.44425929939101133,Internet Retail,Advertising Agencies,False,Advertising Agencies | Internet Retail,8,0.3842088408203055,0.08826874279298925,0.6803139669898567
ADI,TSLA,0.41717554124246553,Semiconductors,Auto Manufacturers,False,Auto Manufacturers | Semiconductors,14,0.39211346120652546,0.03717574450493736,0.6741513954780796
CPRT,ON,0.4623471546575667,Specialty Business Services,Semiconductors,False,Semiconductors | Specialty Business Services,28,0.4142784860155668,0.07168766826960327,0.6705291133368021
ABNB,CRWD,0.41245071698864905,Travel Services,Software - Infrastructure,False,Software - Infrastructure | Travel Services,16,0.3683653213610446,0.06599088136237334,0.6680528387781322
CDNS,GFS,0.47659591536493157,Software - Application,Semiconductors,False,Semiconductors | Software - Application,154,0.4171952075502096,0.08930751032179002,0.6651255599970393
ABNB,NVDA,0.4480620916744984,Travel Services,Semiconductors,False,Semiconductors | Travel Services,28,0.4139912451614435,0.0513204791551286,0.6638840298054802
ADSK,MU,0.47619507401685823,Software - Application,Semiconductors,False,Semiconductors | Software - Application,154,0.4171952075502096,0.08930751032179002,0.6606372325693791
CSGP,NXPI,0.4214157378505088,Real Estate Services,Semiconductors,False,Real Estate Services | Semiconductors,14,0.3745799329976916,0.07099616327658635,0.6596948721067445
ADSK,LULU,0.40719796267876485,Software - Application,Apparel Retail,False,Apparel Retail | Software - Application,22,0.36245141457042307,0.06807433218434474,0.6573189434626915
NVDA,ZS,0.4548460211344317,Semiconductors,Software - Infrastructure,False,Semiconductors | Software - Infrastructure,112,0.4023716807220102,0.08039051664859634,0.652742917946376
INTU,MAR,0.41537265274762997,Software - Application,Lodging,False,Lodging | Software - Application,11,0.3666784289572211,0.07464138754788484,0.6523756509640176
GFS,ODFL,0.4573556467805098,Semiconductors,Trucking,False,Semiconductors | Trucking,14,0.41347978205775104,0.06783829814661756,0.6467713064960843
MELI,WDAY,0.4505091595125364,Internet Retail,Software - Application,False,Internet Retail | Software - Application,44,0.37550451491015674,0.11614731135822978,0.6457716818863332
ADBE,AVGO,0.47484592363930617,Software - Application,Semiconductors,False,Semiconductors | Software - Application,154,0.4171952075502096,0.08930751032179002,0.6455304361455303
CSCO,SNPS,0.4274668713504017,Communication Equipment,Software - Infrastructure,False,Communication Equipment | Software - Infrastructure,8,0.3588439967883571,0.10955256415861538,0.6263922263169408
CDNS,LULU,0.4049958214237786,Software - Application,Apparel Retail,False,Apparel Retail | Software - Application,22,0.36245141457042307,0.06807433218434474,0.6249698746679677
DASH,MRVL,0.4220968213133907,Internet Retail,Semiconductors,False,Internet Retail | Semiconductors,56,0.3702391232626861,0.08334665923608507,0.6221928812265188
INTU,ODFL,0.45507784950850433,Software - Application,Trucking,False,Software - Application | Trucking,11,0.4026422298388547,0.08452440742846251,0.6203606894733766
LIN,NXPI,0.4492792986041053,Specialty Chemicals,Semiconductors,False,Semiconductors | Specialty Chemicals,14,0.3985133553154358,0.08228560127558586,0.6169480747749214
IDXX,NXPI,0.42266483466878335,Diagnostics & Research,Semiconductors,False,Diagnostics & Research | Semiconductors,14,0.38668366098240065,0.05851287021251985,0.6149275117713147
MCHP,TSLA,0.41465420127193126,Semiconductors,Auto Manufacturers,False,Auto Manufacturers | Semiconductors,14,0.39211346120652546,0.03717574450493736,0.6063292172242073
DDOG,NVDA,0.47115982299163495,Software - Application,Semiconductors,False,Semiconductors | Software - Application,154,0.4171952075502096,0.08930751032179002,0.604256184580465
BKNG,SNPS,0.4081815659697486,Travel Services,Software - Infrastructure,False,Software - Infrastructure | Travel Services,16,0.3683653213610446,0.06599088136237334,0.6033597943640496
ADSK,IDXX,0.48350853769690016,Software - Application,Diagnostics & Research,False,Diagnostics & Research | Software - Application,11,0.43720399286196565,0.07687937576977627,0.6023012592297647
ADBE,NXPI,0.47074945264203094,Software - Application,Semiconductors,False,Semiconductors | Software - Application,154,0.4171952075502096,0.08930751032179002,0.5996611583824961
GOOGL,MRVL,0.47402140755535715,Internet Content & Information,Semiconductors,False,Internet Content & Information | Semiconductors,28,0.4414689764224611,0.05461482573337097,0.5960365284660382
APP,DASH,0.43666887293901346,Advertising Agencies,Internet Retail,False,Advertising Agencies | Internet Retail,8,0.3842088408203055,0.08826874279298925,0.5943217322324276
ASML,MELI,0.45795665821162523,Semiconductor Equipment & Materials,Internet Retail,False,Internet Retail | Semiconductor Equipment & Materials,16,0.41496837658240493,0.07239378144168498,0.5938117994823692
ROP,ROST,0.4028019294937318,Software - Application,Apparel Retail,False,Apparel Retail | Software - Application,22,0.36245141457042307,0.06807433218434474,0.592741987009727
MCHP,PAYX,0.47002984266538334,Semiconductors,Software - Application,False,Semiconductors | Software - Application,154,0.4171952075502096,0.08930751032179002,0.5916034936457374
AMD,MSFT,0.4495294848264864,Semiconductors,Software - Infrastructure,False,Semiconductors | Software - Infrastructure,112,0.4023716807220102,0.08039051664859634,0.5866090438330281
ADP,ODFL,0.4521605885054754,Software - Application,Trucking,False,Software - Application | Trucking,11,0.4026422298388547,0.08452440742846251,0.585846859778706
CDNS,INTC,0.4694008673849713,Software - Application,Semiconductors,False,Semiconductors | Software - Application,154,0.4171952075502096,0.08930751032179002,0.5845606897634462
ADI,WDAY,0.46899772262962414,Semiconductors,Software - Application,False,Semiconductors | Software - Application,154,0.4171952075502096,0.08930751032179002,0.5800465704705162
ARM,CDNS,0.4688080854108296,Semiconductors,Software - Application,False,Semiconductors | Software - Application,154,0.4171952075502096,0.08930751032179002,0.5779231519796046
COST,ROP,0.4277998216582741,Discount Stores,Software - Application,False,Discount Stores | Software - Application,11,0.37747954425641467,0.08713838237589151,0.5774754594914482
CSCO,FTNT,0.42163484166612586,Communication Equipment,Software - Infrastructure,False,Communication Equipment | Software - Infrastructure,8,0.3588439967883571,0.10955256415861538,0.573157236072149
ADI,MELI,0.41790496537063915,Semiconductors,Internet Retail,False,Internet Retail | Semiconductors,56,0.3702391232626861,0.08334665923608507,0.571898652505511
FTNT,NVDA,0.4483084356879076,Software - Infrastructure,Semiconductors,False,Semiconductors | Software - Infrastructure,112,0.4023716807220102,0.08039051664859634,0.5714200739211137
GFS,MAR,0.45456858409888923,Semiconductors,Lodging,False,Lodging | Semiconductors,14,0.4130677668597299,0.0733087350022406,0.5661101264111419
CDNS,ODFL,0.4502038658434943,Software - Application,Trucking,False,Software - Application | Trucking,11,0.4026422298388547,0.08452440742846251,0.5626970652813333
ADI,FTNT,0.44741845378875217,Semiconductors,Software - Infrastructure,False,Semiconductors | Software - Infrastructure,112,0.4023716807220102,0.08039051664859634,0.5603493414982117
AMZN,MU,0.4169179758542537,Internet Retail,Semiconductors,False,Internet Retail | Semiconductors,56,0.3702391232626861,0.08334665923608507,0.5600566719698579
ISRG,NXPI,0.47991858202354576,Medical Instruments & Supplies,Semiconductors,False,Medical Instruments & Supplies | Semiconductors,14,0.44608982499047123,0.06045782891938695,0.5595430341731424
APP,ZS,0.43656709436288915,Advertising Agencies,Software - Infrastructure,False,Advertising Agencies | Software - Infrastructure,16,0.4123923240237502,0.04339673942878491,0.5570642093701609
SNPS,TTD,0.43643151698389143,Software - Infrastructure,Advertising Agencies,False,Advertising Agencies | Software - Infrastructure,16,0.4123923240237502,0.04339673942878491,0.5539400719169265
GILD,REGN,0.4176747671008181,Drug Manufacturers - General,Biotechnology,False,Biotechnology | Drug Manufacturers - General,8,0.38589799308521006,0.05742353573776834,0.5533754340854347
CTAS,LRCX,0.48729401683368245,Specialty Business Services,Semiconductor Equipment & Materials,False,Semiconductor Equipment & Materials | Specialty Business Services,8,0.47960460960720336,0.013965092613431795,0.5506162715371704
APP,DDOG,0.4116537999065902,Advertising Agencies,Software - Application,False,Advertising Agencies | Software - Application,22,0.36990206666965997,0.07678987622499317,0.5437140322325598
MAR,ROP,0.40714063523239163,Lodging,Software - Application,False,Lodging | Software - Application,11,0.3666784289572211,0.07464138754788484,0.5420880774652368
CPRT,FTNT,0.429391563830116,Specialty Business Services,Software - Infrastructure,False,Software - Infrastructure | Specialty Business Services,16,0.3774182547328253,0.09633352011884683,0.5395142732578561
NVDA,PLTR,0.44534800388496204,Semiconductors,Software - Infrastructure,False,Semiconductors | Software - Infrastructure,112,0.4023716807220102,0.08039051664859634,0.5345944391775749
ADBE,ON,0.4646276886907802,Software - Application,Semiconductors,False,Semiconductors | Software - Application,154,0.4171952075502096,0.08930751032179002,0.531114135526378
ADI,DASH,0.41440372905540396,Semiconductors,Internet Retail,False,Internet Retail | Semiconductors,56,0.3702391232626861,0.08334665923608507,0.5298905342758684
FAST,INTU,0.4603843539823204,Industrial Distribution,Software - Application,False,Industrial Distribution | Software - Application,11,0.39665884152833547,0.12131974637681146,0.5252690873261269
ABNB,TEAM,0.42896988142511994,Travel Services,Software - Application,False,Software - Application | Travel Services,22,0.39549019557463,0.06414283424811372,0.5219551995626774
CSX,ON,0.42883787097973747,Railroads,Semiconductors,False,Railroads | Semiconductors,14,0.3843975354628289,0.08531301082435322,0.520909238667061
NVDA,WDAY,0.4637085544180241,Semiconductors,Software - Application,False,Semiconductors | Software - Application,154,0.4171952075502096,0.08930751032179002,0.5208223440584008
CDNS,META,0.48876806844377324,Software - Application,Internet Content & Information,False,Internet Content & Information | Software - Application,22,0.44486214300582,0.08444614561440301,0.5199281165351934
DASH,MDB,0.45491192090393867,Internet Retail,Software - Infrastructure,False,Internet Retail | Software - Infrastructure,32,0.40103530156388406,0.10362533079764688,0.519917465404878
ABNB,MELI,0.4462199170870668,Travel Services,Internet Retail,False,Internet Retail | Travel Services,8,0.39540532453614163,0.09793038318035956,0.5188848537163318
KLAC,TTD,0.41015802678354274,Semiconductor Equipment & Materials,Advertising Agencies,False,Advertising Agencies | Semiconductor Equipment & Materials,8,0.40419956931779916,0.011570850054542673,0.5149541682466375
DASH,DDOG,0.4350455642264202,Internet Retail,Software - Application,False,Internet Retail | Software - Application,44,0.37550451491015674,0.11614731135822978,0.5126339010347191
AVGO,TSLA,0.4109613038972997,Semiconductors,Auto Manufacturers,False,Auto Manufacturers | Semiconductors,14,0.39211346120652546,0.03717574450493736,0.5069930122924912
CRWD,MELI,0.45241710396506857,Software - Infrastructure,Internet Retail,False,Internet Retail | Software - Infrastructure,32,0.40103530156388406,0.10362533079764688,0.4958421073851113
MCHP,MELI,0.4114381276049071,Semiconductors,Internet Retail,False,Internet Retail | Semiconductors,56,0.3702391232626861,0.08334665923608507,0.4943090067416144
CDNS,CDW,0.49167635252413444,Software - Application,Information Technology Services,False,Information Technology Services | Software - Application,22,0.4435609827687388,0.09780242809593596,0.4919649817711941
ADP,MCHP,0.46042376864887213,Software - Application,Semiconductors,False,Semiconductors | Software - Application,154,0.4171952075502096,0.08930751032179002,0.48404172216762875
ODFL,ON,0.4462780695225519,Trucking,Semiconductors,False,Semiconductors | Trucking,14,0.41347978205775104,0.06783829814661756,0.4834774509512984
CSGP,ROP,0.4732559912047504,Real Estate Services,Software - Application,False,Real Estate Services | Software - Application,11,0.4405009535366442,0.06787853059000569,0.48255372329655316
META,SNPS,0.47748627287777917,Internet Content & Information,Software - Infrastructure,False,Internet Content & Information | Software - Infrastructure,16,0.4288852165405605,0.10141277106130255,0.47923999934722267
ADSK,PCAR,0.40020715605050505,Software - Application,Farm & Heavy Construction Machinery,False,Farm & Heavy Construction Machinery | Software - Application,11,0.34398645207318135,0.11760675414444358,0.47803975533814946
NXPI,PYPL,0.46329864074133015,Semiconductors,Credit Services,False,Credit Services | Semiconductors,14,0.4273311814589394,0.07559182617748725,0.4758114878444699
MELI,TXN,0.4098233396711876,Internet Retail,Semiconductors,False,Internet Retail | Semiconductors,56,0.3702391232626861,0.08334665923608507,0.47493464970655314
ABNB,GFS,0.4383393818750308,Travel Services,Semiconductors,False,Semiconductors | Travel Services,28,0.4139912451614435,0.0513204791551286,0.47443315250407486
ADBE,IDXX,0.4733007788706838,Software - Application,Diagnostics & Research,False,Diagnostics & Research | Software - Application,11,0.43720399286196565,0.07687937576977627,0.46952496228395396
AMZN,INTC,0.40930130063787995,Internet Retail,Semiconductors,False,Internet Retail | Semiconductors,56,0.3702391232626861,0.08334665923608507,0.4686711829030553
NVDA,PYPL,0.46213640788313554,Semiconductors,Credit Services,False,Credit Services | Semiconductors,14,0.4273311814589394,0.07559182617748725,0.46043637499211304
MCHP,ROP,0.45734262965242584,Semiconductors,Software - Application,False,Semiconductors | Software - Application,154,0.4171952075502096,0.08930751032179002,0.44954138747747296
INTU,MU,0.45733067200850724,Software - Application,Semiconductors,False,Semiconductors | Software - Application,154,0.4171952075502096,0.08930751032179002,0.44940749455093737
ADSK,LIN,0.4844826784769348,Software - Application,Specialty Chemicals,False,Software - Application | Specialty Chemicals,11,0.4297054203134951,0.12582570579829272,0.435342347701601
MELI,ON,0.40647802124470855,Internet Retail,Semiconductors,False,Internet Retail | Semiconductors,56,0.3702391232626861,0.08334665923608507,0.43479724699430744
MELI,TTD,0.422509740865954,Internet Retail,Advertising Agencies,False,Advertising Agencies | Internet Retail,8,0.3842088408203055,0.08826874279298925,0.4339123775159349
ADBE,MRVL,0.4556672417337433,Software - Application,Semiconductors,False,Semiconductors | Software - Application,154,0.4171952075502096,0.08930751032179002,0.43078162233962686
CSX,INTU,0.43455264152477724,Railroads,Software - Application,False,Railroads | Software - Application,11,0.383893616294479,0.11771617313796687,0.43034889667135506
ON,WDAY,0.4555336616982629,Semiconductors,Software - Application,False,Semiconductors | Software - Application,154,0.4171952075502096,0.08930751032179002,0.42928589107358833
MAR,TXN,0.4444121081756821,Lodging,Semiconductors,False,Lodging | Semiconductors,14,0.4130677668597299,0.0733087350022406,0.42756625544001275
INTU,ZS,0.49680054186518957,Software - Application,Software - Infrastructure,False,Software - Application | Software - Infrastructure,88,0.44604471826504427,0.11960087660893035,0.42437668551632896
ASML,DASH,0.44537324704216996,Semiconductor Equipment & Materials,Internet Retail,False,Internet Retail | Semiconductor Equipment & Materials,16,0.41496837658240493,0.07239378144168498,0.419992848201429
ADBE,CSCO,0.48153738716912353,Software - Application,Communication Equipment,False,Communication Equipment | Software - Application,11,0.4294731321474776,0.12469280075159163,0.4175401844198398
MELI,SNPS,0.4439743211717099,Internet Retail,Software - Infrastructure,False,Internet Retail | Software - Infrastructure,32,0.40103530156388406,0.10362533079764688,0.41436798587089163
ADSK,CTSH,0.48380533364986833,Software - Application,Information Technology Services,False,Information Technology Services | Software - Application,22,0.4435609827687388,0.09780242809593596,0.4114862142446322
APP,INTU,0.4012327535590301,Advertising Agencies,Software - Application,False,Advertising Agencies | Software - Application,22,0.36990206666965997,0.07678987622499317,0.4080054354765685
AVGO,CSCO,0.4669206099277026,Semiconductors,Communication Equipment,False,Communication Equipment | Semiconductors,14,0.4400063908579641,0.06616208379898228,0.4067921916049523
CRWD,MRVL,0.43497872053341974,Software - Infrastructure,Semiconductors,False,Semiconductors | Software - Infrastructure,112,0.4023716807220102,0.08039051664859634,0.4056080389922322
ADBE,CSGP,0.46783368130712893,Software - Application,Real Estate Services,False,Real Estate Services | Software - Application,11,0.4405009535366442,0.06787853059000569,0.4026711764810824
ROP,SBUX,0.42683121523754625,Software - Application,Restaurants,False,Restaurants | Software - Application,11,0.394990718182826,0.07951704151048114,0.4004235626714477
MCHP,WDAY,0.4528340721899007,Semiconductors,Software - Application,False,Semiconductors | Software - Application,154,0.4171952075502096,0.08930751032179002,0.39905786771211327
GOOGL,ON,0.4631506758252933,Internet Content & Information,Semiconductors,False,Internet Content & Information | Semiconductors,28,0.4414689764224611,0.05461482573337097,0.39699292475420594
ABNB,ON,0.43433917543313144,Travel Services,Semiconductors,False,Semiconductors | Travel Services,28,0.4139912451614435,0.0513204791551286,0.3964875349308686
DASH,MCHP,0.4032049624580794,Internet Retail,Semiconductors,False,Internet Retail | Semiconductors,56,0.3702391232626861,0.08334665923608507,0.3955268213212401
DDOG,MSFT,0.4932450654170705,Software - Application,Software - Infrastructure,False,Software - Application | Software - Infrastructure,88,0.44604471826504427,0.11960087660893035,0.39464883945927454
ADSK,CSCO,0.4785481437338498,Software - Application,Communication Equipment,False,Communication Equipment | Software - Application,11,0.4294731321474776,0.12469280075159163,0.39356732137356987
GFS,SNPS,0.43386218831188644,Semiconductors,Software - Infrastructure,False,Semiconductors | Software - Infrastructure,112,0.4023716807220102,0.08039051664859634,0.39171918408644907
CDNS,DASH,0.4209492980706775,Software - Application,Internet Retail,False,Internet Retail | Software - Application,44,0.37550451491015674,0.11614731135822978,0.39126849023957794
DASH,ON,0.4024474335638807,Internet Retail,Semiconductors,False,Internet Retail | Semiconductors,56,0.3702391232626861,0.08334665923608507,0.3864379280033572
CSGP,ON,0.4019768139598476,Real Estate Services,Semiconductors,False,Real Estate Services | Semiconductors,14,0.3745799329976916,0.07099616327658635,0.3858924158397603
ADSK,SBUX,0.42474516494734427,Software - Application,Restaurants,False,Restaurants | Software - Application,11,0.394990718182826,0.07951704151048114,0.37418955986430075
CDNS,FTNT,0.49073505201800716,Software - Application,Software - Infrastructure,False,Software - Application | Software - Infrastructure,88,0.44604471826504427,0.11960087660893035,0.3736622591746619
CPRT,NVDA,0.4410353599567557,Specialty Business Services,Semiconductors,False,Semiconductors | Specialty Business Services,28,0.4142784860155668,0.07168766826960327,0.37324235237449077
TXN,WDAY,0.450463594615881,Semiconductors,Software - Application,False,Semiconductors | Software - Application,154,0.4171952075502096,0.08930751032179002,0.372514998411665
CDNS,MDB,0.4902298790062027,Software - Application,Software - Infrastructure,False,Software - Application | Software - Infrastructure,88,0.44604471826504427,0.11960087660893035,0.3694384355194534
DASH,TEAM,0.4183810586357396,Internet Retail,Software - Application,False,Internet Retail | Software - Application,44,0.37550451491015674,0.11614731135822978,0.36915657559510767
ADBE,ODFL,0.4337198622211767,Software - Application,Trucking,False,Software - Application | Trucking,11,0.4026422298388547,0.08452440742846251,0.3676764301320257
CDW,ROP,0.47943441806078346,Information Technology Services,Software - Application,False,Information Technology Services | Software - Application,22,0.4435609827687388,0.09780242809593596,0.36679493536557034
MELI,TEAM,0.4178342512687929,Internet Retail,Software - Application,False,Internet Retail | Software - Application,44,0.37550451491015674,0.11614731135822978,0.3644486976377766
HON,INTU,0.47531506683708935,Conglomerates,Software - Application,False,Conglomerates | Software - Application,11,0.41998057111576675,0.15349082642819556,0.36050685900247326
FTNT,PYPL,0.4735440207855916,Software - Infrastructure,Credit Services,False,Credit Services | Software - Infrastructure,8,0.4521045926374104,0.05972049820054036,0.35899613690743193
ADP,NXPI,0.4488936160388612,Software - Application,Semiconductors,False,Semiconductors | Software - Application,154,0.4171952075502096,0.08930751032179002,0.35493552977164927
CDNS,ZS,0.4881916047361205,Software - Application,Software - Infrastructure,False,Software - Application | Software - Infrastructure,88,0.44604471826504427,0.11960087660893035,0.35239613342373455
MRVL,PYPL,0.4539473881291021,Semiconductors,Credit Services,False,Credit Services | Semiconductors,14,0.4273311814589394,0.07559182617748725,0.3521042950817025
GOOGL,WDAY,0.47451549933439824,Internet Content & Information,Software - Application,False,Internet Content & Information | Software - Application,22,0.44486214300582,0.08444614561440301,0.351151092957884
MDB,MELI,0.4371730278685543,Software - Infrastructure,Internet Retail,False,Internet Retail | Software - Infrastructure,32,0.40103530156388406,0.10362533079764688,0.3487344843823729
DASH,WDAY,0.4157547466262432,Internet Retail,Software - Application,False,Internet Retail | Software - Application,44,0.37550451491015674,0.11614731135822978,0.3465446702588217
ADSK,GFS,0.4479889099870213,Software - Application,Semiconductors,False,Semiconductors | Software - Application,154,0.4171952075502096,0.08930751032179002,0.3448052949394376
LIN,QCOM,0.42643022732412567,Specialty Chemicals,Semiconductors,False,Semiconductors | Specialty Chemicals,14,0.3985133553154358,0.08228560127558586,0.3392680077185363
FTNT,ISRG,0.46821715029675676,Software - Infrastructure,Medical Instruments & Supplies,False,Medical Instruments & Supplies | Software - Infrastructure,8,0.4394648909972784,0.08491416996353794,0.338603784407532
GILD,VRTX,0.4053168195519434,Drug Manufacturers - General,Biotechnology,False,Biotechnology | Drug Manufacturers - General,8,0.38589799308521006,0.05742353573776834,0.3381684220109989
BKNG,CDNS,0.41705593328221185,Travel Services,Software - Application,False,Software - Application | Travel Services,22,0.39549019557463,0.06414283424811372,0.33621429362105326
ADSK,META,0.4731795023264623,Software - Application,Internet Content & Information,False,Internet Content & Information | Software - Application,22,0.44486214300582,0.08444614561440301,0.335330394473475
GOOGL,MU,0.45958319178841106,Internet Content & Information,Semiconductors,False,Internet Content & Information | Semiconductors,28,0.4414689764224611,0.05461482573337097,0.33167212607037144
FTNT,WDAY,0.48569707782755145,Software - Infrastructure,Software - Application,False,Software - Application | Software - Infrastructure,88,0.44604471826504427,0.11960087660893035,0.33153903789653677
CDW,QCOM,0.48039260820398183,Information Technology Services,Semiconductors,False,Information Technology Services | Semiconductors,28,0.4537989250016207,0.08056319126086506,0.33009719185837966
CSGP,WDAY,0.46266284933842855,Real Estate Services,Software - Application,False,Real Estate Services | Software - Application,11,0.4405009535366442,0.06787853059000569,0.32649345248271217
WDAY,ZS,0.48486590411374225,Software - Application,Software - Infrastructure,False,Software - Application | Software - Infrastructure,88,0.44604471826504427,0.11960087660893035,0.32458947584167863
CPRT,GFS,0.43742269844476345,Specialty Business Services,Semiconductors,False,Semiconductors | Specialty Business Services,28,0.4142784860155668,0.07168766826960327,0.3228478898512332
LIN,ON,0.4250080557984804,Specialty Chemicals,Semiconductors,False,Semiconductors | Specialty Chemicals,14,0.3985133553154358,0.08228560127558586,0.3219846494687469
FTNT,MCHP,0.4281511682482855,Software - Infrastructure,Semiconductors,False,Semiconductors | Software - Infrastructure,112,0.4023716807220102,0.08039051664859634,0.3206782167971726
ADBE,CPRT,0.4965815727630107,Software - Application,Specialty Business Services,False,Software - Application | Specialty Business Services,22,0.4618053622934238,0.10938767602173549,0.31791707927570206
ROP,SNPS,0.48381268939701655,Software - Application,Software - Infrastructure,False,Software - Application | Software - Infrastructure,88,0.44604471826504427,0.11960087660893035,0.31578339726944965
MDB,MRVL,0.4277502046441454,Software - Infrastructure,Semiconductors,False,Semiconductors | Software - Infrastructure,112,0.4023716807220102,0.08039051664859634,0.3156905189833528
AVGO,ISRG,0.46517428658340365,Semiconductors,Medical Instruments & Supplies,False,Medical Instruments & Supplies | Semiconductors,14,0.44608982499047123,0.06045782891938695,0.31566567860680533
CDNS,CSGP,0.46172223600215184,Software - Application,Real Estate Services,False,Real Estate Services | Software - Application,11,0.4405009535366442,0.06787853059000569,0.3126361499144211
KLAC,MELI,0.4374377004145835,Semiconductor Equipment & Materials,Internet Retail,False,Internet Retail | Semiconductor Equipment & Materials,16,0.41496837658240493,0.07239378144168498,0.3103764354439503
AMAT,MELI,0.4373585412044186,Semiconductor Equipment & Materials,Internet Retail,False,Internet Retail | Semiconductor Equipment & Materials,16,0.41496837658240493,0.07239378144168498,0.30928298226898804
NXPI,WDAY,0.4444885708006549,Semiconductors,Software - Application,False,Semiconductors | Software - Application,154,0.4171952075502096,0.08930751032179002,0.3056110639755011
ADSK,FAST,0.4324327998092607,Software - Application,Industrial Distribution,False,Industrial Distribution | Software - Application,11,0.39665884152833547,0.12131974637681146,0.2948733355394065
ADI,META,0.45753389964861135,Semiconductors,Internet Content & Information,False,Internet Content & Information | Semiconductors,28,0.4414689764224611,0.05461482573337097,0.2941494916523046
ADSK,CSX,0.41731941391334276,Software - Application,Railroads,False,Railroads | Software - Application,11,0.383893616294479,0.11771617313796687,0.28395246573032695
ADSK,HON,0.46350962432318055,Software - Application,Conglomerates,False,Conglomerates | Software - Application,11,0.41998057111576675,0.15349082642819556,0.28359384218819805
ON,PYPL,0.44836325900343504,Semiconductors,Credit Services,False,Credit Services | Semiconductors,14,0.4273311814589394,0.07559182617748725,0.278232166201581
ADP,IDXX,0.45832451330094914,Software - Application,Diagnostics & Research,False,Diagnostics & Research | Software - Application,11,0.43720399286196565,0.07687937576977627,0.27472283987101054
CDNS,CSCO,0.4625606682730068,Software - Application,Communication Equipment,False,Communication Equipment | Software - Application,11,0.4294731321474776,0.12469280075159163,0.2653524175100127
ADBE,ZS,0.47768012060063736,Software - Application,Software - Infrastructure,False,Software - Application | Software - Infrastructure,88,0.44604471826504427,0.11960087660893035,0.26450811425934767
ABNB,MRVL,0.4275495085725597,Travel Services,Semiconductors,False,Semiconductors | Travel Services,28,0.4139912451614435,0.0513204791551286,0.2641881688230749
ODFL,QCOM,0.43113312247782853,Trucking,Semiconductors,False,Semiconductors | Trucking,14,0.41347978205775104,0.06783829814661756,0.26022675837067255
ADBE,CDW,0.46865284940161045,Software - Application,Information Technology Services,False,Information Technology Services | Software - Application,22,0.4435609827687388,0.09780242809593596,0.2565566839328227
CRWD,WDAY,0.47663364018760085,Software - Infrastructure,Software - Application,False,Software - Application | Software - Infrastructure,88,0.44604471826504427,0.11960087660893035,0.25575834216145343
ADP,GOOGL,0.46639031038675893,Software - Application,Internet Content & Information,False,Internet Content & Information | Software - Application,22,0.44486214300582,0.08444614561440301,0.25493368849823644
FTNT,TXN,0.4227270687665034,Software - Infrastructure,Semiconductors,False,Semiconductors | Software - Infrastructure,112,0.4023716807220102,0.08039051664859634,0.2532063344420443
GFS,INTU,0.439616306982215,Semiconductors,Software - Application,False,Semiconductors | Software - Application,154,0.4171952075502096,0.08930751032179002,0.25105502718884865
GOOGL,PAYX,0.4657302075070377,Internet Content & Information,Software - Application,False,Internet Content & Information | Software - Application,22,0.44486214300582,0.08444614561440301,0.24711683818590377
MELI,ZS,0.4265631543367768,Internet Retail,Software - Infrastructure,False,Internet Retail | Software - Infrastructure,32,0.40103530156388406,0.10362533079764688,0.24634761188595788
GOOGL,NXPI,0.45491290205508633,Internet Content & Information,Semiconductors,False,Internet Content & Information | Semiconductors,28,0.4414689764224611,0.05461482573337097,0.2461589037793211
ADSK,ZS,0.47534576359701275,Software - Application,Software - Infrastructure,False,Software - Application | Software - Infrastructure,88,0.44604471826504427,0.11960087660893035,0.24499022216849398
ADBE,VRSK,0.4750358325759277,Software - Application,Consulting Services,False,Consulting Services | Software - Application,11,0.44053225794076223,0.1414625075520609,0.24390614327593113
ISRG,ON,0.4608139196222713,Medical Instruments & Supplies,Semiconductors,False,Medical Instruments & Supplies | Semiconductors,14,0.44608982499047123,0.06045782891938695,0.24354322500453732
QCOM,SBUX,0.40168907302796125,Semiconductors,Restaurants,False,Restaurants | Semiconductors,14,0.3844762221139626,0.07211364448541938,0.23869062556502624
ABNB,CDNS,0.41070495051430433,Travel Services,Software - Application,False,Software - Application | Travel Services,22,0.39549019557463,0.06414283424811372,0.23720116390275914
AVGO,CDW,0.472838314833449,Semiconductors,Information Technology Services,False,Information Technology Services | Semiconductors,28,0.4537989250016207,0.08056319126086506,0.2363286450530293
SNPS,TEAM,0.47429644137569993,Software - Infrastructure,Software - Application,False,Software - Application | Software - Infrastructure,88,0.44604471826504427,0.11960087660893035,0.23621668930598927
ADBE,CTSH,0.46666250368494533,Software - Application,Information Technology Services,False,Information Technology Services | Software - Application,22,0.4435609827687388,0.09780242809593596,0.2362060059853104
AMZN,PLTR,0.4253226564010896,Internet Retail,Software - Infrastructure,False,Internet Retail | Software - Infrastructure,32,0.40103530156388406,0.10362533079764688,0.23437662056425573
ADBE,DASH,0.40212431625395495,Software - Application,Internet Retail,False,Internet Retail | Software - Application,44,0.37550451491015674,0.11614731135822978,0.2291899918517746
AMZN,BKNG,0.4177123078326791,Internet Retail,Travel Services,False,Internet Retail | Travel Services,8,0.39540532453614163,0.09793038318035956,0.22778409082148107
ADSK,AMD,0.43742591135416176,Software - Application,Semiconductors,False,Semiconductors | Software - Application,154,0.4171952075502096,0.08930751032179002,0.2265285834422828
ABNB,WDAY,0.4099244267325576,Travel Services,Software - Application,False,Software - Application | Travel Services,22,0.39549019557463,0.06414283424811372,0.22503263734954235
CTSH,NXPI,0.471739808269805,Information Technology Services,Semiconductors,False,Information Technology Services | Semiconductors,28,0.4537989250016207,0.08056319126086506,0.22269330431674894
AAPL,ROP,0.4971553067952635,Consumer Electronics,Software - Application,False,Consumer Electronics | Software - Application,11,0.4783891995682698,0.08693881980099943,0.21585417503882365
ABNB,AMD,0.4249963362984888,Travel Services,Semiconductors,False,Semiconductors | Travel Services,28,0.4139912451614435,0.0513204791551286,0.2144385890042021
CDNS,LIN,0.45660059492518945,Software - Application,Specialty Chemicals,False,Software - Application | Specialty Chemicals,11,0.4297054203134951,0.12582570579829272,0.21374944365350232
CDNS,FAST,0.4225659053778215,Software - Application,Industrial Distribution,False,Industrial Distribution | Software - Application,11,0.39665884152833547,0.12131974637681146,0.21354366970913657
PYPL,QCOM,0.44325961305583844,Credit Services,Semiconductors,False,Credit Services | Semiconductors,14,0.4273311814589394,0.07559182617748725,0.21071632215233946
INTC,INTU,0.4359928286052051,Semiconductors,Software - Application,False,Semiconductors | Software - Application,154,0.4171952075502096,0.08930751032179002,0.21048197388175413
ADBE,BKNG,0.408971369221693,Software - Application,Travel Services,False,Software - Application | Travel Services,22,0.39549019557463,0.06414283424811372,0.21017427441568776
ADP,CSGP,0.45433842572222494,Software - Application,Real Estate Services,False,Real Estate Services | Software - Application,11,0.4405009535366442,0.06787853059000569,0.20385638972005293
AMD,PLTR,0.4186668185126017,Semiconductors,Software - Infrastructure,False,Semiconductors | Software - Infrastructure,112,0.4023716807220102,0.08039051664859634,0.2026997520344462
CPRT,QCOM,0.4282349923084155,Specialty Business Services,Semiconductors,False,Semiconductors | Specialty Business Services,28,0.4142784860155668,0.07168766826960327,0.19468489671558273
AMZN,FTNT,0.42116334024275764,Internet Retail,Software - Infrastructure,False,Internet Retail | Software - Infrastructure,32,0.40103530156388406,0.10362533079764688,0.19423859517687203
GFS,ZS,0.41784880950131087,Semiconductors,Software - Infrastructure,False,Semiconductors | Software - Infrastructure,112,0.4023716807220102,0.08039051664859634,0.1925243103854455
ADBE,SBUX,0.41020192402338074,Software - Application,Restaurants,False,Restaurants | Software - Application,11,0.394990718182826,0.07951704151048114,0.1912949168078613
CDW,MU,0.46914450357893406,Information Technology Services,Semiconductors,False,Information Technology Services | Semiconductors,28,0.4537989250016207,0.08056319126086506,0.19047878239609545
ADSK,CTAS,0.48244794302443633,Software - Application,Specialty Business Services,False,Software - Application | Specialty Business Services,22,0.4618053622934238,0.10938767602173549,0.18871029609323484
AMD,CRWD,0.41747081768589883,Semiconductors,Software - Infrastructure,False,Semiconductors | Software - Infrastructure,112,0.4023716807220102,0.08039051664859634,0.18782236504201255
MCHP,META,0.4516955566885657,Semiconductors,Internet Content & Information,False,Internet Content & Information | Semiconductors,28,0.4414689764224611,0.05461482573337097,0.1872491604391578
IDXX,PAYX,0.4513258410511963,Diagnostics & Research,Software - Application,False,Diagnostics & Research | Software - Application,11,0.43720399286196565,0.07687937576977627,0.18368838258416728
ADBE,GFS,0.43343070685128354,Software - Application,Semiconductors,False,Semiconductors | Software - Application,154,0.4171952075502096,0.08930751032179002,0.18179321361187528
DDOG,MRVL,0.4333785281750991,Software - Application,Semiconductors,False,Semiconductors | Software - Application,154,0.4171952075502096,0.08930751032179002,0.18120895506523743
PANW,WDAY,0.4672319483277277,Software - Infrastructure,Software - Application,False,Software - Application | Software - Infrastructure,88,0.44604471826504427,0.11960087660893035,0.17714945461446066
DASH,MSFT,0.41927935070753225,Internet Retail,Software - Infrastructure,False,Internet Retail | Software - Infrastructure,32,0.40103530156388406,0.10362533079764688,0.1760578133089296
INTU,PANW,0.4669264791890401,Software - Application,Software - Infrastructure,False,Software - Application | Software - Infrastructure,88,0.44604471826504427,0.11960087660893035,0.1745953835461826
NVDA,PANW,0.41622658817521435,Semiconductors,Software - Infrastructure,False,Semiconductors | Software - Infrastructure,112,0.4023716807220102,0.08039051664859634,0.17234504803305156
ADSK,CRWD,0.46514860262303104,Software - Application,Software - Infrastructure,False,Software - Application | Software - Infrastructure,88,0.44604471826504427,0.11960087660893035,0.15973030382086947
ADBE,AMD,0.43137541361608744,Software - Application,Semiconductors,False,Semiconductors | Software - Application,154,0.4171952075502096,0.08930751032179002,0.15877954737271432
MSFT,TEAM,0.46452178298272156,Software - Infrastructure,Software - Application,False,Software - Application | Software - Infrastructure,88,0.44604471826504427,0.11960087660893035,0.1544893753420671
CRWD,INTU,0.4638922144176608,Software - Infrastructure,Software - Application,False,Software - Application | Software - Infrastructure,88,0.44604471826504427,0.11960087660893035,0.1492254627110644
CDNS,SBUX,0.40680514219635083,Software - Application,Restaurants,False,Restaurants | Software - Application,11,0.394990718182826,0.07951704151048114,0.14857725827195897
CSGP,PAYX,0.4504816771935265,Real Estate Services,Software - Application,False,Real Estate Services | Software - Application,11,0.4405009535366442,0.06787853059000569,0.14703800406592535
MU,PCAR,0.411884011762057,Semiconductors,Farm & Heavy Construction Machinery,False,Farm & Heavy Construction Machinery | Semiconductors,14,0.3999394382732184,0.08185529179140964,0.14592304574854842
DDOG,SNPS,0.46319435911916057,Software - Application,Software - Infrastructure,False,Software - Application | Software - Infrastructure,88,0.44604471826504427,0.11960087660893035,0.1433905949551859
ISRG,MRVL,0.45414908122760456,Medical Instruments & Supplies,Semiconductors,False,Medical Instruments & Supplies | Semiconductors,14,0.44608982499047123,0.06045782891938695,0.13330376530522375
AVGO,CTAS,0.42364932059778126,Semiconductors,Specialty Business Services,False,Semiconductors | Specialty Business Services,28,0.4142784860155668,0.07168766826960327,0.1307175251812148
LRCX,MELI,0.4242894812288736,Semiconductor Equipment & Materials,Internet Retail,False,Internet Retail | Semiconductor Equipment & Materials,16,0.41496837658240493,0.07239378144168498,0.12875559835173225
HON,QCOM,0.4220361729642717,Conglomerates,Semiconductors,False,Conglomerates | Semiconductors,14,0.41108724377867284,0.08515022033845984,0.12858368589157435
AAPL,ADP,0.4894936226397831,Consumer Electronics,Software - Application,False,Consumer Electronics | Software - Application,11,0.4783891995682698,0.08693881980099943,0.12772686697301605
MRVL,WDAY,0.4281726648523647,Semiconductors,Software - Application,False,Semiconductors | Software - Application,154,0.4171952075502096,0.08930751032179002,0.12291751570054381
ADBE,PANW,0.46041337348578837,Software - Application,Software - Infrastructure,False,Software - Application | Software - Infrastructure,88,0.44604471826504427,0.11960087660893035,0.12013837714356033
MRVL,PLTR,0.4114095194079548,Semiconductors,Software - Infrastructure,False,Semiconductors | Software - Infrastructure,112,0.4023716807220102,0.08039051664859634,0.1124241896024984
APP,LRCX,0.40548529844316267,Advertising Agencies,Semiconductor Equipment & Materials,False,Advertising Agencies | Semiconductor Equipment & Materials,8,0.40419956931779916,0.011570850054542673,0.1111179489236176
ADP,SNPS,0.45920773813338306,Software - Application,Software - Infrastructure,False,Software - Application | Software - Infrastructure,88,0.44604471826504427,0.11960087660893035,0.11005788788136635
AVGO,CRWD,0.4111122209118556,Semiconductors,Software - Infrastructure,False,Semiconductors | Software - Infrastructure,112,0.4023716807220102,0.08039051664859634,0.10872601090564145
CSCO,INTC,0.44677942544558025,Communication Equipment,Semiconductors,False,Communication Equipment | Semiconductors,14,0.4400063908579641,0.06616208379898228,0.10237033356135494
AMZN,PANW,0.41146045737381803,Internet Retail,Software - Infrastructure,False,Internet Retail | Software - Infrastructure,32,0.40103530156388406,0.10362533079764688,0.10060431874800545
ABNB,ADBE,0.4018507138089947,Travel Services,Software - Application,False,Software - Application | Travel Services,22,0.39549019557463,0.06414283424811372,0.09916178960476357
DASH,LRCX,0.4219954225958742,Internet Retail,Semiconductor Equipment & Materials,False,Internet Retail | Semiconductor Equipment & Materials,16,0.41496837658240493,0.07239378144168498,0.09706698384210977
DASH,META,0.44827776369985883,Internet Retail,Internet Content & Information,False,Internet Content & Information | Internet Retail,8,0.4351906787014061,0.1365681030357765,0.09582826961449656
GFS,PCAR,0.40760135261991354,Semiconductors,Farm & Heavy Construction Machinery,False,Farm & Heavy Construction Machinery | Semiconductors,14,0.3999394382732184,0.08185529179140964,0.09360316454823571
ADBE,MU,0.4254197949120486,Software - Application,Semiconductors,False,Semiconductors | Software - Application,154,0.4171952075502096,0.08930751032179002,0.09209289713938316
META,TXN,0.44634200178801864,Internet Content & Information,Semiconductors,False,Internet Content & Information | Semiconductors,28,0.4414689764224611,0.05461482573337097,0.08922532114901585
ADSK,INTC,0.4251434373932229,Software - Application,Semiconductors,False,Semiconductors | Software - Application,154,0.4171952075502096,0.08930751032179002,0.08899844833177509
AAPL,PAYX,0.48602588623944437,Consumer Electronics,Software - Application,False,Consumer Electronics | Software - Application,11,0.4783891995682698,0.08693881980099943,0.08783977846323116
CSCO,MU,0.4457903652686778,Communication Equipment,Semiconductors,False,Communication Equipment | Semiconductors,14,0.4400063908579641,0.06616208379898228,0.08742128540399269
ASML,FTNT,0.4543550819700961,Semiconductor Equipment & Materials,Software - Infrastructure,False,Semiconductor Equipment & Materials | Software - Infrastructure,32,0.44627583026458023,0.09354188387301644,0.08637041901447591
FTNT,ON,0.40924512110930944,Software - Infrastructure,Semiconductors,False,Semiconductors | Software - Infrastructure,112,0.4023716807220102,0.08039051664859634,0.08550063706325578
FTNT,NXPI,0.40921637404854394,Software - Infrastructure,Semiconductors,False,Semiconductors | Software - Infrastructure,112,0.4023716807220102,0.08039051664859634,0.08514304437740255
ADBE,FAST,0.40677229136257076,Software - Application,Industrial Distribution,False,Industrial Distribution | Software - Application,11,0.39665884152833547,0.12131974637681146,0.08336194342859532
ABNB,QCOM,0.41824353807657455,Travel Services,Semiconductors,False,Semiconductors | Travel Services,28,0.4139912451614435,0.0513204791551286,0.08285762302174704
CSCO,NXPI,0.4454841658187475,Communication Equipment,Semiconductors,False,Communication Equipment | Semiconductors,14,0.4400063908579641,0.06616208379898228,0.08279326536066037
PAYX,SNPS,0.4557110788230132,Software - Application,Software - Infrastructure,False,Software - Application | Software - Infrastructure,88,0.44604471826504427,0.11960087660893035,0.08082182030802244
AMD,INTU,0.42430488912690956,Semiconductors,Software - Application,False,Semiconductors | Software - Application,154,0.4171952075502096,0.08930751032179002,0.07960899985995089
GOOGL,MELI,0.4460328306054509,Internet Content & Information,Internet Retail,False,Internet Content & Information | Internet Retail,8,0.4351906787014061,0.1365681030357765,0.07939007471755324
CDNS,CTSH,0.45118629222236634,Software - Application,Information Technology Services,False,Information Technology Services | Software - Application,22,0.4435609827687388,0.09780242809593596,0.07796646363572651
ISRG,ROP,0.4888582558259114,Medical Instruments & Supplies,Software - Application,False,Medical Instruments & Supplies | Software - Application,11,0.48273408660387457,0.0786537350942751,0.07786240811954269
CCEP,EXC,0.40222481090164497,Beverages - Non-Alcoholic,Utilities - Regulated Electric,False,Beverages - Non-Alcoholic | Utilities - Regulated Electric,12,0.3935537637754609,0.11319263264626787,0.07660434185042296
AVGO,FTNT,0.4084688392422456,Semiconductors,Software - Infrastructure,False,Semiconductors | Software - Infrastructure,112,0.4023716807220102,0.08039051664859634,0.07584425096914539
AVGO,BKNG,0.417708749642876,Semiconductors,Travel Services,False,Semiconductors | Travel Services,28,0.4139912451614435,0.0513204791551286,0.07243705714818999
AAPL,FTNT,0.45457527258889113,Consumer Electronics,Software - Infrastructure,False,Consumer Electronics | Software - Infrastructure,8,0.447322752296827,0.10979752787986131,0.06605358455793035
FTNT,MRVL,0.4076110844579263,Software - Infrastructure,Semiconductors,False,Semiconductors | Software - Infrastructure,112,0.4023716807220102,0.08039051664859634,0.06517440059277962
PCAR,QCOM,0.40526335709181327,Farm & Heavy Construction Machinery,Semiconductors,False,Farm & Heavy Construction Machinery | Semiconductors,14,0.3999394382732184,0.08185529179140964,0.065040618658617
ADSK,PANW,0.4536935172682646,Software - Application,Software - Infrastructure,False,Software - Application | Software - Infrastructure,88,0.44604471826504427,0.11960087660893035,0.06395270018154058
MELI,PLTR,0.4075794275537886,Internet Retail,Software - Infrastructure,False,Internet Retail | Software - Infrastructure,32,0.40103530156388406,0.10362533079764688,0.06315179830579766
DDOG,PANW,0.45328125856487517,Software - Application,Software - Infrastructure,False,Software - Application | Software - Infrastructure,88,0.44604471826504427,0.11960087660893035,0.06050574632068005
QCOM,ROP,0.42255837285848585,Semiconductors,Software - Application,False,Semiconductors | Software - Application,154,0.4171952075502096,0.08930751032179002,0.060052791629190555
AVGO,LIN,0.40318779027164564,Semiconductors,Specialty Chemicals,False,Semiconductors | Specialty Chemicals,14,0.3985133553154358,0.08228560127558586,0.05680744727810288
DASH,KLAC,0.41902193816633554,Internet Retail,Semiconductor Equipment & Materials,False,Internet Retail | Semiconductor Equipment & Materials,16,0.41496837658240493,0.07239378144168498,0.055993229020587294
NXPI,PAYX,0.4219802769450142,Semiconductors,Software - Application,False,Semiconductors | Software - Application,154,0.4171952075502096,0.08930751032179002,0.05357969758157177
CPRT,WDAY,0.46758178830953834,Specialty Business Services,Software - Application,False,Software - Application | Specialty Business Services,22,0.4618053622934238,0.10938767602173549,0.05280691780093007
HON,INTC,0.4154386922135629,Conglomerates,Semiconductors,False,Conglomerates | Semiconductors,14,0.41108724377867284,0.08515022033845984,0.05110319641679926
GOOGL,ROP,0.44904317044122194,Internet Content & Information,Software - Application,False,Internet Content & Information | Software - Application,22,0.44486214300582,0.08444614561440301,0.049511169574195824
INTC,LIN,0.4024938409897638,Semiconductors,Specialty Chemicals,False,Semiconductors | Specialty Chemicals,14,0.3985133553154358,0.08228560127558586,0.0483740242839913
CDNS,CTAS,0.4668937465803726,Software - Application,Specialty Business Services,False,Software - Application | Specialty Business Services,22,0.4618053622934238,0.10938767602173549,0.04651697953558982
ADBE,CRWD,0.451388398296447,Software - Application,Software - Infrastructure,False,Software - Application | Software - Infrastructure,88,0.44604471826504427,0.11960087660893035,0.044679271447779084
ADBE,LIN,0.4345321781559499,Software - Application,Specialty Chemicals,False,Software - Application | Specialty Chemicals,11,0.4297054203134951,0.12582570579829272,0.03836066574657179
MDB,PYPL,0.4542114597711566,Software - Infrastructure,Credit Services,False,Credit Services | Software - Infrastructure,8,0.4521045926374104,0.05972049820054036,0.03527879366765205
AVGO,HON,0.41362920623493565,Semiconductors,Conglomerates,False,Conglomerates | Semiconductors,14,0.41108724377867284,0.08515022033845984,0.029852682073620948
CDNS,PANW,0.4495236454858518,Software - Application,Software - Infrastructure,False,Software - Application | Software - Infrastructure,88,0.44604471826504427,0.11960087660893035,0.02908780704160608
CDNS,HON,0.4240042908222531,Software - Application,Conglomerates,False,Conglomerates | Software - Application,11,0.41998057111576675,0.15349082642819556,0.026214724359235136
CSCO,MRVL,0.4416654989813445,Communication Equipment,Semiconductors,False,Communication Equipment | Semiconductors,14,0.4400063908579641,0.06616208379898228,0.025076418820501274
NXPI,ROP,0.4188905576577997,Semiconductors,Software - Application,False,Semiconductors | Software - Application,154,0.4171952075502096,0.08930751032179002,0.018983287088414576
AMD,ZS,0.40377554555072553,Semiconductors,Software - Infrastructure,False,Semiconductors | Software - Infrastructure,112,0.4023716807220102,0.08039051664859634,0.01746306513804279
AVGO,META,0.4424002178179916,Semiconductors,Internet Content & Information,False,Internet Content & Information | Semiconductors,28,0.4414689764224611,0.05461482573337097,0.01705107327590562
CSCO,ON,0.44104228767418574,Communication Equipment,Semiconductors,False,Communication Equipment | Semiconductors,14,0.4400063908579641,0.06616208379898228,0.015656955717551945
ASML,WDAY,0.47310224317095184,Semiconductor Equipment & Materials,Software - Application,False,Semiconductor Equipment & Materials | Software - Application,44,0.47194797702980473,0.08619738695747631,0.013390964411908938
ADSK,VRSK,0.442225047568779,Software - Application,Consulting Services,False,Consulting Services | Software - Application,11,0.44053225794076223,0.1414625075520609,0.011966348238198723
ADBE,CTAS,0.4629998301518081,Software - Application,Specialty Business Services,False,Software - Application | Specialty Business Services,22,0.4618053622934238,0.10938767602173549,0.010919583465206793
CDNS,VRSK,0.44193797755912334,Software - Application,Consulting Services,False,Consulting Services | Software - Application,11,0.44053225794076223,0.1414625075520609,0.009937047226762754
IDXX,ROP,0.4378915180443912,Diagnostics & Research,Software - Application,False,Diagnostics & Research | Software - Application,11,0.43720399286196565,0.07687937576977627,0.008942907971630921
AVGO,PYPL,0.42741599628765303,Semiconductors,Credit Services,False,Credit Services | Semiconductors,14,0.4273311814589394,0.07559182617748725,0.0011220105797483885
FTNT,GOOGL,0.4288602652220273,Software - Infrastructure,Internet Content & Information,False,Internet Content & Information | Software - Infrastructure,16,0.4288852165405605,0.10141277106130255,-0.0002460372423716969
ADP,ON,0.41699349842067335,Software - Application,Semiconductors,False,Semiconductors | Software - Application,154,0.4171952075502096,0.08930751032179002,-0.002258590893525897
AVGO,WDAY,0.4169459422040564,Semiconductors,Software - Application,False,Semiconductors | Software - Application,154,0.4171952075502096,0.08930751032179002,-0.0027910905281657798
GFS,WDAY,0.4165915043974114,Semiconductors,Software - Application,False,Semiconductors | Software - Application,154,0.4171952075502096,0.08930751032179002,-0.006759825132544679
APP,ASML,0.4041049713170072,Advertising Agencies,Semiconductor Equipment & Materials,False,Advertising Agencies | Semiconductor Equipment & Materials,8,0.40419956931779916,0.011570850054542673,-0.00817554460960628
CSCO,QCOM,0.4391441128655463,Communication Equipment,Semiconductors,False,Communication Equipment | Semiconductors,14,0.4400063908579641,0.06616208379898228,-0.013032811890231014
AMD,MDB,0.4007406151895973,Semiconductors,Software - Infrastructure,False,Semiconductors | Software - Infrastructure,112,0.4023716807220102,0.08039051664859634,-0.020289277895085625
CTSH,ON,0.4505650245061208,Information Technology Services,Semiconductors,False,Information Technology Services | Semiconductors,28,0.4537989250016207,0.08056319126086506,-0.04014116676471396
MAR,MU,0.4099060013332104,Lodging,Semiconductors,False,Lodging | Semiconductors,14,0.4130677668597299,0.0733087350022406,-0.043129451441534794
APP,MDB,0.410026812673205,Advertising Agencies,Software - Infrastructure,False,Advertising Agencies | Software - Infrastructure,16,0.4123923240237502,0.04339673942878491,-0.05450896499786699
BKNG,MU,0.4111331810345348,Travel Services,Semiconductors,False,Semiconductors | Travel Services,28,0.4139912451614435,0.0513204791551286,-0.05569051914479417
CPRT,LRCX,0.4786871386745731,Specialty Business Services,Semiconductor Equipment & Materials,False,Semiconductor Equipment & Materials | Specialty Business Services,8,0.47960460960720336,0.013965092613431795,-0.06569744705794843
CPRT,MRVL,0.40950719996117896,Specialty Business Services,Semiconductors,False,Semiconductors | Specialty Business Services,28,0.4142784860155668,0.07168766826960327,-0.06655658036531467
ISRG,WDAY,0.47716439397743077,Medical Instruments & Supplies,Software - Application,False,Medical Instruments & Supplies | Software - Application,11,0.48273408660387457,0.0786537350942751,-0.07081281797702188
GFS,HON,0.40461274167224653,Semiconductors,Conglomerates,False,Conglomerates | Semiconductors,14,0.41108724377867284,0.08515022033845984,-0.07603623432436338
AAPL,WDAY,0.47153401578163917,Consumer Electronics,Software - Application,False,Consumer Electronics | Software - Application,11,0.4783891995682698,0.08693881980099943,-0.07885066535664924
AMAT,DASH,0.4091498552133655,Semiconductor Equipment & Materials,Internet Retail,False,Internet Retail | Semiconductor Equipment & Materials,16,0.41496837658240493,0.07239378144168498,-0.08037322064363217
ISRG,MU,0.44074931044581256,Medical Instruments & Supplies,Semiconductors,False,Medical Instruments & Supplies | Semiconductors,14,0.44608982499047123,0.06045782891938695,-0.08833454062301158
AMD,DDOG,0.4091422399284696,Semiconductors,Software - Application,False,Semiconductors | Software - Application,154,0.4171952075502096,0.08930751032179002,-0.09017122516039038
META,WDAY,0.4370849180651637,Internet Content & Information,Software - Application,False,Internet Content & Information | Software - Application,22,0.44486214300582,0.08444614561440301,-0.09209686107129832
ADBE,HON,0.40518309510494405,Software - Application,Conglomerates,False,Conglomerates | Software - Application,11,0.41998057111576675,0.15349082642819556,-0.09640625668104735
KLAC,ROP,0.46332999011674736,Semiconductor Equipment & Materials,Software - Application,False,Semiconductor Equipment & Materials | Software - Application,44,0.47194797702980473,0.08619738695747631,-0.09997967707894531
ADBE,INTC,0.40826333719167895,Software - Application,Semiconductors,False,Semiconductors | Software - Application,154,0.4171952075502096,0.08930751032179002,-0.10001253339554113
PLTR,TTD,0.4079783109993149,Software - Infrastructure,Advertising Agencies,False,Advertising Agencies | Software - Infrastructure,16,0.4123923240237502,0.04339673942878491,-0.10171301075922497
DDOG,FTNT,0.43349015771394195,Software - Application,Software - Infrastructure,False,Software - Application | Software - Infrastructure,88,0.44604471826504427,0.11960087660893035,-0.10497047268435239
FTNT,TEAM,0.4334392066711195,Software - Infrastructure,Software - Application,False,Software - Application | Software - Infrastructure,88,0.44604471826504427,0.11960087660893035,-0.10539648162564998
CDW,MRVL,0.44508230243720903,Information Technology Services,Semiconductors,False,Information Technology Services | Semiconductors,28,0.4537989250016207,0.08056319126086506,-0.10819609337702514
META,MRVL,0.4355384907002568,Internet Content & Information,Semiconductors,False,Internet Content & Information | Semiconductors,28,0.4414689764224611,0.05461482573337097,-0.10858746947498933
PAYX,QCOM,0.40639635005783353,Software - Application,Semiconductors,False,Semiconductors | Software - Application,154,0.4171952075502096,0.08930751032179002,-0.12091768602064905
CSCO,NVDA,0.43196484449867434,Communication Equipment,Semiconductors,False,Communication Equipment | Semiconductors,14,0.4400063908579641,0.06616208379898228,-0.12154312406063414
AVGO,CPRT,0.40555562723535626,Semiconductors,Specialty Business Services,False,Semiconductors | Specialty Business Services,28,0.4142784860155668,0.07168766826960327,-0.12167865116501768
MELI,META,0.4184402459826783,Internet Retail,Internet Content & Information,False,Internet Content & Information | Internet Retail,8,0.4351906787014061,0.1365681030357765,-0.12265259856717568
CTSH,GFS,0.44370795123158435,Information Technology Services,Semiconductors,False,Information Technology Services | Semiconductors,28,0.4537989250016207,0.08056319126086506,-0.1252553878775931
CDW,WDAY,0.43109506396334435,Information Technology Services,Software - Application,False,Information Technology Services | Software - Application,22,0.4435609827687388,0.09780242809593596,-0.1274602179934267
ISRG,QCOM,0.4380718809746994,Medical Instruments & Supplies,Semiconductors,False,Medical Instruments & Supplies | Semiconductors,14,0.44608982499047123,0.06045782891938695,-0.1326204423659137
GFS,PYPL,0.41707007668254525,Semiconductors,Credit Services,False,Credit Services | Semiconductors,14,0.4273311814589394,0.07559182617748725,-0.1357435756651967
INTC,ODFL,0.4039730167708991,Semiconductors,Trucking,False,Semiconductors | Trucking,14,0.41347978205775104,0.06783829814661756,-0.14013861707298697
ADP,QCOM,0.404438157771901,Software - Application,Semiconductors,False,Semiconductors | Software - Application,154,0.4171952075502096,0.08930751032179002,-0.14284408704646231
ADP,INTC,0.4032792644685599,Software - Application,Semiconductors,False,Semiconductors | Software - Application,154,0.4171952075502096,0.08930751032179002,-0.15582052429306606
ON,ROP,0.40326392445624365,Semiconductors,Software - Application,False,Semiconductors | Software - Application,154,0.4171952075502096,0.08930751032179002,-0.15599229050019647
KLAC,PAYX,0.45831700778943985,Semiconductor Equipment & Materials,Software - Application,False,Semiconductor Equipment & Materials | Software - Application,44,0.47194797702980473,0.08619738695747631,-0.15813668745073958
AAPL,GFS,0.49199438793615147,Consumer Electronics,Semiconductors,False,Consumer Electronics | Semiconductors,14,0.5026104013256079,0.06712200272920486,-0.15815996182779796
LRCX,WDAY,0.4582952448526695,Semiconductor Equipment & Materials,Software - Application,False,Semiconductor Equipment & Materials | Software - Application,44,0.47194797702980473,0.08619738695747631,-0.15838916536844144
AMAT,WDAY,0.457965735857647,Semiconductor Equipment & Materials,Software - Application,False,Semiconductor Equipment & Materials | Software - Application,44,0.47194797702980473,0.08619738695747631,-0.16221189140055473
AVGO,ROP,0.4026347176533659,Semiconductors,Software - Application,False,Semiconductors | Software - Application,154,0.4171952075502096,0.08930751032179002,-0.16303768680125355
ADSK,PLTR,0.42531922859020793,Software - Application,Software - Infrastructure,False,Software - Application | Software - Infrastructure,88,0.44604471826504427,0.11960087660893035,-0.17328877732731277
ADP,KLAC,0.45698521715164264,Software - Application,Semiconductor Equipment & Materials,False,Semiconductor Equipment & Materials | Software - Application,44,0.47194797702980473,0.08619738695747631,-0.17358716321114998
CTAS,QCOM,0.40165509056929766,Specialty Business Services,Semiconductors,False,Semiconductors | Specialty Business Services,28,0.4142784860155668,0.07168766826960327,-0.17608879952399978
FTNT,KLAC,0.42957525149089,Software - Infrastructure,Semiconductor Equipment & Materials,False,Semiconductor Equipment & Materials | Software - Infrastructure,32,0.44627583026458023,0.09354188387301644,-0.17853583958562733
LRCX,TTD,0.40206418801221894,Semiconductor Equipment & Materials,Advertising Agencies,False,Advertising Agencies | Semiconductor Equipment & Materials,8,0.40419956931779916,0.011570850054542673,-0.18454835172130477
ADP,AVGO,0.4003967731049526,Software - Application,Semiconductors,False,Semiconductors | Software - Application,154,0.4171952075502096,0.08930751032179002,-0.18809654848432605
CTAS,MU,0.4001777420512417,Specialty Business Services,Semiconductors,False,Semiconductors | Specialty Business Services,28,0.4142784860155668,0.07168766826960327,-0.19669692577104075
DDOG,PLTR,0.42077962795285145,Software - Application,Software - Infrastructure,False,Software - Application | Software - Infrastructure,88,0.44604471826504427,0.11960087660893035,-0.21124502619495286
CDW,NVDA,0.436159750462159,Information Technology Services,Semiconductors,False,Information Technology Services | Semiconductors,28,0.4537989250016207,0.08056319126086506,-0.21894830956169262
CSCO,WDAY,0.40122376461396714,Communication Equipment,Software - Application,False,Communication Equipment | Software - Application,11,0.4294731321474776,0.12469280075159163,-0.22655171239426905
CTSH,WDAY,0.4209536560111434,Information Technology Services,Software - Application,False,Information Technology Services | Software - Application,22,0.4435609827687388,0.09780242809593596,-0.23115302143030156
VRSK,WDAY,0.4074202103525575,Consulting Services,Software - Application,False,Consulting Services | Software - Application,11,0.44053225794076223,0.1414625075520609,-0.23406942349031154
AMAT,FTNT,0.42435611889952274,Semiconductor Equipment & Materials,Software - Infrastructure,False,Semiconductor Equipment & Materials | Software - Infrastructure,32,0.44627583026458023,0.09354188387301644,-0.2343304459723476
AMAT,ROP,0.45163485968335937,Semiconductor Equipment & Materials,Software - Application,False,Semiconductor Equipment & Materials | Software - Application,44,0.47194797702980473,0.08619738695747631,-0.2356581569748329
IDXX,WDAY,0.4188974508653461,Diagnostics & Research,Software - Application,False,Diagnostics & Research | Software - Application,11,0.43720399286196565,0.07687937576977627,-0.23812032568319133
LRCX,ROP,0.4513690701080549,Semiconductor Equipment & Materials,Software - Application,False,Semiconductor Equipment & Materials | Software - Application,44,0.47194797702980473,0.08619738695747631,-0.23874165619315152
FTNT,LRCX,0.42335398204321245,Software - Infrastructure,Semiconductor Equipment & Materials,False,Semiconductor Equipment & Materials | Software - Infrastructure,32,0.44627583026458023,0.09354188387301644,-0.24504368815667962
PANW,TEAM,0.4163190286368322,Software - Infrastructure,Software - Application,False,Software - Application | Software - Infrastructure,88,0.44604471826504427,0.11960087660893035,-0.2485407337390079
BKNG,NVDA,0.40084224233216076,Travel Services,Semiconductors,False,Semiconductors | Travel Services,28,0.4139912451614435,0.0513204791551286,-0.25621356319641264
CDNS,PLTR,0.4151554011527457,Software - Application,Software - Infrastructure,False,Software - Application | Software - Infrastructure,88,0.44604471826504427,0.11960087660893035,-0.2582699892183913
CTSH,QCOM,0.4324859324227738,Information Technology Services,Semiconductors,False,Information Technology Services | Semiconductors,28,0.4537989250016207,0.08056319126086506,-0.2645500041059085
ISRG,PANW,0.4168313063441888,Medical Instruments & Supplies,Software - Infrastructure,False,Medical Instruments & Supplies | Software - Infrastructure,8,0.4394648909972784,0.08491416996353794,-0.26654661598657164
ASML,CPRT,0.4758757602335204,Semiconductor Equipment & Materials,Specialty Business Services,False,Semiconductor Equipment & Materials | Specialty Business Services,8,0.47960460960720336,0.013965092613431795,-0.2670121478533196
ADP,LRCX,0.44815749843135505,Software - Application,Semiconductor Equipment & Materials,False,Semiconductor Equipment & Materials | Software - Application,44,0.47194797702980473,0.08619738695747631,-0.2759999976587019
ASML,CRWD,0.42015533950273065,Semiconductor Equipment & Materials,Software - Infrastructure,False,Semiconductor Equipment & Materials | Software - Infrastructure,32,0.44627583026458023,0.09354188387301644,-0.2792384510590814
META,NXPI,0.42611908910770385,Internet Content & Information,Semiconductors,False,Internet Content & Information | Semiconductors,28,0.4414689764224611,0.05461482573337097,-0.28105715084939065
LRCX,PAYX,0.4473105507256523,Semiconductor Equipment & Materials,Software - Application,False,Semiconductor Equipment & Materials | Software - Application,44,0.47194797702980473,0.08619738695747631,-0.2858256749280208
ASML,MDB,0.41838485794163455,Semiconductor Equipment & Materials,Software - Infrastructure,False,Semiconductor Equipment & Materials | Software - Infrastructure,32,0.44627583026458023,0.09354188387301644,-0.2981656041993746
MU,PYPL,0.40424173425414844,Semiconductors,Credit Services,False,Credit Services | Semiconductors,14,0.4273311814589394,0.07559182617748725,-0.30544899326254726
KLAC,WDAY,0.4452896134480048,Semiconductor Equipment & Materials,Software - Application,False,Semiconductor Equipment & Materials | Software - Application,44,0.47194797702980473,0.08619738695747631,-0.3092711336476048
ADP,AMAT,0.44477396956386744,Software - Application,Semiconductor Equipment & Materials,False,Semiconductor Equipment & Materials | Software - Application,44,0.47194797702980473,0.08619738695747631,-0.31525326259997904
PYPL,ZS,0.43222606798366475,Credit Services,Software - Infrastructure,False,Credit Services | Software - Infrastructure,8,0.4521045926374104,0.05972049820054036,-0.3328593238956898
INTU,PLTR,0.4046638731928278,Software - Application,Software - Infrastructure,False,Software - Application | Software - Infrastructure,88,0.44604471826504427,0.11960087660893035,-0.3459911519505254
PYPL,TEAM,0.4581013088908067,Credit Services,Software - Application,False,Credit Services | Software - Application,11,0.4806648586187999,0.0649031615691409,-0.34764947011027164
AMAT,PAYX,0.44187284355025114,Semiconductor Equipment & Materials,Software - Application,False,Semiconductor Equipment & Materials | Software - Application,44,0.47194797702980473,0.08619738695747631,-0.3489100370802486
AMAT,CTAS,0.4747237120841317,Semiconductor Equipment & Materials,Specialty Business Services,False,Semiconductor Equipment & Materials | Specialty Business Services,8,0.47960460960720336,0.013965092613431795,-0.34950699276975294
CTAS,WDAY,0.42355412065277903,Specialty Business Services,Software - Application,False,Software - Application | Specialty Business Services,22,0.4618053622934238,0.10938767602173549,-0.34968511108183864
GOOGL,INTC,0.42223690858271123,Internet Content & Information,Semiconductors,False,Internet Content & Information | Semiconductors,28,0.4414689764224611,0.05461482573337097,-0.35214005687101535
ISRG,MDB,0.4094873987414429,Medical Instruments & Supplies,Software - Infrastructure,False,Medical Instruments & Supplies | Software - Infrastructure,8,0.4394648909972784,0.08491416996353794,-0.3530328597536526
CDW,INTC,0.42434910715123675,Information Technology Services,Semiconductors,False,Information Technology Services | Semiconductors,28,0.4537989250016207,0.08056319126086506,-0.3655492960181398
AAPL,MRVL,0.47628357163910806,Consumer Electronics,Semiconductors,False,Consumer Electronics | Semiconductors,14,0.5026104013256079,0.06712200272920486,-0.3922235424457167
META,ON,0.41832126119576013,Internet Content & Information,Semiconductors,False,Internet Content & Information | Semiconductors,28,0.4414689764224611,0.05461482573337097,-0.4238357426920643
CSGP,TEAM,0.4115999103703649,Real Estate Services,Software - Application,False,Real Estate Services | Software - Application,11,0.4405009535366442,0.06787853059000569,-0.42577591051351693
AAPL,PANW,0.4001148749424186,Consumer Electronics,Software - Infrastructure,False,Consumer Electronics | Software - Infrastructure,8,0.447322752296827,0.10979752787986131,-0.4299539185077327
ADP,ASML,0.4346962984589719,Software - Application,Semiconductor Equipment & Materials,False,Semiconductor Equipment & Materials | Software - Application,44,0.47194797702980473,0.08619738695747631,-0.43216714433826375
ADP,PYPL,0.45184994977142395,Software - Application,Credit Services,False,Credit Services | Software - Application,11,0.4806648586187999,0.0649031615691409,-0.4439677228462837
AMD,GOOGL,0.4169902967706799,Semiconductors,Internet Content & Information,False,Internet Content & Information | Semiconductors,28,0.4414689764224611,0.05461482573337097,-0.44820576323516725
ASML,PANW,0.4041679278597937,Semiconductor Equipment & Materials,Software - Infrastructure,False,Semiconductor Equipment & Materials | Software - Infrastructure,32,0.44627583026458023,0.09354188387301644,-0.4501502499345447
ASML,ROP,0.43273829879307424,Semiconductor Equipment & Materials,Software - Application,False,Semiconductor Equipment & Materials | Software - Application,44,0.47194797702980473,0.08619738695747631,-0.45488244621700397
CRWD,KLAC,0.4018217126697743,Software - Infrastructure,Semiconductor Equipment & Materials,False,Semiconductor Equipment & Materials | Software - Infrastructure,32,0.44627583026458023,0.09354188387301644,-0.47523222490529077
GFS,GOOGL,0.4153809684547714,Semiconductors,Internet Content & Information,False,Internet Content & Information | Semiconductors,28,0.4414689764224611,0.05461482573337097,-0.47767263956953865
AMAT,CRWD,0.4010954972065465,Semiconductor Equipment & Materials,Software - Infrastructure,False,Semiconductor Equipment & Materials | Software - Infrastructure,32,0.44627583026458023,0.09354188387301644,-0.48299575748726875
PAYX,PYPL,0.4493125554300968,Software - Application,Credit Services,False,Credit Services | Software - Application,11,0.4806648586187999,0.0649031615691409,-0.483062803578585
CRWD,PYPL,0.42305626065974206,Software - Infrastructure,Credit Services,False,Credit Services | Software - Infrastructure,8,0.4521045926374104,0.05972049820054036,-0.48640471618512865
DDOG,GOOGL,0.4031309950176125,Software - Application,Internet Content & Information,False,Internet Content & Information | Software - Application,22,0.44486214300582,0.08444614561440301,-0.4941746918652718
AMAT,CPRT,0.47264369065224887,Semiconductor Equipment & Materials,Specialty Business Services,False,Semiconductor Equipment & Materials | Specialty Business Services,8,0.47960460960720336,0.013965092613431795,-0.4984513277240561
DDOG,PYPL,0.4473679683017672,Software - Application,Credit Services,False,Credit Services | Software - Application,11,0.4806648586187999,0.0649031615691409,-0.5130241657266833
ASML,META,0.4868546843547309,Semiconductor Equipment & Materials,Internet Content & Information,False,Internet Content & Information | Semiconductor Equipment & Materials,8,0.5080886389758623,0.03788436702118367,-0.5604938472182499
AVGO,CTSH,0.4080107163018022,Semiconductors,Information Technology Services,False,Information Technology Services | Semiconductors,28,0.4537989250016207,0.08056319126086506,-0.5683514764398482
PANW,PYPL,0.41609061573302214,Software - Infrastructure,Credit Services,False,Credit Services | Software - Infrastructure,8,0.4521045926374104,0.05972049820054036,-0.6030421377841482
CTSH,INTC,0.4039758095141677,Information Technology Services,Semiconductors,False,Information Technology Services | Semiconductors,28,0.4537989250016207,0.08056319126086506,-0.618435227151378
CTSH,LRCX,0.466456538779061,Information Technology Services,Semiconductor Equipment & Materials,False,Information Technology Services | Semiconductor Equipment & Materials,8,0.4932093853262566,0.041955727568624555,-0.6376446816096201
META,QCOM,0.4066053274249769,Internet Content & Information,Semiconductors,False,Internet Content & Information | Semiconductors,28,0.4414689764224611,0.05461482573337097,-0.6383550350904379
CTSH,MU,0.4007256562340658,Information Technology Services,Semiconductors,False,Information Technology Services | Semiconductors,28,0.4537989250016207,0.08056319126086506,-0.6587781334989911
META,MU,0.4048254123951005,Internet Content & Information,Semiconductors,False,Internet Content & Information | Semiconductors,28,0.4414689764224611,0.05461482573337097,-0.6709453620936939
DDOG,KLAC,0.41160480363531493,Software - Application,Semiconductor Equipment & Materials,False,Semiconductor Equipment & Materials | Software - Application,44,0.47194797702980473,0.08619738695747631,-0.7000580356833653
AMAT,CTSH,0.4637692338007176,Semiconductor Equipment & Materials,Information Technology Services,False,Information Technology Services | Semiconductor Equipment & Materials,8,0.4932093853262566,0.041955727568624555,-0.7016956499535235
AAPL,MU,0.4538096766531043,Consumer Electronics,Semiconductors,False,Consumer Electronics | Semiconductors,14,0.5026104013256079,0.06712200272920486,-0.7270451221395144
CTSH,KLAC,0.4622827008961633,Information Technology Services,Semiconductor Equipment & Materials,False,Information Technology Services | Semiconductor Equipment & Materials,8,0.4932093853262566,0.041955727568624555,-0.7371266385384043
ISRG,TEAM,0.4244217732936912,Medical Instruments & Supplies,Software - Application,False,Medical Instruments & Supplies | Software - Application,11,0.48273408660387457,0.0786537350942751,-0.7413800913623453
ASML,DDOG,0.4076004910451932,Semiconductor Equipment & Materials,Software - Application,False,Semiconductor Equipment & Materials | Software - Application,44,0.47194797702980473,0.08619738695747631,-0.7465131862565165
AAPL,INTC,0.4519699830579073,Consumer Electronics,Semiconductors,False,Consumer Electronics | Semiconductors,14,0.5026104013256079,0.06712200272920486,-0.754453326906869
ABNB,ASML,0.415849029262263,Travel Services,Semiconductor Equipment & Materials,False,Semiconductor Equipment & Materials | Travel Services,8,0.43764243027623373,0.028867485686464182,-0.7549462828413047
AAPL,DDOG,0.4071583428650066,Consumer Electronics,Software - Application,False,Consumer Electronics | Software - Application,11,0.4783891995682698,0.08693881980099943,-0.8193216432694704
ABNB,LRCX,0.4138762316289596,Travel Services,Semiconductor Equipment & Materials,False,Semiconductor Equipment & Materials | Travel Services,8,0.43764243027623373,0.028867485686464182,-0.8232860632686826
AAPL,AMD,0.4430176428850601,Consumer Electronics,Semiconductors,False,Consumer Electronics | Semiconductors,14,0.5026104013256079,0.06712200272920486,-0.8878274785835443
KLAC,META,0.47364403171582764,Semiconductor Equipment & Materials,Internet Content & Information,False,Internet Content & Information | Semiconductor Equipment & Materials,8,0.5080886389758623,0.03788436702118367,-0.9092037156322134
PYPL,ROP,0.42136131887457623,Credit Services,Software - Application,False,Credit Services | Software - Application,11,0.4806648586187999,0.0649031615691409,-0.9137234351988844
DDOG,ISRG,0.4107474251839747,Software - Application,Medical Instruments & Supplies,False,Medical Instruments & Supplies | Software - Application,11,0.48273408660387457,0.0786537350942751,-0.9152351294393833
LRCX,META,0.47110556259474123,Semiconductor Equipment & Materials,Internet Content & Information,False,Internet Content & Information | Semiconductor Equipment & Materials,8,0.5080886389758623,0.03788436702118367,-0.9762094311999825
ABNB,AMAT,0.40711242716996515,Travel Services,Semiconductor Equipment & Materials,False,Semiconductor Equipment & Materials | Travel Services,8,0.43764243027623373,0.028867485686464182,-1.0575913481991936
ABNB,KLAC,0.4065853315794254,Travel Services,Semiconductor Equipment & Materials,False,Semiconductor Equipment & Materials | Travel Services,8,0.43764243027623373,0.028867485686464182,-1.07585049263126
AMAT,META,0.46154113873360325,Semiconductor Equipment & Materials,Internet Content & Information,False,Internet Content & Information | Semiconductor Equipment & Materials,8,0.5080886389758623,0.03788436702118367,-1.2286730359314506
ASML,CTSH,0.43265438891686736,Semiconductor Equipment & Materials,Information Technology Services,False,Information Technology Services | Semiconductor Equipment & Materials,8,0.4932093853262566,0.041955727568624555,-1.4433070266828985
ASML,CTAS,0.45433651006666437,Semiconductor Equipment & Materials,Specialty Business Services,False,Semiconductor Equipment & Materials | Specialty Business Services,8,0.47960460960720336,0.013965092613431795,-1.8093757227385536
ARM,ASML,0.4969987184737288,Semiconductors,Semiconductor Equipment & Materials,False,Semiconductor Equipment & Materials | Semiconductors,56,0.6387487583948516,0.06691725587229705,-2.1182882960956206
